#-----------------------------------------------------------
# Vivado v2020.1 (64-bit)
# SW Build 2902540 on Wed May 27 19:54:49 MDT 2020
# IP Build 2902112 on Wed May 27 22:43:36 MDT 2020
# Start of session at: Mon Apr 14 12:47:07 2025
# Process ID: 16616
# Current directory: D:/Vivado Projects/RISCV Processor Task 3
# Command line: vivado.exe -gui_launcher_event rodinguilauncherevent9352 D:\Vivado Projects\RISCV Processor Task 3\project_1.xpr
# Log file: D:/Vivado Projects/RISCV Processor Task 3/vivado.log
# Journal file: D:/Vivado Projects/RISCV Processor Task 3\vivado.jou
#-----------------------------------------------------------
start_gui
open_project {D:/Vivado Projects/RISCV Processor Task 3/project_1.xpr}
INFO: [Project 1-313] Project file moved from 'C:/Users/Ayaan/OneDrive - Habib University/Desktop/HU Semester 4/CA - Waseem Hassaan/RISCV Processor Task 3' since last save.
Scanning sources...
Finished scanning sources
INFO: [IP_Flow 19-234] Refreshing IP repositories
INFO: [IP_Flow 19-1704] No user IP repositories specified
INFO: [IP_Flow 19-2313] Loaded Vivado IP repository 'C:/Xilinx/Vivado/2020.1/data/ip'.
update_compile_order -fileset sources_1
launch_simulation
ERROR: [Common 17-1293] The path 'D:/Vivado Projects/RISCV Processor Task 3/project_1.cache/wt' already exists, is a directory, but is not writable.
launch_simulation
ERROR: [Common 17-1293] The path 'D:/Vivado Projects/RISCV Processor Task 3/project_1.cache/wt' already exists, is a directory, but is not writable.
close_project
open_project {D:/Vivado Projects/RISCV Processor Task 3/project_1.xpr}
INFO: [Project 1-313] Project file moved from 'C:/Users/Ayaan/OneDrive - Habib University/Desktop/HU Semester 4/CA - Waseem Hassaan/RISCV Processor Task 3' since last save.
Scanning sources...
Finished scanning sources
INFO: [IP_Flow 19-234] Refreshing IP repositories
INFO: [IP_Flow 19-1704] No user IP repositories specified
INFO: [IP_Flow 19-2313] Loaded Vivado IP repository 'C:/Xilinx/Vivado/2020.1/data/ip'.
update_compile_order -fileset sources_1
reset_simulation
launch_simulation
Command: launch_simulation 
INFO: [Vivado 12-5682] Launching behavioral simulation in 'D:/Vivado Projects/RISCV Processor Task 3/project_1.sim/sim_1/behav/xsim'
INFO: [SIM-utils-51] Simulation object is 'sim_1'
INFO: [SIM-utils-54] Inspecting design source files for 'task3_tb' in fileset 'sim_1'...
INFO: [USF-XSim-97] Finding global include files...
INFO: [USF-XSim-98] Fetching design files from 'sim_1'...
INFO: [USF-XSim-2] XSim::Compile design
INFO: [USF-XSim-61] Executing 'COMPILE and ANALYZE' step in 'D:/Vivado Projects/RISCV Processor Task 3/project_1.sim/sim_1/behav/xsim'
"xvlog --incr --relax -prj task3_tb_vlog.prj"
INFO: [VRFC 10-2263] Analyzing Verilog file "D:/Vivado Projects/RISCV Processor Task 3/project_1.srcs/sources_1/new/ALU_64_bit.v" into library xil_defaultlib
INFO: [VRFC 10-311] analyzing module ALU_64_bit
INFO: [VRFC 10-2263] Analyzing Verilog file "D:/Vivado Projects/RISCV Processor Task 3/project_1.srcs/sources_1/new/ALU_Control.v" into library xil_defaultlib
INFO: [VRFC 10-311] analyzing module ALU_Control
INFO: [VRFC 10-2263] Analyzing Verilog file "D:/Vivado Projects/RISCV Processor Task 3/project_1.srcs/sources_1/new/Control_Unit.v" into library xil_defaultlib
INFO: [VRFC 10-311] analyzing module Control_Unit
INFO: [VRFC 10-2263] Analyzing Verilog file "D:/Vivado Projects/RISCV Processor Task 3/project_1.srcs/sources_1/new/Data_Memory.v" into library xil_defaultlib
INFO: [VRFC 10-311] analyzing module Data_Memory
INFO: [VRFC 10-2263] Analyzing Verilog file "D:/Vivado Projects/RISCV Processor Task 3/project_1.srcs/sources_1/new/EX_MEM.v" into library xil_defaultlib
INFO: [VRFC 10-311] analyzing module EX_MEM
INFO: [VRFC 10-2263] Analyzing Verilog file "D:/Vivado Projects/RISCV Processor Task 3/project_1.srcs/sources_1/new/Forwarding_Unit.v" into library xil_defaultlib
INFO: [VRFC 10-311] analyzing module Forwarding_Unit
INFO: [VRFC 10-2263] Analyzing Verilog file "D:/Vivado Projects/RISCV Processor Task 3/project_1.srcs/sources_1/new/Hazard_Detection_Unit.v" into library xil_defaultlib
INFO: [VRFC 10-311] analyzing module Hazard_Detection_Unit
INFO: [VRFC 10-2263] Analyzing Verilog file "D:/Vivado Projects/RISCV Processor Task 3/project_1.srcs/sources_1/new/ID_EX_2.v" into library xil_defaultlib
INFO: [VRFC 10-311] analyzing module ID_EX_2
INFO: [VRFC 10-2263] Analyzing Verilog file "D:/Vivado Projects/RISCV Processor Task 3/project_1.srcs/sources_1/new/IF_ID_2.v" into library xil_defaultlib
INFO: [VRFC 10-311] analyzing module IF_ID_2
INFO: [VRFC 10-2263] Analyzing Verilog file "D:/Vivado Projects/RISCV Processor Task 3/project_1.srcs/sources_1/new/Instruction_Memory.v" into library xil_defaultlib
INFO: [VRFC 10-311] analyzing module Instruction_Memory
INFO: [VRFC 10-2263] Analyzing Verilog file "D:/Vivado Projects/RISCV Processor Task 3/project_1.srcs/sources_1/new/MEM_WB.v" into library xil_defaultlib
INFO: [VRFC 10-311] analyzing module MEM_WB
INFO: [VRFC 10-2263] Analyzing Verilog file "D:/Vivado Projects/RISCV Processor Task 3/project_1.srcs/sources_1/new/PC_2.v" into library xil_defaultlib
INFO: [VRFC 10-311] analyzing module PC_2
INFO: [VRFC 10-2263] Analyzing Verilog file "D:/Vivado Projects/RISCV Processor Task 3/project_1.srcs/sources_1/new/RegisterFile.v" into library xil_defaultlib
INFO: [VRFC 10-311] analyzing module registerFile
INFO: [VRFC 10-2263] Analyzing Verilog file "D:/Vivado Projects/RISCV Processor Task 3/project_1.srcs/sources_1/new/adder.v" into library xil_defaultlib
INFO: [VRFC 10-311] analyzing module adder
INFO: [VRFC 10-2263] Analyzing Verilog file "D:/Vivado Projects/RISCV Processor Task 3/project_1.srcs/sources_1/new/imm_data_gen.v" into library xil_defaultlib
INFO: [VRFC 10-311] analyzing module imm_dat_gen
INFO: [VRFC 10-2263] Analyzing Verilog file "D:/Vivado Projects/RISCV Processor Task 3/project_1.srcs/sources_1/new/inst_parser.v" into library xil_defaultlib
INFO: [VRFC 10-311] analyzing module inst_parser
INFO: [VRFC 10-2263] Analyzing Verilog file "D:/Vivado Projects/RISCV Processor Task 3/project_1.srcs/sources_1/new/mux_2x1.v" into library xil_defaultlib
INFO: [VRFC 10-311] analyzing module mux_2x1
INFO: [VRFC 10-2263] Analyzing Verilog file "D:/Vivado Projects/RISCV Processor Task 3/project_1.srcs/sources_1/new/task3.v" into library xil_defaultlib
INFO: [VRFC 10-311] analyzing module task_3
INFO: [VRFC 10-2458] undeclared symbol IDEX_MemRead_store, assumed default net type wire [D:/Vivado Projects/RISCV Processor Task 3/project_1.srcs/sources_1/new/task3.v:146]
INFO: [VRFC 10-2458] undeclared symbol IDEX_MemWrite_store, assumed default net type wire [D:/Vivado Projects/RISCV Processor Task 3/project_1.srcs/sources_1/new/task3.v:190]
INFO: [VRFC 10-2458] undeclared symbol EXMEM_MemWrite_store, assumed default net type wire [D:/Vivado Projects/RISCV Processor Task 3/project_1.srcs/sources_1/new/task3.v:270]
INFO: [VRFC 10-2458] undeclared symbol EXMEM_MemRead_store, assumed default net type wire [D:/Vivado Projects/RISCV Processor Task 3/project_1.srcs/sources_1/new/task3.v:271]
INFO: [VRFC 10-2263] Analyzing Verilog file "D:/Vivado Projects/RISCV Processor Task 3/project_1.srcs/sim_1/new/task3_tb.v" into library xil_defaultlib
INFO: [VRFC 10-311] analyzing module task3_tb
INFO: [VRFC 10-2263] Analyzing Verilog file "D:/Vivado Projects/RISCV Processor Task 3/project_1.sim/sim_1/behav/xsim/glbl.v" into library xil_defaultlib
INFO: [VRFC 10-311] analyzing module glbl
INFO: [USF-XSim-69] 'compile' step finished in '3' seconds
INFO: [USF-XSim-3] XSim::Elaborate design
INFO: [USF-XSim-61] Executing 'ELABORATE' step in 'D:/Vivado Projects/RISCV Processor Task 3/project_1.sim/sim_1/behav/xsim'
"xelab -wto e3a17a71a2f045e1ba9ced6a1a8d75fe --incr --debug typical --relax --mt 2 -L xil_defaultlib -L unisims_ver -L unimacro_ver -L secureip --snapshot task3_tb_behav xil_defaultlib.task3_tb xil_defaultlib.glbl -log elaborate.log"
Vivado Simulator 2020.1
Copyright 1986-1999, 2001-2020 Xilinx, Inc. All Rights Reserved.
Running: C:/Xilinx/Vivado/2020.1/bin/unwrapped/win64.o/xelab.exe -wto e3a17a71a2f045e1ba9ced6a1a8d75fe --incr --debug typical --relax --mt 2 -L xil_defaultlib -L unisims_ver -L unimacro_ver -L secureip --snapshot task3_tb_behav xil_defaultlib.task3_tb xil_defaultlib.glbl -log elaborate.log 
Using 2 slave threads.
Starting static elaboration
Pass Through NonSizing Optimizer
Completed static elaboration
Starting simulation data flow analysis
Completed simulation data flow analysis
Time Resolution for simulation is 1ps
Compiling module xil_defaultlib.PC_2
Compiling module xil_defaultlib.adder
Compiling module xil_defaultlib.Instruction_Memory
Compiling module xil_defaultlib.IF_ID_2
Compiling module xil_defaultlib.inst_parser
Compiling module xil_defaultlib.Control_Unit
Compiling module xil_defaultlib.registerFile
Compiling module xil_defaultlib.imm_dat_gen
Compiling module xil_defaultlib.Hazard_Detection_Unit
Compiling module xil_defaultlib.ID_EX_2
Compiling module xil_defaultlib.ALU_Control
Compiling module xil_defaultlib.mux_2x1
Compiling module xil_defaultlib.ALU_64_bit
Compiling module xil_defaultlib.EX_MEM
Compiling module xil_defaultlib.Data_Memory
Compiling module xil_defaultlib.MEM_WB
Compiling module xil_defaultlib.Forwarding_Unit
Compiling module xil_defaultlib.task_3
Compiling module xil_defaultlib.task3_tb
Compiling module xil_defaultlib.glbl
Built simulation snapshot task3_tb_behav

****** Webtalk v2020.1 (64-bit)
  **** SW Build 2902540 on Wed May 27 19:54:49 MDT 2020
  **** IP Build 2902112 on Wed May 27 22:43:36 MDT 2020
    ** Copyright 1986-2020 Xilinx, Inc. All Rights Reserved.

source D:/Vivado -notrace
couldn't read file "D:/Vivado": no such file or directory
INFO: [Common 17-206] Exiting Webtalk at Mon Apr 14 12:50:10 2025...
run_program: Time (s): cpu = 00:00:00 ; elapsed = 00:00:07 . Memory (MB): peak = 1011.406 ; gain = 0.000
INFO: [USF-XSim-69] 'elaborate' step finished in '6' seconds
INFO: [USF-XSim-4] XSim::Simulate design
INFO: [USF-XSim-61] Executing 'SIMULATE' step in 'D:/Vivado Projects/RISCV Processor Task 3/project_1.sim/sim_1/behav/xsim'
INFO: [USF-XSim-98] *** Running xsim
   with args "task3_tb_behav -key {Behavioral:sim_1:Functional:task3_tb} -tclbatch {task3_tb.tcl} -view {{D:/Vivado Projects/RISCV Processor Task 3/task1_tb_behav.wcfg}} -log {simulate.log}"
INFO: [USF-XSim-8] Loading simulator feature
Vivado Simulator 2020.1
Time resolution is 1 ps
open_wave_config {D:/Vivado Projects/RISCV Processor Task 3/task1_tb_behav.wcfg}
open_wave_config: Time (s): cpu = 00:00:04 ; elapsed = 00:00:07 . Memory (MB): peak = 1011.406 ; gain = 0.000
source task3_tb.tcl
# set curr_wave [current_wave_config]
# if { [string length $curr_wave] == 0 } {
#   if { [llength [get_objects]] > 0} {
#     add_wave /
#     set_property needs_save false [current_wave_config]
#   } else {
#      send_msg_id Add_Wave-1 WARNING "No top level signals found. Simulator will start without a wave window. If you want to open a wave window go to 'File->New Waveform Configuration' or type 'create_wave_config' in the TCL console."
#   }
# }
# run 100000ns
xsim: Time (s): cpu = 00:00:10 ; elapsed = 00:00:10 . Memory (MB): peak = 1024.543 ; gain = 13.137
INFO: [USF-XSim-96] XSim completed. Design snapshot 'task3_tb_behav' loaded.
INFO: [USF-XSim-97] XSim simulation ran for 100000ns
launch_simulation: Time (s): cpu = 00:00:11 ; elapsed = 00:00:21 . Memory (MB): peak = 1024.543 ; gain = 13.137
close_sim
INFO: [Simtcl 6-16] Simulation closed
launch_simulation
Command: launch_simulation 
INFO: [Vivado 12-5682] Launching behavioral simulation in 'D:/Vivado Projects/RISCV Processor Task 3/project_1.sim/sim_1/behav/xsim'
INFO: [SIM-utils-51] Simulation object is 'sim_1'
INFO: [SIM-utils-54] Inspecting design source files for 'task3_tb' in fileset 'sim_1'...
INFO: [USF-XSim-97] Finding global include files...
INFO: [USF-XSim-98] Fetching design files from 'sim_1'...
INFO: [USF-XSim-2] XSim::Compile design
INFO: [USF-XSim-61] Executing 'COMPILE and ANALYZE' step in 'D:/Vivado Projects/RISCV Processor Task 3/project_1.sim/sim_1/behav/xsim'
"xvlog --incr --relax -prj task3_tb_vlog.prj"
INFO: [VRFC 10-2263] Analyzing Verilog file "D:/Vivado Projects/RISCV Processor Task 3/project_1.srcs/sources_1/new/ALU_64_bit.v" into library xil_defaultlib
INFO: [VRFC 10-311] analyzing module ALU_64_bit
INFO: [VRFC 10-2263] Analyzing Verilog file "D:/Vivado Projects/RISCV Processor Task 3/project_1.srcs/sources_1/new/ALU_Control.v" into library xil_defaultlib
INFO: [VRFC 10-311] analyzing module ALU_Control
INFO: [VRFC 10-2263] Analyzing Verilog file "D:/Vivado Projects/RISCV Processor Task 3/project_1.srcs/sources_1/new/Control_Unit.v" into library xil_defaultlib
INFO: [VRFC 10-311] analyzing module Control_Unit
INFO: [VRFC 10-2263] Analyzing Verilog file "D:/Vivado Projects/RISCV Processor Task 3/project_1.srcs/sources_1/new/Data_Memory.v" into library xil_defaultlib
INFO: [VRFC 10-311] analyzing module Data_Memory
INFO: [VRFC 10-2263] Analyzing Verilog file "D:/Vivado Projects/RISCV Processor Task 3/project_1.srcs/sources_1/new/EX_MEM.v" into library xil_defaultlib
INFO: [VRFC 10-311] analyzing module EX_MEM
INFO: [VRFC 10-2263] Analyzing Verilog file "D:/Vivado Projects/RISCV Processor Task 3/project_1.srcs/sources_1/new/Forwarding_Unit.v" into library xil_defaultlib
INFO: [VRFC 10-311] analyzing module Forwarding_Unit
INFO: [VRFC 10-2263] Analyzing Verilog file "D:/Vivado Projects/RISCV Processor Task 3/project_1.srcs/sources_1/new/Hazard_Detection_Unit.v" into library xil_defaultlib
INFO: [VRFC 10-311] analyzing module Hazard_Detection_Unit
INFO: [VRFC 10-2263] Analyzing Verilog file "D:/Vivado Projects/RISCV Processor Task 3/project_1.srcs/sources_1/new/ID_EX_2.v" into library xil_defaultlib
INFO: [VRFC 10-311] analyzing module ID_EX_2
INFO: [VRFC 10-2263] Analyzing Verilog file "D:/Vivado Projects/RISCV Processor Task 3/project_1.srcs/sources_1/new/IF_ID_2.v" into library xil_defaultlib
INFO: [VRFC 10-311] analyzing module IF_ID_2
INFO: [VRFC 10-2263] Analyzing Verilog file "D:/Vivado Projects/RISCV Processor Task 3/project_1.srcs/sources_1/new/Instruction_Memory.v" into library xil_defaultlib
INFO: [VRFC 10-311] analyzing module Instruction_Memory
INFO: [VRFC 10-2263] Analyzing Verilog file "D:/Vivado Projects/RISCV Processor Task 3/project_1.srcs/sources_1/new/MEM_WB.v" into library xil_defaultlib
INFO: [VRFC 10-311] analyzing module MEM_WB
INFO: [VRFC 10-2263] Analyzing Verilog file "D:/Vivado Projects/RISCV Processor Task 3/project_1.srcs/sources_1/new/PC_2.v" into library xil_defaultlib
INFO: [VRFC 10-311] analyzing module PC_2
INFO: [VRFC 10-2263] Analyzing Verilog file "D:/Vivado Projects/RISCV Processor Task 3/project_1.srcs/sources_1/new/RegisterFile.v" into library xil_defaultlib
INFO: [VRFC 10-311] analyzing module registerFile
INFO: [VRFC 10-2263] Analyzing Verilog file "D:/Vivado Projects/RISCV Processor Task 3/project_1.srcs/sources_1/new/adder.v" into library xil_defaultlib
INFO: [VRFC 10-311] analyzing module adder
INFO: [VRFC 10-2263] Analyzing Verilog file "D:/Vivado Projects/RISCV Processor Task 3/project_1.srcs/sources_1/new/imm_data_gen.v" into library xil_defaultlib
INFO: [VRFC 10-311] analyzing module imm_dat_gen
INFO: [VRFC 10-2263] Analyzing Verilog file "D:/Vivado Projects/RISCV Processor Task 3/project_1.srcs/sources_1/new/inst_parser.v" into library xil_defaultlib
INFO: [VRFC 10-311] analyzing module inst_parser
INFO: [VRFC 10-2263] Analyzing Verilog file "D:/Vivado Projects/RISCV Processor Task 3/project_1.srcs/sources_1/new/mux_2x1.v" into library xil_defaultlib
INFO: [VRFC 10-311] analyzing module mux_2x1
INFO: [VRFC 10-2263] Analyzing Verilog file "D:/Vivado Projects/RISCV Processor Task 3/project_1.srcs/sources_1/new/task3.v" into library xil_defaultlib
INFO: [VRFC 10-311] analyzing module task_3
INFO: [VRFC 10-2458] undeclared symbol IDEX_MemRead_store, assumed default net type wire [D:/Vivado Projects/RISCV Processor Task 3/project_1.srcs/sources_1/new/task3.v:146]
INFO: [VRFC 10-2458] undeclared symbol IDEX_MemWrite_store, assumed default net type wire [D:/Vivado Projects/RISCV Processor Task 3/project_1.srcs/sources_1/new/task3.v:192]
INFO: [VRFC 10-2458] undeclared symbol EXMEM_MemWrite_store, assumed default net type wire [D:/Vivado Projects/RISCV Processor Task 3/project_1.srcs/sources_1/new/task3.v:272]
INFO: [VRFC 10-2458] undeclared symbol EXMEM_MemRead_store, assumed default net type wire [D:/Vivado Projects/RISCV Processor Task 3/project_1.srcs/sources_1/new/task3.v:273]
INFO: [VRFC 10-2263] Analyzing Verilog file "D:/Vivado Projects/RISCV Processor Task 3/project_1.srcs/sim_1/new/task3_tb.v" into library xil_defaultlib
INFO: [VRFC 10-311] analyzing module task3_tb
INFO: [USF-XSim-69] 'compile' step finished in '3' seconds
INFO: [USF-XSim-3] XSim::Elaborate design
INFO: [USF-XSim-61] Executing 'ELABORATE' step in 'D:/Vivado Projects/RISCV Processor Task 3/project_1.sim/sim_1/behav/xsim'
"xelab -wto e3a17a71a2f045e1ba9ced6a1a8d75fe --incr --debug typical --relax --mt 2 -L xil_defaultlib -L unisims_ver -L unimacro_ver -L secureip --snapshot task3_tb_behav xil_defaultlib.task3_tb xil_defaultlib.glbl -log elaborate.log"
Vivado Simulator 2020.1
Copyright 1986-1999, 2001-2020 Xilinx, Inc. All Rights Reserved.
Running: C:/Xilinx/Vivado/2020.1/bin/unwrapped/win64.o/xelab.exe -wto e3a17a71a2f045e1ba9ced6a1a8d75fe --incr --debug typical --relax --mt 2 -L xil_defaultlib -L unisims_ver -L unimacro_ver -L secureip --snapshot task3_tb_behav xil_defaultlib.task3_tb xil_defaultlib.glbl -log elaborate.log 
Using 2 slave threads.
Starting static elaboration
Pass Through NonSizing Optimizer
Completed static elaboration
Starting simulation data flow analysis
Completed simulation data flow analysis
Time Resolution for simulation is 1ps
Compiling module xil_defaultlib.PC_2
Compiling module xil_defaultlib.adder
Compiling module xil_defaultlib.Instruction_Memory
Compiling module xil_defaultlib.IF_ID_2
Compiling module xil_defaultlib.inst_parser
Compiling module xil_defaultlib.Control_Unit
Compiling module xil_defaultlib.registerFile
Compiling module xil_defaultlib.imm_dat_gen
Compiling module xil_defaultlib.Hazard_Detection_Unit
Compiling module xil_defaultlib.ID_EX_2
Compiling module xil_defaultlib.ALU_Control
Compiling module xil_defaultlib.mux_2x1
Compiling module xil_defaultlib.ALU_64_bit
Compiling module xil_defaultlib.EX_MEM
Compiling module xil_defaultlib.Data_Memory
Compiling module xil_defaultlib.MEM_WB
Compiling module xil_defaultlib.Forwarding_Unit
Compiling module xil_defaultlib.task_3
Compiling module xil_defaultlib.task3_tb
Compiling module xil_defaultlib.glbl
Built simulation snapshot task3_tb_behav
INFO: [USF-XSim-69] 'elaborate' step finished in '5' seconds
INFO: [USF-XSim-4] XSim::Simulate design
INFO: [USF-XSim-61] Executing 'SIMULATE' step in 'D:/Vivado Projects/RISCV Processor Task 3/project_1.sim/sim_1/behav/xsim'
INFO: [USF-XSim-98] *** Running xsim
   with args "task3_tb_behav -key {Behavioral:sim_1:Functional:task3_tb} -tclbatch {task3_tb.tcl} -view {{D:/Vivado Projects/RISCV Processor Task 3/task1_tb_behav.wcfg}} -log {simulate.log}"
INFO: [USF-XSim-8] Loading simulator feature
Vivado Simulator 2020.1
Time resolution is 1 ps
open_wave_config {D:/Vivado Projects/RISCV Processor Task 3/task1_tb_behav.wcfg}
open_wave_config: Time (s): cpu = 00:00:06 ; elapsed = 00:00:10 . Memory (MB): peak = 1024.543 ; gain = 0.000
source task3_tb.tcl
# set curr_wave [current_wave_config]
# if { [string length $curr_wave] == 0 } {
#   if { [llength [get_objects]] > 0} {
#     add_wave /
#     set_property needs_save false [current_wave_config]
#   } else {
#      send_msg_id Add_Wave-1 WARNING "No top level signals found. Simulator will start without a wave window. If you want to open a wave window go to 'File->New Waveform Configuration' or type 'create_wave_config' in the TCL console."
#   }
# }
# run 100000ns
xsim: Time (s): cpu = 00:00:11 ; elapsed = 00:00:14 . Memory (MB): peak = 1024.543 ; gain = 0.000
INFO: [USF-XSim-96] XSim completed. Design snapshot 'task3_tb_behav' loaded.
INFO: [USF-XSim-97] XSim simulation ran for 100000ns
launch_simulation: Time (s): cpu = 00:00:12 ; elapsed = 00:00:22 . Memory (MB): peak = 1024.543 ; gain = 0.000
update_compile_order -fileset sources_1
close_sim
INFO: [Simtcl 6-16] Simulation closed
set_property top task_2 [current_fileset]
update_compile_order -fileset sources_1
update_compile_order -fileset sources_1
close [ open {D:/Vivado Projects/RISCV Processor Task 3/project_1.srcs/sources_1/new/IM_2.v} w ]
add_files {{D:/Vivado Projects/RISCV Processor Task 3/project_1.srcs/sources_1/new/IM_2.v}}
update_compile_order -fileset sources_1
launch_simulation
Command: launch_simulation 
INFO: [Vivado 12-5682] Launching behavioral simulation in 'D:/Vivado Projects/RISCV Processor Task 3/project_1.sim/sim_1/behav/xsim'
INFO: [SIM-utils-51] Simulation object is 'sim_1'
INFO: [SIM-utils-54] Inspecting design source files for 'task3_tb' in fileset 'sim_1'...
INFO: [USF-XSim-97] Finding global include files...
INFO: [USF-XSim-98] Fetching design files from 'sim_1'...
INFO: [USF-XSim-2] XSim::Compile design
INFO: [USF-XSim-61] Executing 'COMPILE and ANALYZE' step in 'D:/Vivado Projects/RISCV Processor Task 3/project_1.sim/sim_1/behav/xsim'
"xvlog --incr --relax -prj task3_tb_vlog.prj"
INFO: [VRFC 10-2263] Analyzing Verilog file "D:/Vivado Projects/RISCV Processor Task 3/project_1.srcs/sources_1/new/ALU_64_bit.v" into library xil_defaultlib
INFO: [VRFC 10-311] analyzing module ALU_64_bit
INFO: [VRFC 10-2263] Analyzing Verilog file "D:/Vivado Projects/RISCV Processor Task 3/project_1.srcs/sources_1/new/ALU_Control.v" into library xil_defaultlib
INFO: [VRFC 10-311] analyzing module ALU_Control
INFO: [VRFC 10-2263] Analyzing Verilog file "D:/Vivado Projects/RISCV Processor Task 3/project_1.srcs/sources_1/new/Control_Unit.v" into library xil_defaultlib
INFO: [VRFC 10-311] analyzing module Control_Unit
INFO: [VRFC 10-2263] Analyzing Verilog file "D:/Vivado Projects/RISCV Processor Task 3/project_1.srcs/sources_1/new/Data_Memory.v" into library xil_defaultlib
INFO: [VRFC 10-311] analyzing module Data_Memory
INFO: [VRFC 10-2263] Analyzing Verilog file "D:/Vivado Projects/RISCV Processor Task 3/project_1.srcs/sources_1/new/EX_MEM.v" into library xil_defaultlib
INFO: [VRFC 10-311] analyzing module EX_MEM
INFO: [VRFC 10-2263] Analyzing Verilog file "D:/Vivado Projects/RISCV Processor Task 3/project_1.srcs/sources_1/new/Forwarding_Unit.v" into library xil_defaultlib
INFO: [VRFC 10-311] analyzing module Forwarding_Unit
INFO: [VRFC 10-2263] Analyzing Verilog file "D:/Vivado Projects/RISCV Processor Task 3/project_1.srcs/sources_1/new/Hazard_Detection_Unit.v" into library xil_defaultlib
INFO: [VRFC 10-311] analyzing module Hazard_Detection_Unit
INFO: [VRFC 10-2263] Analyzing Verilog file "D:/Vivado Projects/RISCV Processor Task 3/project_1.srcs/sources_1/new/ID_EX_2.v" into library xil_defaultlib
INFO: [VRFC 10-311] analyzing module ID_EX_2
INFO: [VRFC 10-2263] Analyzing Verilog file "D:/Vivado Projects/RISCV Processor Task 3/project_1.srcs/sources_1/new/IF_ID_2.v" into library xil_defaultlib
INFO: [VRFC 10-311] analyzing module IF_ID_2
INFO: [VRFC 10-2263] Analyzing Verilog file "D:/Vivado Projects/RISCV Processor Task 3/project_1.srcs/sources_1/new/IM_2.v" into library xil_defaultlib
INFO: [VRFC 10-311] analyzing module IM_2
INFO: [VRFC 10-2263] Analyzing Verilog file "D:/Vivado Projects/RISCV Processor Task 3/project_1.srcs/sources_1/new/MEM_WB.v" into library xil_defaultlib
INFO: [VRFC 10-311] analyzing module MEM_WB
INFO: [VRFC 10-2263] Analyzing Verilog file "D:/Vivado Projects/RISCV Processor Task 3/project_1.srcs/sources_1/new/PC_2.v" into library xil_defaultlib
INFO: [VRFC 10-311] analyzing module PC_2
INFO: [VRFC 10-2263] Analyzing Verilog file "D:/Vivado Projects/RISCV Processor Task 3/project_1.srcs/sources_1/new/RegisterFile.v" into library xil_defaultlib
INFO: [VRFC 10-311] analyzing module registerFile
INFO: [VRFC 10-2263] Analyzing Verilog file "D:/Vivado Projects/RISCV Processor Task 3/project_1.srcs/sources_1/new/adder.v" into library xil_defaultlib
INFO: [VRFC 10-311] analyzing module adder
INFO: [VRFC 10-2263] Analyzing Verilog file "D:/Vivado Projects/RISCV Processor Task 3/project_1.srcs/sources_1/new/imm_data_gen.v" into library xil_defaultlib
INFO: [VRFC 10-311] analyzing module imm_dat_gen
INFO: [VRFC 10-2263] Analyzing Verilog file "D:/Vivado Projects/RISCV Processor Task 3/project_1.srcs/sources_1/new/inst_parser.v" into library xil_defaultlib
INFO: [VRFC 10-311] analyzing module inst_parser
INFO: [VRFC 10-2263] Analyzing Verilog file "D:/Vivado Projects/RISCV Processor Task 3/project_1.srcs/sources_1/new/mux_2x1.v" into library xil_defaultlib
INFO: [VRFC 10-311] analyzing module mux_2x1
INFO: [VRFC 10-2263] Analyzing Verilog file "D:/Vivado Projects/RISCV Processor Task 3/project_1.srcs/sources_1/new/task3.v" into library xil_defaultlib
INFO: [VRFC 10-311] analyzing module task_3
INFO: [VRFC 10-2458] undeclared symbol IDEX_MemRead_store, assumed default net type wire [D:/Vivado Projects/RISCV Processor Task 3/project_1.srcs/sources_1/new/task3.v:136]
INFO: [VRFC 10-2458] undeclared symbol IDEX_MemWrite_store, assumed default net type wire [D:/Vivado Projects/RISCV Processor Task 3/project_1.srcs/sources_1/new/task3.v:176]
INFO: [VRFC 10-2458] undeclared symbol EXMEM_MemWrite_store, assumed default net type wire [D:/Vivado Projects/RISCV Processor Task 3/project_1.srcs/sources_1/new/task3.v:266]
INFO: [VRFC 10-2458] undeclared symbol EXMEM_MemRead_store, assumed default net type wire [D:/Vivado Projects/RISCV Processor Task 3/project_1.srcs/sources_1/new/task3.v:267]
INFO: [VRFC 10-2263] Analyzing Verilog file "D:/Vivado Projects/RISCV Processor Task 3/project_1.srcs/sim_1/new/task3_tb.v" into library xil_defaultlib
INFO: [VRFC 10-311] analyzing module task3_tb
INFO: [USF-XSim-69] 'compile' step finished in '3' seconds
INFO: [USF-XSim-3] XSim::Elaborate design
INFO: [USF-XSim-61] Executing 'ELABORATE' step in 'D:/Vivado Projects/RISCV Processor Task 3/project_1.sim/sim_1/behav/xsim'
"xelab -wto e3a17a71a2f045e1ba9ced6a1a8d75fe --incr --debug typical --relax --mt 2 -L xil_defaultlib -L unisims_ver -L unimacro_ver -L secureip --snapshot task3_tb_behav xil_defaultlib.task3_tb xil_defaultlib.glbl -log elaborate.log"
Vivado Simulator 2020.1
Copyright 1986-1999, 2001-2020 Xilinx, Inc. All Rights Reserved.
Running: C:/Xilinx/Vivado/2020.1/bin/unwrapped/win64.o/xelab.exe -wto e3a17a71a2f045e1ba9ced6a1a8d75fe --incr --debug typical --relax --mt 2 -L xil_defaultlib -L unisims_ver -L unimacro_ver -L secureip --snapshot task3_tb_behav xil_defaultlib.task3_tb xil_defaultlib.glbl -log elaborate.log 
Using 2 slave threads.
Starting static elaboration
Pass Through NonSizing Optimizer
ERROR: [VRFC 10-3180] cannot find port 'id_ex_mem_read' on this module [D:/Vivado Projects/RISCV Processor Task 3/project_1.srcs/sources_1/new/task3.v:136]
ERROR: [VRFC 10-3180] cannot find port 'mem_wb_reg_write' on this module [D:/Vivado Projects/RISCV Processor Task 3/project_1.srcs/sources_1/new/task3.v:207]
ERROR: [VRFC 10-3180] cannot find port 'ex_mem_reg_write' on this module [D:/Vivado Projects/RISCV Processor Task 3/project_1.srcs/sources_1/new/task3.v:205]
ERROR: [XSIM 43-3322] Static elaboration of top level Verilog design unit(s) in library work failed.
INFO: [USF-XSim-69] 'elaborate' step finished in '3' seconds
INFO: [USF-XSim-99] Step results log file:'D:/Vivado Projects/RISCV Processor Task 3/project_1.sim/sim_1/behav/xsim/elaborate.log'
ERROR: [USF-XSim-62] 'elaborate' step failed with error(s). Please check the Tcl console output or 'D:/Vivado Projects/RISCV Processor Task 3/project_1.sim/sim_1/behav/xsim/elaborate.log' file for more information.
ERROR: [Vivado 12-4473] Detected error while running simulation. Please correct the issue and retry this operation.
launch_simulation: Time (s): cpu = 00:00:01 ; elapsed = 00:00:06 . Memory (MB): peak = 1024.543 ; gain = 0.000
ERROR: [Common 17-39] 'launch_simulation' failed due to earlier errors.
launch_simulation
Command: launch_simulation 
INFO: [Vivado 12-5682] Launching behavioral simulation in 'D:/Vivado Projects/RISCV Processor Task 3/project_1.sim/sim_1/behav/xsim'
INFO: [SIM-utils-51] Simulation object is 'sim_1'
INFO: [SIM-utils-54] Inspecting design source files for 'task3_tb' in fileset 'sim_1'...
INFO: [USF-XSim-97] Finding global include files...
INFO: [USF-XSim-98] Fetching design files from 'sim_1'...
INFO: [USF-XSim-2] XSim::Compile design
INFO: [USF-XSim-61] Executing 'COMPILE and ANALYZE' step in 'D:/Vivado Projects/RISCV Processor Task 3/project_1.sim/sim_1/behav/xsim'
"xvlog --incr --relax -prj task3_tb_vlog.prj"
INFO: [VRFC 10-2263] Analyzing Verilog file "D:/Vivado Projects/RISCV Processor Task 3/project_1.srcs/sources_1/new/ALU_64_bit.v" into library xil_defaultlib
INFO: [VRFC 10-311] analyzing module ALU_64_bit
INFO: [VRFC 10-2263] Analyzing Verilog file "D:/Vivado Projects/RISCV Processor Task 3/project_1.srcs/sources_1/new/ALU_Control.v" into library xil_defaultlib
INFO: [VRFC 10-311] analyzing module ALU_Control
INFO: [VRFC 10-2263] Analyzing Verilog file "D:/Vivado Projects/RISCV Processor Task 3/project_1.srcs/sources_1/new/Control_Unit.v" into library xil_defaultlib
INFO: [VRFC 10-311] analyzing module Control_Unit
INFO: [VRFC 10-2263] Analyzing Verilog file "D:/Vivado Projects/RISCV Processor Task 3/project_1.srcs/sources_1/new/Data_Memory.v" into library xil_defaultlib
INFO: [VRFC 10-311] analyzing module Data_Memory
INFO: [VRFC 10-2263] Analyzing Verilog file "D:/Vivado Projects/RISCV Processor Task 3/project_1.srcs/sources_1/new/EX_MEM.v" into library xil_defaultlib
INFO: [VRFC 10-311] analyzing module EX_MEM
INFO: [VRFC 10-2263] Analyzing Verilog file "D:/Vivado Projects/RISCV Processor Task 3/project_1.srcs/sources_1/new/Forwarding_Unit.v" into library xil_defaultlib
INFO: [VRFC 10-311] analyzing module Forwarding_Unit
INFO: [VRFC 10-2263] Analyzing Verilog file "D:/Vivado Projects/RISCV Processor Task 3/project_1.srcs/sources_1/new/Hazard_Detection_Unit.v" into library xil_defaultlib
INFO: [VRFC 10-311] analyzing module Hazard_Detection_Unit
INFO: [VRFC 10-2263] Analyzing Verilog file "D:/Vivado Projects/RISCV Processor Task 3/project_1.srcs/sources_1/new/ID_EX_2.v" into library xil_defaultlib
INFO: [VRFC 10-311] analyzing module ID_EX_2
INFO: [VRFC 10-2263] Analyzing Verilog file "D:/Vivado Projects/RISCV Processor Task 3/project_1.srcs/sources_1/new/IF_ID_2.v" into library xil_defaultlib
INFO: [VRFC 10-311] analyzing module IF_ID_2
INFO: [VRFC 10-2263] Analyzing Verilog file "D:/Vivado Projects/RISCV Processor Task 3/project_1.srcs/sources_1/new/IM_2.v" into library xil_defaultlib
INFO: [VRFC 10-311] analyzing module IM_2
INFO: [VRFC 10-2263] Analyzing Verilog file "D:/Vivado Projects/RISCV Processor Task 3/project_1.srcs/sources_1/new/MEM_WB.v" into library xil_defaultlib
INFO: [VRFC 10-311] analyzing module MEM_WB
INFO: [VRFC 10-2263] Analyzing Verilog file "D:/Vivado Projects/RISCV Processor Task 3/project_1.srcs/sources_1/new/PC_2.v" into library xil_defaultlib
INFO: [VRFC 10-311] analyzing module PC_2
INFO: [VRFC 10-2263] Analyzing Verilog file "D:/Vivado Projects/RISCV Processor Task 3/project_1.srcs/sources_1/new/RegisterFile.v" into library xil_defaultlib
INFO: [VRFC 10-311] analyzing module registerFile
INFO: [VRFC 10-2263] Analyzing Verilog file "D:/Vivado Projects/RISCV Processor Task 3/project_1.srcs/sources_1/new/adder.v" into library xil_defaultlib
INFO: [VRFC 10-311] analyzing module adder
INFO: [VRFC 10-2263] Analyzing Verilog file "D:/Vivado Projects/RISCV Processor Task 3/project_1.srcs/sources_1/new/imm_data_gen.v" into library xil_defaultlib
INFO: [VRFC 10-311] analyzing module imm_dat_gen
INFO: [VRFC 10-2263] Analyzing Verilog file "D:/Vivado Projects/RISCV Processor Task 3/project_1.srcs/sources_1/new/inst_parser.v" into library xil_defaultlib
INFO: [VRFC 10-311] analyzing module inst_parser
INFO: [VRFC 10-2263] Analyzing Verilog file "D:/Vivado Projects/RISCV Processor Task 3/project_1.srcs/sources_1/new/mux_2x1.v" into library xil_defaultlib
INFO: [VRFC 10-311] analyzing module mux_2x1
INFO: [VRFC 10-2263] Analyzing Verilog file "D:/Vivado Projects/RISCV Processor Task 3/project_1.srcs/sources_1/new/task3.v" into library xil_defaultlib
INFO: [VRFC 10-311] analyzing module task_3
INFO: [VRFC 10-2458] undeclared symbol IDEX_MemRead_store, assumed default net type wire [D:/Vivado Projects/RISCV Processor Task 3/project_1.srcs/sources_1/new/task3.v:136]
INFO: [VRFC 10-2458] undeclared symbol IDEX_MemWrite_store, assumed default net type wire [D:/Vivado Projects/RISCV Processor Task 3/project_1.srcs/sources_1/new/task3.v:176]
INFO: [VRFC 10-2458] undeclared symbol EXMEM_MemWrite_store, assumed default net type wire [D:/Vivado Projects/RISCV Processor Task 3/project_1.srcs/sources_1/new/task3.v:266]
INFO: [VRFC 10-2458] undeclared symbol EXMEM_MemRead_store, assumed default net type wire [D:/Vivado Projects/RISCV Processor Task 3/project_1.srcs/sources_1/new/task3.v:267]
INFO: [VRFC 10-2263] Analyzing Verilog file "D:/Vivado Projects/RISCV Processor Task 3/project_1.srcs/sim_1/new/task3_tb.v" into library xil_defaultlib
INFO: [VRFC 10-311] analyzing module task3_tb
INFO: [USF-XSim-69] 'compile' step finished in '3' seconds
INFO: [USF-XSim-3] XSim::Elaborate design
INFO: [USF-XSim-61] Executing 'ELABORATE' step in 'D:/Vivado Projects/RISCV Processor Task 3/project_1.sim/sim_1/behav/xsim'
"xelab -wto e3a17a71a2f045e1ba9ced6a1a8d75fe --incr --debug typical --relax --mt 2 -L xil_defaultlib -L unisims_ver -L unimacro_ver -L secureip --snapshot task3_tb_behav xil_defaultlib.task3_tb xil_defaultlib.glbl -log elaborate.log"
Vivado Simulator 2020.1
Copyright 1986-1999, 2001-2020 Xilinx, Inc. All Rights Reserved.
Running: C:/Xilinx/Vivado/2020.1/bin/unwrapped/win64.o/xelab.exe -wto e3a17a71a2f045e1ba9ced6a1a8d75fe --incr --debug typical --relax --mt 2 -L xil_defaultlib -L unisims_ver -L unimacro_ver -L secureip --snapshot task3_tb_behav xil_defaultlib.task3_tb xil_defaultlib.glbl -log elaborate.log 
Using 2 slave threads.
Starting static elaboration
Pass Through NonSizing Optimizer
WARNING: [VRFC 10-5021] port 'PC_final' is not connected on this instance [D:/Vivado Projects/RISCV Processor Task 3/project_1.srcs/sources_1/new/task3.v:134]
WARNING: [VRFC 10-3705] select index 36 into 'instruction_in' is out of bounds [D:/Vivado Projects/RISCV Processor Task 3/project_1.srcs/sources_1/new/IM_2.v:54]
WARNING: [VRFC 10-3705] select index 37 into 'instruction_in' is out of bounds [D:/Vivado Projects/RISCV Processor Task 3/project_1.srcs/sources_1/new/IM_2.v:55]
WARNING: [VRFC 10-3705] select index 38 into 'instruction_in' is out of bounds [D:/Vivado Projects/RISCV Processor Task 3/project_1.srcs/sources_1/new/IM_2.v:56]
WARNING: [VRFC 10-3705] select index 39 into 'instruction_in' is out of bounds [D:/Vivado Projects/RISCV Processor Task 3/project_1.srcs/sources_1/new/IM_2.v:57]
WARNING: [VRFC 10-3705] select index 40 into 'instruction_in' is out of bounds [D:/Vivado Projects/RISCV Processor Task 3/project_1.srcs/sources_1/new/IM_2.v:58]
WARNING: [VRFC 10-3705] select index 41 into 'instruction_in' is out of bounds [D:/Vivado Projects/RISCV Processor Task 3/project_1.srcs/sources_1/new/IM_2.v:59]
Completed static elaboration
Starting simulation data flow analysis
Completed simulation data flow analysis
Time Resolution for simulation is 1ps
Compiling module xil_defaultlib.PC_2
Compiling module xil_defaultlib.adder
Compiling module xil_defaultlib.IM_2
Compiling module xil_defaultlib.IF_ID_2
Compiling module xil_defaultlib.inst_parser
Compiling module xil_defaultlib.Control_Unit
Compiling module xil_defaultlib.registerFile
Compiling module xil_defaultlib.imm_dat_gen
Compiling module xil_defaultlib.Hazard_Detection_Unit
Compiling module xil_defaultlib.ID_EX_2
Compiling module xil_defaultlib.ALU_Control
Compiling module xil_defaultlib.mux_2x1
Compiling module xil_defaultlib.Forwarding_Unit
Compiling module xil_defaultlib.ALU_64_bit
Compiling module xil_defaultlib.EX_MEM
Compiling module xil_defaultlib.Data_Memory
Compiling module xil_defaultlib.MEM_WB
Compiling module xil_defaultlib.task_3
Compiling module xil_defaultlib.task3_tb
Compiling module xil_defaultlib.glbl
Built simulation snapshot task3_tb_behav
run_program: Time (s): cpu = 00:00:00 ; elapsed = 00:00:05 . Memory (MB): peak = 1024.543 ; gain = 0.000
INFO: [USF-XSim-69] 'elaborate' step finished in '5' seconds
INFO: [USF-XSim-4] XSim::Simulate design
INFO: [USF-XSim-61] Executing 'SIMULATE' step in 'D:/Vivado Projects/RISCV Processor Task 3/project_1.sim/sim_1/behav/xsim'
INFO: [USF-XSim-98] *** Running xsim
   with args "task3_tb_behav -key {Behavioral:sim_1:Functional:task3_tb} -tclbatch {task3_tb.tcl} -view {{D:/Vivado Projects/RISCV Processor Task 3/task1_tb_behav.wcfg}} -log {simulate.log}"
INFO: [USF-XSim-8] Loading simulator feature
Vivado Simulator 2020.1
Time resolution is 1 ps
open_wave_config {D:/Vivado Projects/RISCV Processor Task 3/task1_tb_behav.wcfg}
WARNING: Simulation object /task3_tb/a1/branch_target was not found in the design.
WARNING: Simulation object /task3_tb/a1/PC_src was not found in the design.
WARNING: Simulation object /task3_tb/a1/PC_final was not found in the design.
open_wave_config: Time (s): cpu = 00:00:04 ; elapsed = 00:00:07 . Memory (MB): peak = 1024.543 ; gain = 0.000
source task3_tb.tcl
# set curr_wave [current_wave_config]
# if { [string length $curr_wave] == 0 } {
#   if { [llength [get_objects]] > 0} {
#     add_wave /
#     set_property needs_save false [current_wave_config]
#   } else {
#      send_msg_id Add_Wave-1 WARNING "No top level signals found. Simulator will start without a wave window. If you want to open a wave window go to 'File->New Waveform Configuration' or type 'create_wave_config' in the TCL console."
#   }
# }
# run 100000ns
xsim: Time (s): cpu = 00:00:06 ; elapsed = 00:00:09 . Memory (MB): peak = 1024.543 ; gain = 0.000
INFO: [USF-XSim-96] XSim completed. Design snapshot 'task3_tb_behav' loaded.
INFO: [USF-XSim-97] XSim simulation ran for 100000ns
launch_simulation: Time (s): cpu = 00:00:06 ; elapsed = 00:00:18 . Memory (MB): peak = 1024.543 ; gain = 0.000
close_sim
INFO: [Simtcl 6-16] Simulation closed
launch_simulation
Command: launch_simulation 
INFO: [Vivado 12-5682] Launching behavioral simulation in 'D:/Vivado Projects/RISCV Processor Task 3/project_1.sim/sim_1/behav/xsim'
INFO: [SIM-utils-51] Simulation object is 'sim_1'
INFO: [SIM-utils-54] Inspecting design source files for 'task3_tb' in fileset 'sim_1'...
INFO: [USF-XSim-97] Finding global include files...
INFO: [USF-XSim-98] Fetching design files from 'sim_1'...
INFO: [USF-XSim-2] XSim::Compile design
INFO: [USF-XSim-61] Executing 'COMPILE and ANALYZE' step in 'D:/Vivado Projects/RISCV Processor Task 3/project_1.sim/sim_1/behav/xsim'
"xvlog --incr --relax -prj task3_tb_vlog.prj"
INFO: [VRFC 10-2263] Analyzing Verilog file "D:/Vivado Projects/RISCV Processor Task 3/project_1.srcs/sources_1/new/ALU_64_bit.v" into library xil_defaultlib
INFO: [VRFC 10-311] analyzing module ALU_64_bit
INFO: [VRFC 10-2263] Analyzing Verilog file "D:/Vivado Projects/RISCV Processor Task 3/project_1.srcs/sources_1/new/ALU_Control.v" into library xil_defaultlib
INFO: [VRFC 10-311] analyzing module ALU_Control
INFO: [VRFC 10-2263] Analyzing Verilog file "D:/Vivado Projects/RISCV Processor Task 3/project_1.srcs/sources_1/new/Control_Unit.v" into library xil_defaultlib
INFO: [VRFC 10-311] analyzing module Control_Unit
INFO: [VRFC 10-2263] Analyzing Verilog file "D:/Vivado Projects/RISCV Processor Task 3/project_1.srcs/sources_1/new/Data_Memory.v" into library xil_defaultlib
INFO: [VRFC 10-311] analyzing module Data_Memory
INFO: [VRFC 10-2263] Analyzing Verilog file "D:/Vivado Projects/RISCV Processor Task 3/project_1.srcs/sources_1/new/EX_MEM.v" into library xil_defaultlib
INFO: [VRFC 10-311] analyzing module EX_MEM
INFO: [VRFC 10-2263] Analyzing Verilog file "D:/Vivado Projects/RISCV Processor Task 3/project_1.srcs/sources_1/new/Forwarding_Unit.v" into library xil_defaultlib
INFO: [VRFC 10-311] analyzing module Forwarding_Unit
INFO: [VRFC 10-2263] Analyzing Verilog file "D:/Vivado Projects/RISCV Processor Task 3/project_1.srcs/sources_1/new/Hazard_Detection_Unit.v" into library xil_defaultlib
INFO: [VRFC 10-311] analyzing module Hazard_Detection_Unit
INFO: [VRFC 10-2263] Analyzing Verilog file "D:/Vivado Projects/RISCV Processor Task 3/project_1.srcs/sources_1/new/ID_EX_2.v" into library xil_defaultlib
INFO: [VRFC 10-311] analyzing module ID_EX_2
INFO: [VRFC 10-2263] Analyzing Verilog file "D:/Vivado Projects/RISCV Processor Task 3/project_1.srcs/sources_1/new/IF_ID_2.v" into library xil_defaultlib
INFO: [VRFC 10-311] analyzing module IF_ID_2
INFO: [VRFC 10-2263] Analyzing Verilog file "D:/Vivado Projects/RISCV Processor Task 3/project_1.srcs/sources_1/new/IM_2.v" into library xil_defaultlib
INFO: [VRFC 10-311] analyzing module IM_2
INFO: [VRFC 10-2263] Analyzing Verilog file "D:/Vivado Projects/RISCV Processor Task 3/project_1.srcs/sources_1/new/MEM_WB.v" into library xil_defaultlib
INFO: [VRFC 10-311] analyzing module MEM_WB
INFO: [VRFC 10-2263] Analyzing Verilog file "D:/Vivado Projects/RISCV Processor Task 3/project_1.srcs/sources_1/new/PC_2.v" into library xil_defaultlib
INFO: [VRFC 10-311] analyzing module PC_2
INFO: [VRFC 10-2263] Analyzing Verilog file "D:/Vivado Projects/RISCV Processor Task 3/project_1.srcs/sources_1/new/RegisterFile.v" into library xil_defaultlib
INFO: [VRFC 10-311] analyzing module registerFile
INFO: [VRFC 10-2263] Analyzing Verilog file "D:/Vivado Projects/RISCV Processor Task 3/project_1.srcs/sources_1/new/adder.v" into library xil_defaultlib
INFO: [VRFC 10-311] analyzing module adder
INFO: [VRFC 10-2263] Analyzing Verilog file "D:/Vivado Projects/RISCV Processor Task 3/project_1.srcs/sources_1/new/imm_data_gen.v" into library xil_defaultlib
INFO: [VRFC 10-311] analyzing module imm_dat_gen
INFO: [VRFC 10-2263] Analyzing Verilog file "D:/Vivado Projects/RISCV Processor Task 3/project_1.srcs/sources_1/new/inst_parser.v" into library xil_defaultlib
INFO: [VRFC 10-311] analyzing module inst_parser
INFO: [VRFC 10-2263] Analyzing Verilog file "D:/Vivado Projects/RISCV Processor Task 3/project_1.srcs/sources_1/new/mux_2x1.v" into library xil_defaultlib
INFO: [VRFC 10-311] analyzing module mux_2x1
INFO: [VRFC 10-2263] Analyzing Verilog file "D:/Vivado Projects/RISCV Processor Task 3/project_1.srcs/sources_1/new/task3.v" into library xil_defaultlib
INFO: [VRFC 10-311] analyzing module task_3
INFO: [VRFC 10-2458] undeclared symbol IDEX_MemRead_store, assumed default net type wire [D:/Vivado Projects/RISCV Processor Task 3/project_1.srcs/sources_1/new/task3.v:136]
INFO: [VRFC 10-2458] undeclared symbol IDEX_MemWrite_store, assumed default net type wire [D:/Vivado Projects/RISCV Processor Task 3/project_1.srcs/sources_1/new/task3.v:176]
INFO: [VRFC 10-2458] undeclared symbol EXMEM_MemWrite_store, assumed default net type wire [D:/Vivado Projects/RISCV Processor Task 3/project_1.srcs/sources_1/new/task3.v:266]
INFO: [VRFC 10-2458] undeclared symbol EXMEM_MemRead_store, assumed default net type wire [D:/Vivado Projects/RISCV Processor Task 3/project_1.srcs/sources_1/new/task3.v:267]
INFO: [VRFC 10-2263] Analyzing Verilog file "D:/Vivado Projects/RISCV Processor Task 3/project_1.srcs/sim_1/new/task3_tb.v" into library xil_defaultlib
INFO: [VRFC 10-311] analyzing module task3_tb
INFO: [USF-XSim-69] 'compile' step finished in '3' seconds
INFO: [USF-XSim-3] XSim::Elaborate design
INFO: [USF-XSim-61] Executing 'ELABORATE' step in 'D:/Vivado Projects/RISCV Processor Task 3/project_1.sim/sim_1/behav/xsim'
"xelab -wto e3a17a71a2f045e1ba9ced6a1a8d75fe --incr --debug typical --relax --mt 2 -L xil_defaultlib -L unisims_ver -L unimacro_ver -L secureip --snapshot task3_tb_behav xil_defaultlib.task3_tb xil_defaultlib.glbl -log elaborate.log"
Vivado Simulator 2020.1
Copyright 1986-1999, 2001-2020 Xilinx, Inc. All Rights Reserved.
Running: C:/Xilinx/Vivado/2020.1/bin/unwrapped/win64.o/xelab.exe -wto e3a17a71a2f045e1ba9ced6a1a8d75fe --incr --debug typical --relax --mt 2 -L xil_defaultlib -L unisims_ver -L unimacro_ver -L secureip --snapshot task3_tb_behav xil_defaultlib.task3_tb xil_defaultlib.glbl -log elaborate.log 
Using 2 slave threads.
Starting static elaboration
Pass Through NonSizing Optimizer
WARNING: [VRFC 10-5021] port 'PC_final' is not connected on this instance [D:/Vivado Projects/RISCV Processor Task 3/project_1.srcs/sources_1/new/task3.v:134]
WARNING: [VRFC 10-3705] select index 36 into 'instruction_in' is out of bounds [D:/Vivado Projects/RISCV Processor Task 3/project_1.srcs/sources_1/new/IM_2.v:54]
WARNING: [VRFC 10-3705] select index 37 into 'instruction_in' is out of bounds [D:/Vivado Projects/RISCV Processor Task 3/project_1.srcs/sources_1/new/IM_2.v:55]
WARNING: [VRFC 10-3705] select index 38 into 'instruction_in' is out of bounds [D:/Vivado Projects/RISCV Processor Task 3/project_1.srcs/sources_1/new/IM_2.v:56]
WARNING: [VRFC 10-3705] select index 39 into 'instruction_in' is out of bounds [D:/Vivado Projects/RISCV Processor Task 3/project_1.srcs/sources_1/new/IM_2.v:57]
WARNING: [VRFC 10-3705] select index 40 into 'instruction_in' is out of bounds [D:/Vivado Projects/RISCV Processor Task 3/project_1.srcs/sources_1/new/IM_2.v:58]
WARNING: [VRFC 10-3705] select index 41 into 'instruction_in' is out of bounds [D:/Vivado Projects/RISCV Processor Task 3/project_1.srcs/sources_1/new/IM_2.v:59]
Completed static elaboration
Starting simulation data flow analysis
Completed simulation data flow analysis
Time Resolution for simulation is 1ps
Compiling module xil_defaultlib.PC_2
Compiling module xil_defaultlib.adder
Compiling module xil_defaultlib.IM_2
Compiling module xil_defaultlib.IF_ID_2
Compiling module xil_defaultlib.inst_parser
Compiling module xil_defaultlib.Control_Unit
Compiling module xil_defaultlib.registerFile
Compiling module xil_defaultlib.imm_dat_gen
Compiling module xil_defaultlib.Hazard_Detection_Unit
Compiling module xil_defaultlib.ID_EX_2
Compiling module xil_defaultlib.ALU_Control
Compiling module xil_defaultlib.mux_2x1
Compiling module xil_defaultlib.Forwarding_Unit
Compiling module xil_defaultlib.ALU_64_bit
Compiling module xil_defaultlib.EX_MEM
Compiling module xil_defaultlib.Data_Memory
Compiling module xil_defaultlib.MEM_WB
Compiling module xil_defaultlib.task_3
Compiling module xil_defaultlib.task3_tb
Compiling module xil_defaultlib.glbl
Built simulation snapshot task3_tb_behav
INFO: [USF-XSim-69] 'elaborate' step finished in '3' seconds
INFO: [USF-XSim-4] XSim::Simulate design
INFO: [USF-XSim-61] Executing 'SIMULATE' step in 'D:/Vivado Projects/RISCV Processor Task 3/project_1.sim/sim_1/behav/xsim'
INFO: [USF-XSim-98] *** Running xsim
   with args "task3_tb_behav -key {Behavioral:sim_1:Functional:task3_tb} -tclbatch {task3_tb.tcl} -view {{D:/Vivado Projects/RISCV Processor Task 3/task1_tb_behav.wcfg}} -log {simulate.log}"
INFO: [USF-XSim-8] Loading simulator feature
Vivado Simulator 2020.1
Time resolution is 1 ps
open_wave_config {D:/Vivado Projects/RISCV Processor Task 3/task1_tb_behav.wcfg}
WARNING: Simulation object /task3_tb/a1/branch_target was not found in the design.
WARNING: Simulation object /task3_tb/a1/PC_src was not found in the design.
WARNING: Simulation object /task3_tb/a1/PC_final was not found in the design.
open_wave_config: Time (s): cpu = 00:00:04 ; elapsed = 00:00:07 . Memory (MB): peak = 1024.543 ; gain = 0.000
source task3_tb.tcl
# set curr_wave [current_wave_config]
# if { [string length $curr_wave] == 0 } {
#   if { [llength [get_objects]] > 0} {
#     add_wave /
#     set_property needs_save false [current_wave_config]
#   } else {
#      send_msg_id Add_Wave-1 WARNING "No top level signals found. Simulator will start without a wave window. If you want to open a wave window go to 'File->New Waveform Configuration' or type 'create_wave_config' in the TCL console."
#   }
# }
# run 100000ns
xsim: Time (s): cpu = 00:00:06 ; elapsed = 00:00:09 . Memory (MB): peak = 1024.543 ; gain = 0.000
INFO: [USF-XSim-96] XSim completed. Design snapshot 'task3_tb_behav' loaded.
INFO: [USF-XSim-97] XSim simulation ran for 100000ns
launch_simulation: Time (s): cpu = 00:00:06 ; elapsed = 00:00:15 . Memory (MB): peak = 1024.543 ; gain = 0.000
close_sim
INFO: [Simtcl 6-16] Simulation closed
launch_simulation
Command: launch_simulation 
INFO: [Vivado 12-5682] Launching behavioral simulation in 'D:/Vivado Projects/RISCV Processor Task 3/project_1.sim/sim_1/behav/xsim'
INFO: [SIM-utils-51] Simulation object is 'sim_1'
INFO: [SIM-utils-54] Inspecting design source files for 'task3_tb' in fileset 'sim_1'...
INFO: [USF-XSim-97] Finding global include files...
INFO: [USF-XSim-98] Fetching design files from 'sim_1'...
INFO: [USF-XSim-2] XSim::Compile design
INFO: [USF-XSim-61] Executing 'COMPILE and ANALYZE' step in 'D:/Vivado Projects/RISCV Processor Task 3/project_1.sim/sim_1/behav/xsim'
"xvlog --incr --relax -prj task3_tb_vlog.prj"
INFO: [VRFC 10-2263] Analyzing Verilog file "D:/Vivado Projects/RISCV Processor Task 3/project_1.srcs/sources_1/new/ALU_64_bit.v" into library xil_defaultlib
INFO: [VRFC 10-311] analyzing module ALU_64_bit
INFO: [VRFC 10-2263] Analyzing Verilog file "D:/Vivado Projects/RISCV Processor Task 3/project_1.srcs/sources_1/new/ALU_Control.v" into library xil_defaultlib
INFO: [VRFC 10-311] analyzing module ALU_Control
INFO: [VRFC 10-2263] Analyzing Verilog file "D:/Vivado Projects/RISCV Processor Task 3/project_1.srcs/sources_1/new/Control_Unit.v" into library xil_defaultlib
INFO: [VRFC 10-311] analyzing module Control_Unit
INFO: [VRFC 10-2263] Analyzing Verilog file "D:/Vivado Projects/RISCV Processor Task 3/project_1.srcs/sources_1/new/Data_Memory.v" into library xil_defaultlib
INFO: [VRFC 10-311] analyzing module Data_Memory
INFO: [VRFC 10-2263] Analyzing Verilog file "D:/Vivado Projects/RISCV Processor Task 3/project_1.srcs/sources_1/new/EX_MEM.v" into library xil_defaultlib
INFO: [VRFC 10-311] analyzing module EX_MEM
INFO: [VRFC 10-2263] Analyzing Verilog file "D:/Vivado Projects/RISCV Processor Task 3/project_1.srcs/sources_1/new/Forwarding_Unit.v" into library xil_defaultlib
INFO: [VRFC 10-311] analyzing module Forwarding_Unit
INFO: [VRFC 10-2263] Analyzing Verilog file "D:/Vivado Projects/RISCV Processor Task 3/project_1.srcs/sources_1/new/Hazard_Detection_Unit.v" into library xil_defaultlib
INFO: [VRFC 10-311] analyzing module Hazard_Detection_Unit
INFO: [VRFC 10-2263] Analyzing Verilog file "D:/Vivado Projects/RISCV Processor Task 3/project_1.srcs/sources_1/new/ID_EX_2.v" into library xil_defaultlib
INFO: [VRFC 10-311] analyzing module ID_EX_2
INFO: [VRFC 10-2263] Analyzing Verilog file "D:/Vivado Projects/RISCV Processor Task 3/project_1.srcs/sources_1/new/IF_ID_2.v" into library xil_defaultlib
INFO: [VRFC 10-311] analyzing module IF_ID_2
INFO: [VRFC 10-2263] Analyzing Verilog file "D:/Vivado Projects/RISCV Processor Task 3/project_1.srcs/sources_1/new/IM_2.v" into library xil_defaultlib
INFO: [VRFC 10-311] analyzing module IM_2
INFO: [VRFC 10-2263] Analyzing Verilog file "D:/Vivado Projects/RISCV Processor Task 3/project_1.srcs/sources_1/new/MEM_WB.v" into library xil_defaultlib
INFO: [VRFC 10-311] analyzing module MEM_WB
INFO: [VRFC 10-2263] Analyzing Verilog file "D:/Vivado Projects/RISCV Processor Task 3/project_1.srcs/sources_1/new/PC_2.v" into library xil_defaultlib
INFO: [VRFC 10-311] analyzing module PC_2
INFO: [VRFC 10-2263] Analyzing Verilog file "D:/Vivado Projects/RISCV Processor Task 3/project_1.srcs/sources_1/new/RegisterFile.v" into library xil_defaultlib
INFO: [VRFC 10-311] analyzing module registerFile
INFO: [VRFC 10-2263] Analyzing Verilog file "D:/Vivado Projects/RISCV Processor Task 3/project_1.srcs/sources_1/new/adder.v" into library xil_defaultlib
INFO: [VRFC 10-311] analyzing module adder
INFO: [VRFC 10-2263] Analyzing Verilog file "D:/Vivado Projects/RISCV Processor Task 3/project_1.srcs/sources_1/new/imm_data_gen.v" into library xil_defaultlib
INFO: [VRFC 10-311] analyzing module imm_dat_gen
INFO: [VRFC 10-2263] Analyzing Verilog file "D:/Vivado Projects/RISCV Processor Task 3/project_1.srcs/sources_1/new/inst_parser.v" into library xil_defaultlib
INFO: [VRFC 10-311] analyzing module inst_parser
INFO: [VRFC 10-2263] Analyzing Verilog file "D:/Vivado Projects/RISCV Processor Task 3/project_1.srcs/sources_1/new/mux_2x1.v" into library xil_defaultlib
INFO: [VRFC 10-311] analyzing module mux_2x1
INFO: [VRFC 10-2263] Analyzing Verilog file "D:/Vivado Projects/RISCV Processor Task 3/project_1.srcs/sources_1/new/task3.v" into library xil_defaultlib
INFO: [VRFC 10-311] analyzing module task_3
INFO: [VRFC 10-2458] undeclared symbol IDEX_MemRead_store, assumed default net type wire [D:/Vivado Projects/RISCV Processor Task 3/project_1.srcs/sources_1/new/task3.v:439]
INFO: [VRFC 10-2458] undeclared symbol IDEX_MemWrite_store, assumed default net type wire [D:/Vivado Projects/RISCV Processor Task 3/project_1.srcs/sources_1/new/task3.v:480]
INFO: [VRFC 10-2458] undeclared symbol EXMEM_MemWrite_store, assumed default net type wire [D:/Vivado Projects/RISCV Processor Task 3/project_1.srcs/sources_1/new/task3.v:560]
INFO: [VRFC 10-2458] undeclared symbol EXMEM_MemRead_store, assumed default net type wire [D:/Vivado Projects/RISCV Processor Task 3/project_1.srcs/sources_1/new/task3.v:561]
INFO: [VRFC 10-2263] Analyzing Verilog file "D:/Vivado Projects/RISCV Processor Task 3/project_1.srcs/sim_1/new/task3_tb.v" into library xil_defaultlib
INFO: [VRFC 10-311] analyzing module task3_tb
INFO: [USF-XSim-69] 'compile' step finished in '3' seconds
INFO: [USF-XSim-3] XSim::Elaborate design
INFO: [USF-XSim-61] Executing 'ELABORATE' step in 'D:/Vivado Projects/RISCV Processor Task 3/project_1.sim/sim_1/behav/xsim'
"xelab -wto e3a17a71a2f045e1ba9ced6a1a8d75fe --incr --debug typical --relax --mt 2 -L xil_defaultlib -L unisims_ver -L unimacro_ver -L secureip --snapshot task3_tb_behav xil_defaultlib.task3_tb xil_defaultlib.glbl -log elaborate.log"
Vivado Simulator 2020.1
Copyright 1986-1999, 2001-2020 Xilinx, Inc. All Rights Reserved.
Running: C:/Xilinx/Vivado/2020.1/bin/unwrapped/win64.o/xelab.exe -wto e3a17a71a2f045e1ba9ced6a1a8d75fe --incr --debug typical --relax --mt 2 -L xil_defaultlib -L unisims_ver -L unimacro_ver -L secureip --snapshot task3_tb_behav xil_defaultlib.task3_tb xil_defaultlib.glbl -log elaborate.log 
Using 2 slave threads.
Starting static elaboration
Pass Through NonSizing Optimizer
WARNING: [VRFC 10-5021] port 'PC_final' is not connected on this instance [D:/Vivado Projects/RISCV Processor Task 3/project_1.srcs/sources_1/new/task3.v:437]
WARNING: [VRFC 10-3705] select index 36 into 'instruction_in' is out of bounds [D:/Vivado Projects/RISCV Processor Task 3/project_1.srcs/sources_1/new/IM_2.v:54]
WARNING: [VRFC 10-3705] select index 37 into 'instruction_in' is out of bounds [D:/Vivado Projects/RISCV Processor Task 3/project_1.srcs/sources_1/new/IM_2.v:55]
WARNING: [VRFC 10-3705] select index 38 into 'instruction_in' is out of bounds [D:/Vivado Projects/RISCV Processor Task 3/project_1.srcs/sources_1/new/IM_2.v:56]
WARNING: [VRFC 10-3705] select index 39 into 'instruction_in' is out of bounds [D:/Vivado Projects/RISCV Processor Task 3/project_1.srcs/sources_1/new/IM_2.v:57]
WARNING: [VRFC 10-3705] select index 40 into 'instruction_in' is out of bounds [D:/Vivado Projects/RISCV Processor Task 3/project_1.srcs/sources_1/new/IM_2.v:58]
WARNING: [VRFC 10-3705] select index 41 into 'instruction_in' is out of bounds [D:/Vivado Projects/RISCV Processor Task 3/project_1.srcs/sources_1/new/IM_2.v:59]
Completed static elaboration
Starting simulation data flow analysis
Completed simulation data flow analysis
Time Resolution for simulation is 1ps
Compiling module xil_defaultlib.PC_2
Compiling module xil_defaultlib.adder
Compiling module xil_defaultlib.IM_2
Compiling module xil_defaultlib.IF_ID_2
Compiling module xil_defaultlib.inst_parser
Compiling module xil_defaultlib.Control_Unit
Compiling module xil_defaultlib.registerFile
Compiling module xil_defaultlib.imm_dat_gen
Compiling module xil_defaultlib.Hazard_Detection_Unit
Compiling module xil_defaultlib.ID_EX_2
Compiling module xil_defaultlib.ALU_Control
Compiling module xil_defaultlib.mux_2x1
Compiling module xil_defaultlib.ALU_64_bit
Compiling module xil_defaultlib.EX_MEM
Compiling module xil_defaultlib.Data_Memory
Compiling module xil_defaultlib.MEM_WB
Compiling module xil_defaultlib.Forwarding_Unit
Compiling module xil_defaultlib.task_3
Compiling module xil_defaultlib.task3_tb
Compiling module xil_defaultlib.glbl
Built simulation snapshot task3_tb_behav
INFO: [USF-XSim-69] 'elaborate' step finished in '3' seconds
INFO: [USF-XSim-4] XSim::Simulate design
INFO: [USF-XSim-61] Executing 'SIMULATE' step in 'D:/Vivado Projects/RISCV Processor Task 3/project_1.sim/sim_1/behav/xsim'
INFO: [USF-XSim-98] *** Running xsim
   with args "task3_tb_behav -key {Behavioral:sim_1:Functional:task3_tb} -tclbatch {task3_tb.tcl} -view {{D:/Vivado Projects/RISCV Processor Task 3/task1_tb_behav.wcfg}} -log {simulate.log}"
INFO: [USF-XSim-8] Loading simulator feature
Vivado Simulator 2020.1
Time resolution is 1 ps
open_wave_config {D:/Vivado Projects/RISCV Processor Task 3/task1_tb_behav.wcfg}
WARNING: Simulation object /task3_tb/a1/branch_target was not found in the design.
WARNING: Simulation object /task3_tb/a1/PC_src was not found in the design.
WARNING: Simulation object /task3_tb/a1/PC_final was not found in the design.
open_wave_config: Time (s): cpu = 00:00:03 ; elapsed = 00:00:07 . Memory (MB): peak = 1024.543 ; gain = 0.000
source task3_tb.tcl
# set curr_wave [current_wave_config]
# if { [string length $curr_wave] == 0 } {
#   if { [llength [get_objects]] > 0} {
#     add_wave /
#     set_property needs_save false [current_wave_config]
#   } else {
#      send_msg_id Add_Wave-1 WARNING "No top level signals found. Simulator will start without a wave window. If you want to open a wave window go to 'File->New Waveform Configuration' or type 'create_wave_config' in the TCL console."
#   }
# }
# run 100000ns
xsim: Time (s): cpu = 00:00:05 ; elapsed = 00:00:09 . Memory (MB): peak = 1024.543 ; gain = 0.000
INFO: [USF-XSim-96] XSim completed. Design snapshot 'task3_tb_behav' loaded.
INFO: [USF-XSim-97] XSim simulation ran for 100000ns
launch_simulation: Time (s): cpu = 00:00:06 ; elapsed = 00:00:15 . Memory (MB): peak = 1024.543 ; gain = 0.000
close_sim
INFO: [Simtcl 6-16] Simulation closed
launch_simulation
Command: launch_simulation 
INFO: [Vivado 12-5682] Launching behavioral simulation in 'D:/Vivado Projects/RISCV Processor Task 3/project_1.sim/sim_1/behav/xsim'
INFO: [SIM-utils-51] Simulation object is 'sim_1'
INFO: [SIM-utils-54] Inspecting design source files for 'task3_tb' in fileset 'sim_1'...
INFO: [USF-XSim-97] Finding global include files...
INFO: [USF-XSim-98] Fetching design files from 'sim_1'...
INFO: [USF-XSim-2] XSim::Compile design
INFO: [USF-XSim-61] Executing 'COMPILE and ANALYZE' step in 'D:/Vivado Projects/RISCV Processor Task 3/project_1.sim/sim_1/behav/xsim'
"xvlog --incr --relax -prj task3_tb_vlog.prj"
INFO: [USF-XSim-69] 'compile' step finished in '1' seconds
INFO: [USF-XSim-3] XSim::Elaborate design
INFO: [USF-XSim-61] Executing 'ELABORATE' step in 'D:/Vivado Projects/RISCV Processor Task 3/project_1.sim/sim_1/behav/xsim'
"xelab -wto e3a17a71a2f045e1ba9ced6a1a8d75fe --incr --debug typical --relax --mt 2 -L xil_defaultlib -L unisims_ver -L unimacro_ver -L secureip --snapshot task3_tb_behav xil_defaultlib.task3_tb xil_defaultlib.glbl -log elaborate.log"
Vivado Simulator 2020.1
Copyright 1986-1999, 2001-2020 Xilinx, Inc. All Rights Reserved.
Running: C:/Xilinx/Vivado/2020.1/bin/unwrapped/win64.o/xelab.exe -wto e3a17a71a2f045e1ba9ced6a1a8d75fe --incr --debug typical --relax --mt 2 -L xil_defaultlib -L unisims_ver -L unimacro_ver -L secureip --snapshot task3_tb_behav xil_defaultlib.task3_tb xil_defaultlib.glbl -log elaborate.log 
Using 2 slave threads.
Starting static elaboration
Pass Through NonSizing Optimizer
WARNING: [VRFC 10-5021] port 'PC_final' is not connected on this instance [D:/Vivado Projects/RISCV Processor Task 3/project_1.srcs/sources_1/new/task3.v:437]
WARNING: [VRFC 10-3705] select index 36 into 'instruction_in' is out of bounds [D:/Vivado Projects/RISCV Processor Task 3/project_1.srcs/sources_1/new/IM_2.v:54]
WARNING: [VRFC 10-3705] select index 37 into 'instruction_in' is out of bounds [D:/Vivado Projects/RISCV Processor Task 3/project_1.srcs/sources_1/new/IM_2.v:55]
WARNING: [VRFC 10-3705] select index 38 into 'instruction_in' is out of bounds [D:/Vivado Projects/RISCV Processor Task 3/project_1.srcs/sources_1/new/IM_2.v:56]
WARNING: [VRFC 10-3705] select index 39 into 'instruction_in' is out of bounds [D:/Vivado Projects/RISCV Processor Task 3/project_1.srcs/sources_1/new/IM_2.v:57]
WARNING: [VRFC 10-3705] select index 40 into 'instruction_in' is out of bounds [D:/Vivado Projects/RISCV Processor Task 3/project_1.srcs/sources_1/new/IM_2.v:58]
WARNING: [VRFC 10-3705] select index 41 into 'instruction_in' is out of bounds [D:/Vivado Projects/RISCV Processor Task 3/project_1.srcs/sources_1/new/IM_2.v:59]
Completed static elaboration
INFO: [XSIM 43-4323] No Change in HDL. Linking previously generated obj files to create kernel
INFO: [USF-XSim-69] 'elaborate' step finished in '2' seconds
INFO: [USF-XSim-4] XSim::Simulate design
INFO: [USF-XSim-61] Executing 'SIMULATE' step in 'D:/Vivado Projects/RISCV Processor Task 3/project_1.sim/sim_1/behav/xsim'
INFO: [USF-XSim-98] *** Running xsim
   with args "task3_tb_behav -key {Behavioral:sim_1:Functional:task3_tb} -tclbatch {task3_tb.tcl} -view {{D:/Vivado Projects/RISCV Processor Task 3/task1_tb_behav.wcfg}} -log {simulate.log}"
INFO: [USF-XSim-8] Loading simulator feature
Vivado Simulator 2020.1
Time resolution is 1 ps
open_wave_config {D:/Vivado Projects/RISCV Processor Task 3/task1_tb_behav.wcfg}
WARNING: Simulation object /task3_tb/a1/branch_target was not found in the design.
WARNING: Simulation object /task3_tb/a1/PC_src was not found in the design.
WARNING: Simulation object /task3_tb/a1/PC_final was not found in the design.
open_wave_config: Time (s): cpu = 00:00:04 ; elapsed = 00:00:07 . Memory (MB): peak = 1024.543 ; gain = 0.000
source task3_tb.tcl
# set curr_wave [current_wave_config]
# if { [string length $curr_wave] == 0 } {
#   if { [llength [get_objects]] > 0} {
#     add_wave /
#     set_property needs_save false [current_wave_config]
#   } else {
#      send_msg_id Add_Wave-1 WARNING "No top level signals found. Simulator will start without a wave window. If you want to open a wave window go to 'File->New Waveform Configuration' or type 'create_wave_config' in the TCL console."
#   }
# }
# run 100000ns
xsim: Time (s): cpu = 00:00:05 ; elapsed = 00:00:09 . Memory (MB): peak = 1024.543 ; gain = 0.000
INFO: [USF-XSim-96] XSim completed. Design snapshot 'task3_tb_behav' loaded.
INFO: [USF-XSim-97] XSim simulation ran for 100000ns
launch_simulation: Time (s): cpu = 00:00:06 ; elapsed = 00:00:12 . Memory (MB): peak = 1024.543 ; gain = 0.000
close_sim
INFO: [Simtcl 6-16] Simulation closed
launch_simulation
Command: launch_simulation 
INFO: [Vivado 12-5682] Launching behavioral simulation in 'D:/Vivado Projects/RISCV Processor Task 3/project_1.sim/sim_1/behav/xsim'
INFO: [SIM-utils-51] Simulation object is 'sim_1'
INFO: [SIM-utils-54] Inspecting design source files for 'task3_tb' in fileset 'sim_1'...
INFO: [USF-XSim-97] Finding global include files...
INFO: [USF-XSim-98] Fetching design files from 'sim_1'...
INFO: [USF-XSim-2] XSim::Compile design
INFO: [USF-XSim-61] Executing 'COMPILE and ANALYZE' step in 'D:/Vivado Projects/RISCV Processor Task 3/project_1.sim/sim_1/behav/xsim'
"xvlog --incr --relax -prj task3_tb_vlog.prj"
INFO: [VRFC 10-2263] Analyzing Verilog file "D:/Vivado Projects/RISCV Processor Task 3/project_1.srcs/sources_1/new/ALU_64_bit.v" into library xil_defaultlib
INFO: [VRFC 10-311] analyzing module ALU_64_bit
INFO: [VRFC 10-2263] Analyzing Verilog file "D:/Vivado Projects/RISCV Processor Task 3/project_1.srcs/sources_1/new/ALU_Control.v" into library xil_defaultlib
INFO: [VRFC 10-311] analyzing module ALU_Control
INFO: [VRFC 10-2263] Analyzing Verilog file "D:/Vivado Projects/RISCV Processor Task 3/project_1.srcs/sources_1/new/Control_Unit.v" into library xil_defaultlib
INFO: [VRFC 10-311] analyzing module Control_Unit
INFO: [VRFC 10-2263] Analyzing Verilog file "D:/Vivado Projects/RISCV Processor Task 3/project_1.srcs/sources_1/new/Data_Memory.v" into library xil_defaultlib
INFO: [VRFC 10-311] analyzing module Data_Memory
INFO: [VRFC 10-2263] Analyzing Verilog file "D:/Vivado Projects/RISCV Processor Task 3/project_1.srcs/sources_1/new/EX_MEM.v" into library xil_defaultlib
INFO: [VRFC 10-311] analyzing module EX_MEM
INFO: [VRFC 10-2263] Analyzing Verilog file "D:/Vivado Projects/RISCV Processor Task 3/project_1.srcs/sources_1/new/Forwarding_Unit.v" into library xil_defaultlib
INFO: [VRFC 10-311] analyzing module Forwarding_Unit
INFO: [VRFC 10-2263] Analyzing Verilog file "D:/Vivado Projects/RISCV Processor Task 3/project_1.srcs/sources_1/new/Hazard_Detection_Unit.v" into library xil_defaultlib
INFO: [VRFC 10-311] analyzing module Hazard_Detection_Unit
INFO: [VRFC 10-2263] Analyzing Verilog file "D:/Vivado Projects/RISCV Processor Task 3/project_1.srcs/sources_1/new/ID_EX_2.v" into library xil_defaultlib
INFO: [VRFC 10-311] analyzing module ID_EX_2
INFO: [VRFC 10-2263] Analyzing Verilog file "D:/Vivado Projects/RISCV Processor Task 3/project_1.srcs/sources_1/new/IF_ID_2.v" into library xil_defaultlib
INFO: [VRFC 10-311] analyzing module IF_ID_2
INFO: [VRFC 10-2263] Analyzing Verilog file "D:/Vivado Projects/RISCV Processor Task 3/project_1.srcs/sources_1/new/Instruction_Memory.v" into library xil_defaultlib
INFO: [VRFC 10-311] analyzing module Instruction_Memory
INFO: [VRFC 10-2263] Analyzing Verilog file "D:/Vivado Projects/RISCV Processor Task 3/project_1.srcs/sources_1/new/MEM_WB.v" into library xil_defaultlib
INFO: [VRFC 10-311] analyzing module MEM_WB
INFO: [VRFC 10-2263] Analyzing Verilog file "D:/Vivado Projects/RISCV Processor Task 3/project_1.srcs/sources_1/new/PC_2.v" into library xil_defaultlib
INFO: [VRFC 10-311] analyzing module PC_2
INFO: [VRFC 10-2263] Analyzing Verilog file "D:/Vivado Projects/RISCV Processor Task 3/project_1.srcs/sources_1/new/RegisterFile.v" into library xil_defaultlib
INFO: [VRFC 10-311] analyzing module registerFile
INFO: [VRFC 10-2263] Analyzing Verilog file "D:/Vivado Projects/RISCV Processor Task 3/project_1.srcs/sources_1/new/adder.v" into library xil_defaultlib
INFO: [VRFC 10-311] analyzing module adder
INFO: [VRFC 10-2263] Analyzing Verilog file "D:/Vivado Projects/RISCV Processor Task 3/project_1.srcs/sources_1/new/imm_data_gen.v" into library xil_defaultlib
INFO: [VRFC 10-311] analyzing module imm_dat_gen
INFO: [VRFC 10-2263] Analyzing Verilog file "D:/Vivado Projects/RISCV Processor Task 3/project_1.srcs/sources_1/new/inst_parser.v" into library xil_defaultlib
INFO: [VRFC 10-311] analyzing module inst_parser
INFO: [VRFC 10-2263] Analyzing Verilog file "D:/Vivado Projects/RISCV Processor Task 3/project_1.srcs/sources_1/new/mux_2x1.v" into library xil_defaultlib
INFO: [VRFC 10-311] analyzing module mux_2x1
INFO: [VRFC 10-2263] Analyzing Verilog file "D:/Vivado Projects/RISCV Processor Task 3/project_1.srcs/sources_1/new/task3.v" into library xil_defaultlib
INFO: [VRFC 10-311] analyzing module task_3
INFO: [VRFC 10-2458] undeclared symbol IDEX_MemRead_store, assumed default net type wire [D:/Vivado Projects/RISCV Processor Task 3/project_1.srcs/sources_1/new/task3.v:439]
INFO: [VRFC 10-2458] undeclared symbol IDEX_MemWrite_store, assumed default net type wire [D:/Vivado Projects/RISCV Processor Task 3/project_1.srcs/sources_1/new/task3.v:480]
INFO: [VRFC 10-2458] undeclared symbol EXMEM_MemWrite_store, assumed default net type wire [D:/Vivado Projects/RISCV Processor Task 3/project_1.srcs/sources_1/new/task3.v:560]
INFO: [VRFC 10-2458] undeclared symbol EXMEM_MemRead_store, assumed default net type wire [D:/Vivado Projects/RISCV Processor Task 3/project_1.srcs/sources_1/new/task3.v:561]
INFO: [VRFC 10-2263] Analyzing Verilog file "D:/Vivado Projects/RISCV Processor Task 3/project_1.srcs/sim_1/new/task3_tb.v" into library xil_defaultlib
INFO: [VRFC 10-311] analyzing module task3_tb
INFO: [USF-XSim-69] 'compile' step finished in '3' seconds
INFO: [USF-XSim-3] XSim::Elaborate design
INFO: [USF-XSim-61] Executing 'ELABORATE' step in 'D:/Vivado Projects/RISCV Processor Task 3/project_1.sim/sim_1/behav/xsim'
"xelab -wto e3a17a71a2f045e1ba9ced6a1a8d75fe --incr --debug typical --relax --mt 2 -L xil_defaultlib -L unisims_ver -L unimacro_ver -L secureip --snapshot task3_tb_behav xil_defaultlib.task3_tb xil_defaultlib.glbl -log elaborate.log"
Vivado Simulator 2020.1
Copyright 1986-1999, 2001-2020 Xilinx, Inc. All Rights Reserved.
Running: C:/Xilinx/Vivado/2020.1/bin/unwrapped/win64.o/xelab.exe -wto e3a17a71a2f045e1ba9ced6a1a8d75fe --incr --debug typical --relax --mt 2 -L xil_defaultlib -L unisims_ver -L unimacro_ver -L secureip --snapshot task3_tb_behav xil_defaultlib.task3_tb xil_defaultlib.glbl -log elaborate.log 
Using 2 slave threads.
Starting static elaboration
Pass Through NonSizing Optimizer
WARNING: [VRFC 10-5021] port 'PC_final' is not connected on this instance [D:/Vivado Projects/RISCV Processor Task 3/project_1.srcs/sources_1/new/task3.v:437]
Completed static elaboration
Starting simulation data flow analysis
Completed simulation data flow analysis
Time Resolution for simulation is 1ps
Compiling module xil_defaultlib.PC_2
Compiling module xil_defaultlib.adder
Compiling module xil_defaultlib.Instruction_Memory
Compiling module xil_defaultlib.IF_ID_2
Compiling module xil_defaultlib.inst_parser
Compiling module xil_defaultlib.Control_Unit
Compiling module xil_defaultlib.registerFile
Compiling module xil_defaultlib.imm_dat_gen
Compiling module xil_defaultlib.Hazard_Detection_Unit
Compiling module xil_defaultlib.ID_EX_2
Compiling module xil_defaultlib.ALU_Control
Compiling module xil_defaultlib.mux_2x1
Compiling module xil_defaultlib.ALU_64_bit
Compiling module xil_defaultlib.EX_MEM
Compiling module xil_defaultlib.Data_Memory
Compiling module xil_defaultlib.MEM_WB
Compiling module xil_defaultlib.Forwarding_Unit
Compiling module xil_defaultlib.task_3
Compiling module xil_defaultlib.task3_tb
Compiling module xil_defaultlib.glbl
Built simulation snapshot task3_tb_behav
INFO: [USF-XSim-69] 'elaborate' step finished in '3' seconds
INFO: [USF-XSim-4] XSim::Simulate design
INFO: [USF-XSim-61] Executing 'SIMULATE' step in 'D:/Vivado Projects/RISCV Processor Task 3/project_1.sim/sim_1/behav/xsim'
INFO: [USF-XSim-98] *** Running xsim
   with args "task3_tb_behav -key {Behavioral:sim_1:Functional:task3_tb} -tclbatch {task3_tb.tcl} -view {{D:/Vivado Projects/RISCV Processor Task 3/task1_tb_behav.wcfg}} -log {simulate.log}"
INFO: [USF-XSim-8] Loading simulator feature
Vivado Simulator 2020.1
Time resolution is 1 ps
open_wave_config {D:/Vivado Projects/RISCV Processor Task 3/task1_tb_behav.wcfg}
WARNING: Simulation object /task3_tb/a1/branch_target was not found in the design.
WARNING: Simulation object /task3_tb/a1/PC_src was not found in the design.
WARNING: Simulation object /task3_tb/a1/PC_final was not found in the design.
open_wave_config: Time (s): cpu = 00:00:03 ; elapsed = 00:00:07 . Memory (MB): peak = 1024.543 ; gain = 0.000
source task3_tb.tcl
# set curr_wave [current_wave_config]
# if { [string length $curr_wave] == 0 } {
#   if { [llength [get_objects]] > 0} {
#     add_wave /
#     set_property needs_save false [current_wave_config]
#   } else {
#      send_msg_id Add_Wave-1 WARNING "No top level signals found. Simulator will start without a wave window. If you want to open a wave window go to 'File->New Waveform Configuration' or type 'create_wave_config' in the TCL console."
#   }
# }
# run 100000ns
xsim: Time (s): cpu = 00:00:05 ; elapsed = 00:00:09 . Memory (MB): peak = 1024.543 ; gain = 0.000
INFO: [USF-XSim-96] XSim completed. Design snapshot 'task3_tb_behav' loaded.
INFO: [USF-XSim-97] XSim simulation ran for 100000ns
launch_simulation: Time (s): cpu = 00:00:06 ; elapsed = 00:00:15 . Memory (MB): peak = 1024.543 ; gain = 0.000
close_sim
INFO: [Simtcl 6-16] Simulation closed
launch_simulation
Command: launch_simulation 
INFO: [Vivado 12-5682] Launching behavioral simulation in 'D:/Vivado Projects/RISCV Processor Task 3/project_1.sim/sim_1/behav/xsim'
INFO: [SIM-utils-51] Simulation object is 'sim_1'
INFO: [SIM-utils-54] Inspecting design source files for 'task3_tb' in fileset 'sim_1'...
INFO: [USF-XSim-97] Finding global include files...
INFO: [USF-XSim-98] Fetching design files from 'sim_1'...
INFO: [USF-XSim-2] XSim::Compile design
INFO: [USF-XSim-61] Executing 'COMPILE and ANALYZE' step in 'D:/Vivado Projects/RISCV Processor Task 3/project_1.sim/sim_1/behav/xsim'
"xvlog --incr --relax -prj task3_tb_vlog.prj"
INFO: [VRFC 10-2263] Analyzing Verilog file "D:/Vivado Projects/RISCV Processor Task 3/project_1.srcs/sources_1/new/ALU_64_bit.v" into library xil_defaultlib
INFO: [VRFC 10-311] analyzing module ALU_64_bit
INFO: [VRFC 10-2263] Analyzing Verilog file "D:/Vivado Projects/RISCV Processor Task 3/project_1.srcs/sources_1/new/ALU_Control.v" into library xil_defaultlib
INFO: [VRFC 10-311] analyzing module ALU_Control
INFO: [VRFC 10-2263] Analyzing Verilog file "D:/Vivado Projects/RISCV Processor Task 3/project_1.srcs/sources_1/new/Control_Unit.v" into library xil_defaultlib
INFO: [VRFC 10-311] analyzing module Control_Unit
INFO: [VRFC 10-2263] Analyzing Verilog file "D:/Vivado Projects/RISCV Processor Task 3/project_1.srcs/sources_1/new/Data_Memory.v" into library xil_defaultlib
INFO: [VRFC 10-311] analyzing module Data_Memory
INFO: [VRFC 10-2263] Analyzing Verilog file "D:/Vivado Projects/RISCV Processor Task 3/project_1.srcs/sources_1/new/EX_MEM.v" into library xil_defaultlib
INFO: [VRFC 10-311] analyzing module EX_MEM
INFO: [VRFC 10-2263] Analyzing Verilog file "D:/Vivado Projects/RISCV Processor Task 3/project_1.srcs/sources_1/new/Forwarding_Unit.v" into library xil_defaultlib
INFO: [VRFC 10-311] analyzing module Forwarding_Unit
INFO: [VRFC 10-2263] Analyzing Verilog file "D:/Vivado Projects/RISCV Processor Task 3/project_1.srcs/sources_1/new/Hazard_Detection_Unit.v" into library xil_defaultlib
INFO: [VRFC 10-311] analyzing module Hazard_Detection_Unit
INFO: [VRFC 10-2263] Analyzing Verilog file "D:/Vivado Projects/RISCV Processor Task 3/project_1.srcs/sources_1/new/ID_EX_2.v" into library xil_defaultlib
INFO: [VRFC 10-311] analyzing module ID_EX_2
INFO: [VRFC 10-2263] Analyzing Verilog file "D:/Vivado Projects/RISCV Processor Task 3/project_1.srcs/sources_1/new/IF_ID_2.v" into library xil_defaultlib
INFO: [VRFC 10-311] analyzing module IF_ID_2
INFO: [VRFC 10-2263] Analyzing Verilog file "D:/Vivado Projects/RISCV Processor Task 3/project_1.srcs/sources_1/new/IM_2.v" into library xil_defaultlib
INFO: [VRFC 10-311] analyzing module IM_2
INFO: [VRFC 10-2263] Analyzing Verilog file "D:/Vivado Projects/RISCV Processor Task 3/project_1.srcs/sources_1/new/MEM_WB.v" into library xil_defaultlib
INFO: [VRFC 10-311] analyzing module MEM_WB
INFO: [VRFC 10-2263] Analyzing Verilog file "D:/Vivado Projects/RISCV Processor Task 3/project_1.srcs/sources_1/new/PC_2.v" into library xil_defaultlib
INFO: [VRFC 10-311] analyzing module PC_2
INFO: [VRFC 10-2263] Analyzing Verilog file "D:/Vivado Projects/RISCV Processor Task 3/project_1.srcs/sources_1/new/RegisterFile.v" into library xil_defaultlib
INFO: [VRFC 10-311] analyzing module registerFile
INFO: [VRFC 10-2263] Analyzing Verilog file "D:/Vivado Projects/RISCV Processor Task 3/project_1.srcs/sources_1/new/adder.v" into library xil_defaultlib
INFO: [VRFC 10-311] analyzing module adder
INFO: [VRFC 10-2263] Analyzing Verilog file "D:/Vivado Projects/RISCV Processor Task 3/project_1.srcs/sources_1/new/imm_data_gen.v" into library xil_defaultlib
INFO: [VRFC 10-311] analyzing module imm_dat_gen
INFO: [VRFC 10-2263] Analyzing Verilog file "D:/Vivado Projects/RISCV Processor Task 3/project_1.srcs/sources_1/new/inst_parser.v" into library xil_defaultlib
INFO: [VRFC 10-311] analyzing module inst_parser
INFO: [VRFC 10-2263] Analyzing Verilog file "D:/Vivado Projects/RISCV Processor Task 3/project_1.srcs/sources_1/new/mux_2x1.v" into library xil_defaultlib
INFO: [VRFC 10-311] analyzing module mux_2x1
INFO: [VRFC 10-2263] Analyzing Verilog file "D:/Vivado Projects/RISCV Processor Task 3/project_1.srcs/sources_1/new/task3.v" into library xil_defaultlib
INFO: [VRFC 10-311] analyzing module task_3
INFO: [VRFC 10-2458] undeclared symbol IDEX_MemRead_store, assumed default net type wire [D:/Vivado Projects/RISCV Processor Task 3/project_1.srcs/sources_1/new/task3.v:439]
INFO: [VRFC 10-2458] undeclared symbol IDEX_MemWrite_store, assumed default net type wire [D:/Vivado Projects/RISCV Processor Task 3/project_1.srcs/sources_1/new/task3.v:480]
INFO: [VRFC 10-2458] undeclared symbol EXMEM_MemWrite_store, assumed default net type wire [D:/Vivado Projects/RISCV Processor Task 3/project_1.srcs/sources_1/new/task3.v:560]
INFO: [VRFC 10-2458] undeclared symbol EXMEM_MemRead_store, assumed default net type wire [D:/Vivado Projects/RISCV Processor Task 3/project_1.srcs/sources_1/new/task3.v:561]
INFO: [VRFC 10-2263] Analyzing Verilog file "D:/Vivado Projects/RISCV Processor Task 3/project_1.srcs/sim_1/new/task3_tb.v" into library xil_defaultlib
INFO: [VRFC 10-311] analyzing module task3_tb
INFO: [USF-XSim-69] 'compile' step finished in '3' seconds
INFO: [USF-XSim-3] XSim::Elaborate design
INFO: [USF-XSim-61] Executing 'ELABORATE' step in 'D:/Vivado Projects/RISCV Processor Task 3/project_1.sim/sim_1/behav/xsim'
"xelab -wto e3a17a71a2f045e1ba9ced6a1a8d75fe --incr --debug typical --relax --mt 2 -L xil_defaultlib -L unisims_ver -L unimacro_ver -L secureip --snapshot task3_tb_behav xil_defaultlib.task3_tb xil_defaultlib.glbl -log elaborate.log"
Vivado Simulator 2020.1
Copyright 1986-1999, 2001-2020 Xilinx, Inc. All Rights Reserved.
Running: C:/Xilinx/Vivado/2020.1/bin/unwrapped/win64.o/xelab.exe -wto e3a17a71a2f045e1ba9ced6a1a8d75fe --incr --debug typical --relax --mt 2 -L xil_defaultlib -L unisims_ver -L unimacro_ver -L secureip --snapshot task3_tb_behav xil_defaultlib.task3_tb xil_defaultlib.glbl -log elaborate.log 
Using 2 slave threads.
Starting static elaboration
Pass Through NonSizing Optimizer
WARNING: [VRFC 10-5021] port 'PC_final' is not connected on this instance [D:/Vivado Projects/RISCV Processor Task 3/project_1.srcs/sources_1/new/task3.v:437]
WARNING: [VRFC 10-3705] select index 36 into 'instruction_in' is out of bounds [D:/Vivado Projects/RISCV Processor Task 3/project_1.srcs/sources_1/new/IM_2.v:53]
WARNING: [VRFC 10-3705] select index 37 into 'instruction_in' is out of bounds [D:/Vivado Projects/RISCV Processor Task 3/project_1.srcs/sources_1/new/IM_2.v:54]
WARNING: [VRFC 10-3705] select index 38 into 'instruction_in' is out of bounds [D:/Vivado Projects/RISCV Processor Task 3/project_1.srcs/sources_1/new/IM_2.v:55]
WARNING: [VRFC 10-3705] select index 39 into 'instruction_in' is out of bounds [D:/Vivado Projects/RISCV Processor Task 3/project_1.srcs/sources_1/new/IM_2.v:56]
WARNING: [VRFC 10-3705] select index 40 into 'instruction_in' is out of bounds [D:/Vivado Projects/RISCV Processor Task 3/project_1.srcs/sources_1/new/IM_2.v:57]
WARNING: [VRFC 10-3705] select index 41 into 'instruction_in' is out of bounds [D:/Vivado Projects/RISCV Processor Task 3/project_1.srcs/sources_1/new/IM_2.v:58]
Completed static elaboration
Starting simulation data flow analysis
Completed simulation data flow analysis
Time Resolution for simulation is 1ps
Compiling module xil_defaultlib.PC_2
Compiling module xil_defaultlib.adder
Compiling module xil_defaultlib.IM_2
Compiling module xil_defaultlib.IF_ID_2
Compiling module xil_defaultlib.inst_parser
Compiling module xil_defaultlib.Control_Unit
Compiling module xil_defaultlib.registerFile
Compiling module xil_defaultlib.imm_dat_gen
Compiling module xil_defaultlib.Hazard_Detection_Unit
Compiling module xil_defaultlib.ID_EX_2
Compiling module xil_defaultlib.ALU_Control
Compiling module xil_defaultlib.mux_2x1
Compiling module xil_defaultlib.ALU_64_bit
Compiling module xil_defaultlib.EX_MEM
Compiling module xil_defaultlib.Data_Memory
Compiling module xil_defaultlib.MEM_WB
Compiling module xil_defaultlib.Forwarding_Unit
Compiling module xil_defaultlib.task_3
Compiling module xil_defaultlib.task3_tb
Compiling module xil_defaultlib.glbl
Built simulation snapshot task3_tb_behav
INFO: [USF-XSim-69] 'elaborate' step finished in '2' seconds
INFO: [USF-XSim-4] XSim::Simulate design
INFO: [USF-XSim-61] Executing 'SIMULATE' step in 'D:/Vivado Projects/RISCV Processor Task 3/project_1.sim/sim_1/behav/xsim'
INFO: [USF-XSim-98] *** Running xsim
   with args "task3_tb_behav -key {Behavioral:sim_1:Functional:task3_tb} -tclbatch {task3_tb.tcl} -view {{D:/Vivado Projects/RISCV Processor Task 3/task1_tb_behav.wcfg}} -log {simulate.log}"
INFO: [USF-XSim-8] Loading simulator feature
Vivado Simulator 2020.1
Time resolution is 1 ps
open_wave_config {D:/Vivado Projects/RISCV Processor Task 3/task1_tb_behav.wcfg}
WARNING: Simulation object /task3_tb/a1/branch_target was not found in the design.
WARNING: Simulation object /task3_tb/a1/PC_src was not found in the design.
WARNING: Simulation object /task3_tb/a1/PC_final was not found in the design.
open_wave_config: Time (s): cpu = 00:00:03 ; elapsed = 00:00:07 . Memory (MB): peak = 1024.543 ; gain = 0.000
source task3_tb.tcl
# set curr_wave [current_wave_config]
# if { [string length $curr_wave] == 0 } {
#   if { [llength [get_objects]] > 0} {
#     add_wave /
#     set_property needs_save false [current_wave_config]
#   } else {
#      send_msg_id Add_Wave-1 WARNING "No top level signals found. Simulator will start without a wave window. If you want to open a wave window go to 'File->New Waveform Configuration' or type 'create_wave_config' in the TCL console."
#   }
# }
# run 100000ns
xsim: Time (s): cpu = 00:00:06 ; elapsed = 00:00:09 . Memory (MB): peak = 1024.543 ; gain = 0.000
INFO: [USF-XSim-96] XSim completed. Design snapshot 'task3_tb_behav' loaded.
INFO: [USF-XSim-97] XSim simulation ran for 100000ns
launch_simulation: Time (s): cpu = 00:00:06 ; elapsed = 00:00:15 . Memory (MB): peak = 1024.543 ; gain = 0.000
close_sim
ERROR: [Vivado 12-106] *** Exception: java.lang.NullPointerException (See D:/Vivado Projects/RISCV Processor Task 3/vivado_pid16616.debug)
INFO: [Simtcl 6-16] Simulation closed
close_sim: Time (s): cpu = 00:00:02 ; elapsed = 00:00:06 . Memory (MB): peak = 1045.758 ; gain = 5.609
ERROR: [Common 17-39] 'close_sim' failed due to earlier errors.
launch_simulation
Command: launch_simulation 
INFO: [Vivado 12-5682] Launching behavioral simulation in 'D:/Vivado Projects/RISCV Processor Task 3/project_1.sim/sim_1/behav/xsim'
INFO: [SIM-utils-51] Simulation object is 'sim_1'
INFO: [SIM-utils-54] Inspecting design source files for 'task3_tb' in fileset 'sim_1'...
INFO: [USF-XSim-97] Finding global include files...
INFO: [USF-XSim-98] Fetching design files from 'sim_1'...
INFO: [USF-XSim-2] XSim::Compile design
INFO: [USF-XSim-61] Executing 'COMPILE and ANALYZE' step in 'D:/Vivado Projects/RISCV Processor Task 3/project_1.sim/sim_1/behav/xsim'
"xvlog --incr --relax -prj task3_tb_vlog.prj"
INFO: [VRFC 10-2263] Analyzing Verilog file "D:/Vivado Projects/RISCV Processor Task 3/project_1.srcs/sources_1/new/ALU_64_bit.v" into library xil_defaultlib
INFO: [VRFC 10-311] analyzing module ALU_64_bit
INFO: [VRFC 10-2263] Analyzing Verilog file "D:/Vivado Projects/RISCV Processor Task 3/project_1.srcs/sources_1/new/ALU_Control.v" into library xil_defaultlib
INFO: [VRFC 10-311] analyzing module ALU_Control
INFO: [VRFC 10-2263] Analyzing Verilog file "D:/Vivado Projects/RISCV Processor Task 3/project_1.srcs/sources_1/new/Control_Unit.v" into library xil_defaultlib
INFO: [VRFC 10-311] analyzing module Control_Unit
INFO: [VRFC 10-2263] Analyzing Verilog file "D:/Vivado Projects/RISCV Processor Task 3/project_1.srcs/sources_1/new/Data_Memory.v" into library xil_defaultlib
INFO: [VRFC 10-311] analyzing module Data_Memory
INFO: [VRFC 10-2263] Analyzing Verilog file "D:/Vivado Projects/RISCV Processor Task 3/project_1.srcs/sources_1/new/EX_MEM.v" into library xil_defaultlib
INFO: [VRFC 10-311] analyzing module EX_MEM
INFO: [VRFC 10-2263] Analyzing Verilog file "D:/Vivado Projects/RISCV Processor Task 3/project_1.srcs/sources_1/new/Forwarding_Unit.v" into library xil_defaultlib
INFO: [VRFC 10-311] analyzing module Forwarding_Unit
INFO: [VRFC 10-2263] Analyzing Verilog file "D:/Vivado Projects/RISCV Processor Task 3/project_1.srcs/sources_1/new/Hazard_Detection_Unit.v" into library xil_defaultlib
INFO: [VRFC 10-311] analyzing module Hazard_Detection_Unit
INFO: [VRFC 10-2263] Analyzing Verilog file "D:/Vivado Projects/RISCV Processor Task 3/project_1.srcs/sources_1/new/ID_EX_2.v" into library xil_defaultlib
INFO: [VRFC 10-311] analyzing module ID_EX_2
INFO: [VRFC 10-2263] Analyzing Verilog file "D:/Vivado Projects/RISCV Processor Task 3/project_1.srcs/sources_1/new/IF_ID_2.v" into library xil_defaultlib
INFO: [VRFC 10-311] analyzing module IF_ID_2
INFO: [VRFC 10-2263] Analyzing Verilog file "D:/Vivado Projects/RISCV Processor Task 3/project_1.srcs/sources_1/new/IM_2.v" into library xil_defaultlib
INFO: [VRFC 10-311] analyzing module IM_2
INFO: [VRFC 10-2263] Analyzing Verilog file "D:/Vivado Projects/RISCV Processor Task 3/project_1.srcs/sources_1/new/MEM_WB.v" into library xil_defaultlib
INFO: [VRFC 10-311] analyzing module MEM_WB
INFO: [VRFC 10-2263] Analyzing Verilog file "D:/Vivado Projects/RISCV Processor Task 3/project_1.srcs/sources_1/new/PC_2.v" into library xil_defaultlib
INFO: [VRFC 10-311] analyzing module PC_2
INFO: [VRFC 10-2263] Analyzing Verilog file "D:/Vivado Projects/RISCV Processor Task 3/project_1.srcs/sources_1/new/RegisterFile.v" into library xil_defaultlib
INFO: [VRFC 10-311] analyzing module registerFile
INFO: [VRFC 10-2263] Analyzing Verilog file "D:/Vivado Projects/RISCV Processor Task 3/project_1.srcs/sources_1/new/adder.v" into library xil_defaultlib
INFO: [VRFC 10-311] analyzing module adder
INFO: [VRFC 10-2263] Analyzing Verilog file "D:/Vivado Projects/RISCV Processor Task 3/project_1.srcs/sources_1/new/imm_data_gen.v" into library xil_defaultlib
INFO: [VRFC 10-311] analyzing module imm_dat_gen
INFO: [VRFC 10-2263] Analyzing Verilog file "D:/Vivado Projects/RISCV Processor Task 3/project_1.srcs/sources_1/new/inst_parser.v" into library xil_defaultlib
INFO: [VRFC 10-311] analyzing module inst_parser
INFO: [VRFC 10-2263] Analyzing Verilog file "D:/Vivado Projects/RISCV Processor Task 3/project_1.srcs/sources_1/new/mux_2x1.v" into library xil_defaultlib
INFO: [VRFC 10-311] analyzing module mux_2x1
INFO: [VRFC 10-2263] Analyzing Verilog file "D:/Vivado Projects/RISCV Processor Task 3/project_1.srcs/sources_1/new/task3.v" into library xil_defaultlib
INFO: [VRFC 10-311] analyzing module task_3
INFO: [VRFC 10-2458] undeclared symbol IDEX_MemRead_store, assumed default net type wire [D:/Vivado Projects/RISCV Processor Task 3/project_1.srcs/sources_1/new/task3.v:439]
INFO: [VRFC 10-2458] undeclared symbol IDEX_MemWrite_store, assumed default net type wire [D:/Vivado Projects/RISCV Processor Task 3/project_1.srcs/sources_1/new/task3.v:480]
INFO: [VRFC 10-2458] undeclared symbol EXMEM_MemWrite_store, assumed default net type wire [D:/Vivado Projects/RISCV Processor Task 3/project_1.srcs/sources_1/new/task3.v:560]
INFO: [VRFC 10-2458] undeclared symbol EXMEM_MemRead_store, assumed default net type wire [D:/Vivado Projects/RISCV Processor Task 3/project_1.srcs/sources_1/new/task3.v:561]
INFO: [VRFC 10-2263] Analyzing Verilog file "D:/Vivado Projects/RISCV Processor Task 3/project_1.srcs/sim_1/new/task3_tb.v" into library xil_defaultlib
INFO: [VRFC 10-311] analyzing module task3_tb
INFO: [USF-XSim-69] 'compile' step finished in '3' seconds
INFO: [USF-XSim-3] XSim::Elaborate design
INFO: [USF-XSim-61] Executing 'ELABORATE' step in 'D:/Vivado Projects/RISCV Processor Task 3/project_1.sim/sim_1/behav/xsim'
"xelab -wto e3a17a71a2f045e1ba9ced6a1a8d75fe --incr --debug typical --relax --mt 2 -L xil_defaultlib -L unisims_ver -L unimacro_ver -L secureip --snapshot task3_tb_behav xil_defaultlib.task3_tb xil_defaultlib.glbl -log elaborate.log"
Vivado Simulator 2020.1
Copyright 1986-1999, 2001-2020 Xilinx, Inc. All Rights Reserved.
Running: C:/Xilinx/Vivado/2020.1/bin/unwrapped/win64.o/xelab.exe -wto e3a17a71a2f045e1ba9ced6a1a8d75fe --incr --debug typical --relax --mt 2 -L xil_defaultlib -L unisims_ver -L unimacro_ver -L secureip --snapshot task3_tb_behav xil_defaultlib.task3_tb xil_defaultlib.glbl -log elaborate.log 
Using 2 slave threads.
Starting static elaboration
Pass Through NonSizing Optimizer
WARNING: [VRFC 10-5021] port 'PC_final' is not connected on this instance [D:/Vivado Projects/RISCV Processor Task 3/project_1.srcs/sources_1/new/task3.v:437]
Completed static elaboration
Starting simulation data flow analysis
Completed simulation data flow analysis
Time Resolution for simulation is 1ps
Compiling module xil_defaultlib.PC_2
Compiling module xil_defaultlib.adder
Compiling module xil_defaultlib.IM_2
Compiling module xil_defaultlib.IF_ID_2
Compiling module xil_defaultlib.inst_parser
Compiling module xil_defaultlib.Control_Unit
Compiling module xil_defaultlib.registerFile
Compiling module xil_defaultlib.imm_dat_gen
Compiling module xil_defaultlib.Hazard_Detection_Unit
Compiling module xil_defaultlib.ID_EX_2
Compiling module xil_defaultlib.ALU_Control
Compiling module xil_defaultlib.mux_2x1
Compiling module xil_defaultlib.ALU_64_bit
Compiling module xil_defaultlib.EX_MEM
Compiling module xil_defaultlib.Data_Memory
Compiling module xil_defaultlib.MEM_WB
Compiling module xil_defaultlib.Forwarding_Unit
Compiling module xil_defaultlib.task_3
Compiling module xil_defaultlib.task3_tb
Compiling module xil_defaultlib.glbl
Built simulation snapshot task3_tb_behav
INFO: [USF-XSim-69] 'elaborate' step finished in '3' seconds
INFO: [USF-XSim-4] XSim::Simulate design
INFO: [USF-XSim-61] Executing 'SIMULATE' step in 'D:/Vivado Projects/RISCV Processor Task 3/project_1.sim/sim_1/behav/xsim'
INFO: [USF-XSim-98] *** Running xsim
   with args "task3_tb_behav -key {Behavioral:sim_1:Functional:task3_tb} -tclbatch {task3_tb.tcl} -view {{D:/Vivado Projects/RISCV Processor Task 3/task1_tb_behav.wcfg}} -log {simulate.log}"
INFO: [USF-XSim-8] Loading simulator feature
Vivado Simulator 2020.1
Time resolution is 1 ps
open_wave_config {D:/Vivado Projects/RISCV Processor Task 3/task1_tb_behav.wcfg}
WARNING: Simulation object /task3_tb/a1/branch_target was not found in the design.
WARNING: Simulation object /task3_tb/a1/PC_src was not found in the design.
WARNING: Simulation object /task3_tb/a1/PC_final was not found in the design.
open_wave_config: Time (s): cpu = 00:00:04 ; elapsed = 00:00:07 . Memory (MB): peak = 1148.785 ; gain = 0.340
source task3_tb.tcl
# set curr_wave [current_wave_config]
# if { [string length $curr_wave] == 0 } {
#   if { [llength [get_objects]] > 0} {
#     add_wave /
#     set_property needs_save false [current_wave_config]
#   } else {
#      send_msg_id Add_Wave-1 WARNING "No top level signals found. Simulator will start without a wave window. If you want to open a wave window go to 'File->New Waveform Configuration' or type 'create_wave_config' in the TCL console."
#   }
# }
# run 100000ns
xsim: Time (s): cpu = 00:00:08 ; elapsed = 00:00:11 . Memory (MB): peak = 1174.676 ; gain = 128.918
INFO: [USF-XSim-96] XSim completed. Design snapshot 'task3_tb_behav' loaded.
INFO: [USF-XSim-97] XSim simulation ran for 100000ns
launch_simulation: Time (s): cpu = 00:00:08 ; elapsed = 00:00:16 . Memory (MB): peak = 1174.676 ; gain = 128.918
close_sim
INFO: [Simtcl 6-16] Simulation closed
launch_simulation
Command: launch_simulation 
INFO: [Vivado 12-5682] Launching behavioral simulation in 'D:/Vivado Projects/RISCV Processor Task 3/project_1.sim/sim_1/behav/xsim'
INFO: [SIM-utils-51] Simulation object is 'sim_1'
INFO: [SIM-utils-54] Inspecting design source files for 'task3_tb' in fileset 'sim_1'...
INFO: [USF-XSim-97] Finding global include files...
INFO: [USF-XSim-98] Fetching design files from 'sim_1'...
INFO: [USF-XSim-2] XSim::Compile design
INFO: [USF-XSim-61] Executing 'COMPILE and ANALYZE' step in 'D:/Vivado Projects/RISCV Processor Task 3/project_1.sim/sim_1/behav/xsim'
"xvlog --incr --relax -prj task3_tb_vlog.prj"
INFO: [VRFC 10-2263] Analyzing Verilog file "D:/Vivado Projects/RISCV Processor Task 3/project_1.srcs/sources_1/new/ALU_64_bit.v" into library xil_defaultlib
INFO: [VRFC 10-311] analyzing module ALU_64_bit
INFO: [VRFC 10-2263] Analyzing Verilog file "D:/Vivado Projects/RISCV Processor Task 3/project_1.srcs/sources_1/new/ALU_Control.v" into library xil_defaultlib
INFO: [VRFC 10-311] analyzing module ALU_Control
INFO: [VRFC 10-2263] Analyzing Verilog file "D:/Vivado Projects/RISCV Processor Task 3/project_1.srcs/sources_1/new/Control_Unit.v" into library xil_defaultlib
INFO: [VRFC 10-311] analyzing module Control_Unit
INFO: [VRFC 10-2263] Analyzing Verilog file "D:/Vivado Projects/RISCV Processor Task 3/project_1.srcs/sources_1/new/Data_Memory.v" into library xil_defaultlib
INFO: [VRFC 10-311] analyzing module Data_Memory
INFO: [VRFC 10-2263] Analyzing Verilog file "D:/Vivado Projects/RISCV Processor Task 3/project_1.srcs/sources_1/new/EX_MEM.v" into library xil_defaultlib
INFO: [VRFC 10-311] analyzing module EX_MEM
INFO: [VRFC 10-2263] Analyzing Verilog file "D:/Vivado Projects/RISCV Processor Task 3/project_1.srcs/sources_1/new/Forwarding_Unit.v" into library xil_defaultlib
INFO: [VRFC 10-311] analyzing module Forwarding_Unit
INFO: [VRFC 10-2263] Analyzing Verilog file "D:/Vivado Projects/RISCV Processor Task 3/project_1.srcs/sources_1/new/Hazard_Detection_Unit.v" into library xil_defaultlib
INFO: [VRFC 10-311] analyzing module Hazard_Detection_Unit
INFO: [VRFC 10-2263] Analyzing Verilog file "D:/Vivado Projects/RISCV Processor Task 3/project_1.srcs/sources_1/new/ID_EX_2.v" into library xil_defaultlib
INFO: [VRFC 10-311] analyzing module ID_EX_2
INFO: [VRFC 10-2263] Analyzing Verilog file "D:/Vivado Projects/RISCV Processor Task 3/project_1.srcs/sources_1/new/IF_ID_2.v" into library xil_defaultlib
INFO: [VRFC 10-311] analyzing module IF_ID_2
INFO: [VRFC 10-2263] Analyzing Verilog file "D:/Vivado Projects/RISCV Processor Task 3/project_1.srcs/sources_1/new/IM_2.v" into library xil_defaultlib
INFO: [VRFC 10-311] analyzing module IM_2
INFO: [VRFC 10-2263] Analyzing Verilog file "D:/Vivado Projects/RISCV Processor Task 3/project_1.srcs/sources_1/new/MEM_WB.v" into library xil_defaultlib
INFO: [VRFC 10-311] analyzing module MEM_WB
INFO: [VRFC 10-2263] Analyzing Verilog file "D:/Vivado Projects/RISCV Processor Task 3/project_1.srcs/sources_1/new/PC_2.v" into library xil_defaultlib
INFO: [VRFC 10-311] analyzing module PC_2
INFO: [VRFC 10-2263] Analyzing Verilog file "D:/Vivado Projects/RISCV Processor Task 3/project_1.srcs/sources_1/new/RegisterFile.v" into library xil_defaultlib
INFO: [VRFC 10-311] analyzing module registerFile
INFO: [VRFC 10-2263] Analyzing Verilog file "D:/Vivado Projects/RISCV Processor Task 3/project_1.srcs/sources_1/new/adder.v" into library xil_defaultlib
INFO: [VRFC 10-311] analyzing module adder
INFO: [VRFC 10-2263] Analyzing Verilog file "D:/Vivado Projects/RISCV Processor Task 3/project_1.srcs/sources_1/new/imm_data_gen.v" into library xil_defaultlib
INFO: [VRFC 10-311] analyzing module imm_dat_gen
INFO: [VRFC 10-2263] Analyzing Verilog file "D:/Vivado Projects/RISCV Processor Task 3/project_1.srcs/sources_1/new/inst_parser.v" into library xil_defaultlib
INFO: [VRFC 10-311] analyzing module inst_parser
INFO: [VRFC 10-2263] Analyzing Verilog file "D:/Vivado Projects/RISCV Processor Task 3/project_1.srcs/sources_1/new/mux_2x1.v" into library xil_defaultlib
INFO: [VRFC 10-311] analyzing module mux_2x1
INFO: [VRFC 10-2263] Analyzing Verilog file "D:/Vivado Projects/RISCV Processor Task 3/project_1.srcs/sources_1/new/task3.v" into library xil_defaultlib
INFO: [VRFC 10-311] analyzing module task_3
INFO: [VRFC 10-2458] undeclared symbol IDEX_MemRead_store, assumed default net type wire [D:/Vivado Projects/RISCV Processor Task 3/project_1.srcs/sources_1/new/task3.v:439]
INFO: [VRFC 10-2458] undeclared symbol IDEX_MemWrite_store, assumed default net type wire [D:/Vivado Projects/RISCV Processor Task 3/project_1.srcs/sources_1/new/task3.v:480]
INFO: [VRFC 10-2458] undeclared symbol EXMEM_MemWrite_store, assumed default net type wire [D:/Vivado Projects/RISCV Processor Task 3/project_1.srcs/sources_1/new/task3.v:560]
INFO: [VRFC 10-2458] undeclared symbol EXMEM_MemRead_store, assumed default net type wire [D:/Vivado Projects/RISCV Processor Task 3/project_1.srcs/sources_1/new/task3.v:561]
INFO: [VRFC 10-2263] Analyzing Verilog file "D:/Vivado Projects/RISCV Processor Task 3/project_1.srcs/sim_1/new/task3_tb.v" into library xil_defaultlib
INFO: [VRFC 10-311] analyzing module task3_tb
INFO: [USF-XSim-69] 'compile' step finished in '3' seconds
INFO: [USF-XSim-3] XSim::Elaborate design
INFO: [USF-XSim-61] Executing 'ELABORATE' step in 'D:/Vivado Projects/RISCV Processor Task 3/project_1.sim/sim_1/behav/xsim'
"xelab -wto e3a17a71a2f045e1ba9ced6a1a8d75fe --incr --debug typical --relax --mt 2 -L xil_defaultlib -L unisims_ver -L unimacro_ver -L secureip --snapshot task3_tb_behav xil_defaultlib.task3_tb xil_defaultlib.glbl -log elaborate.log"
Vivado Simulator 2020.1
Copyright 1986-1999, 2001-2020 Xilinx, Inc. All Rights Reserved.
Running: C:/Xilinx/Vivado/2020.1/bin/unwrapped/win64.o/xelab.exe -wto e3a17a71a2f045e1ba9ced6a1a8d75fe --incr --debug typical --relax --mt 2 -L xil_defaultlib -L unisims_ver -L unimacro_ver -L secureip --snapshot task3_tb_behav xil_defaultlib.task3_tb xil_defaultlib.glbl -log elaborate.log 
Using 2 slave threads.
Starting static elaboration
Pass Through NonSizing Optimizer
WARNING: [VRFC 10-5021] port 'PC_final' is not connected on this instance [D:/Vivado Projects/RISCV Processor Task 3/project_1.srcs/sources_1/new/task3.v:437]
Completed static elaboration
Starting simulation data flow analysis
Completed simulation data flow analysis
Time Resolution for simulation is 1ps
Compiling module xil_defaultlib.PC_2
Compiling module xil_defaultlib.adder
Compiling module xil_defaultlib.IM_2
Compiling module xil_defaultlib.IF_ID_2
Compiling module xil_defaultlib.inst_parser
Compiling module xil_defaultlib.Control_Unit
Compiling module xil_defaultlib.registerFile
Compiling module xil_defaultlib.imm_dat_gen
Compiling module xil_defaultlib.Hazard_Detection_Unit
Compiling module xil_defaultlib.ID_EX_2
Compiling module xil_defaultlib.ALU_Control
Compiling module xil_defaultlib.mux_2x1
Compiling module xil_defaultlib.ALU_64_bit
Compiling module xil_defaultlib.EX_MEM
Compiling module xil_defaultlib.Data_Memory
Compiling module xil_defaultlib.MEM_WB
Compiling module xil_defaultlib.Forwarding_Unit
Compiling module xil_defaultlib.task_3
Compiling module xil_defaultlib.task3_tb
Compiling module xil_defaultlib.glbl
Built simulation snapshot task3_tb_behav
INFO: [USF-XSim-69] 'elaborate' step finished in '3' seconds
INFO: [USF-XSim-4] XSim::Simulate design
INFO: [USF-XSim-61] Executing 'SIMULATE' step in 'D:/Vivado Projects/RISCV Processor Task 3/project_1.sim/sim_1/behav/xsim'
INFO: [USF-XSim-98] *** Running xsim
   with args "task3_tb_behav -key {Behavioral:sim_1:Functional:task3_tb} -tclbatch {task3_tb.tcl} -view {{D:/Vivado Projects/RISCV Processor Task 3/task1_tb_behav.wcfg}} -log {simulate.log}"
INFO: [USF-XSim-8] Loading simulator feature
Vivado Simulator 2020.1
Time resolution is 1 ps
open_wave_config {D:/Vivado Projects/RISCV Processor Task 3/task1_tb_behav.wcfg}
WARNING: Simulation object /task3_tb/a1/branch_target was not found in the design.
WARNING: Simulation object /task3_tb/a1/PC_src was not found in the design.
WARNING: Simulation object /task3_tb/a1/PC_final was not found in the design.
open_wave_config: Time (s): cpu = 00:00:04 ; elapsed = 00:00:07 . Memory (MB): peak = 1174.676 ; gain = 0.000
source task3_tb.tcl
# set curr_wave [current_wave_config]
# if { [string length $curr_wave] == 0 } {
#   if { [llength [get_objects]] > 0} {
#     add_wave /
#     set_property needs_save false [current_wave_config]
#   } else {
#      send_msg_id Add_Wave-1 WARNING "No top level signals found. Simulator will start without a wave window. If you want to open a wave window go to 'File->New Waveform Configuration' or type 'create_wave_config' in the TCL console."
#   }
# }
# run 100000ns
xsim: Time (s): cpu = 00:00:06 ; elapsed = 00:00:09 . Memory (MB): peak = 1174.676 ; gain = 0.000
INFO: [USF-XSim-96] XSim completed. Design snapshot 'task3_tb_behav' loaded.
INFO: [USF-XSim-97] XSim simulation ran for 100000ns
launch_simulation: Time (s): cpu = 00:00:06 ; elapsed = 00:00:15 . Memory (MB): peak = 1174.676 ; gain = 0.000
close_sim
INFO: [Simtcl 6-16] Simulation closed
exit
INFO: [Common 17-206] Exiting Vivado at Mon Apr 14 17:11:30 2025...
