#-----------------------------------------------------------
# Vivado v2020.1 (64-bit)
# SW Build 2902540 on Wed May 27 19:54:49 MDT 2020
# IP Build 2902112 on Wed May 27 22:43:36 MDT 2020
# Start of session at: Mon Apr  7 23:43:29 2025
# Process ID: 5356
# Current directory: C:/Users/ddddd/OneDrive/Desktop/Semester 4/CA/project_1/project_1
# Command line: vivado.exe -gui_launcher_event rodinguilauncherevent7684 C:\Users\ddddd\OneDrive\Desktop\Semester 4\CA\project_1\project_1\project_1.xpr
# Log file: C:/Users/ddddd/OneDrive/Desktop/Semester 4/CA/project_1/project_1/vivado.log
# Journal file: C:/Users/ddddd/OneDrive/Desktop/Semester 4/CA/project_1/project_1\vivado.jou
#-----------------------------------------------------------
start_gui
open_project {C:/Users/ddddd/OneDrive/Desktop/Semester 4/CA/project_1/project_1/project_1.xpr}
INFO: [Project 1-313] Project file moved from 'C:/Users/Dell/Downloads/ComputerArchitectureLab/project_1' since last save.
Scanning sources...
Finished scanning sources
INFO: [IP_Flow 19-234] Refreshing IP repositories
INFO: [IP_Flow 19-1704] No user IP repositories specified
INFO: [IP_Flow 19-2313] Loaded Vivado IP repository 'C:/Xilinx/Vivado/2020.1/data/ip'.
open_project: Time (s): cpu = 00:00:15 ; elapsed = 00:00:06 . Memory (MB): peak = 1028.355 ; gain = 0.000
update_compile_order -fileset sources_1
close [ open {C:/Users/ddddd/OneDrive/Desktop/Semester 4/CA/project_1/project_1/project_1.srcs/sources_1/new/task1.v} w ]
add_files {{C:/Users/ddddd/OneDrive/Desktop/Semester 4/CA/project_1/project_1/project_1.srcs/sources_1/new/task1.v}}
update_compile_order -fileset sources_1
set_property top task1 [current_fileset]
update_compile_order -fileset sources_1
set_property SOURCE_SET sources_1 [get_filesets sim_1]
close [ open {C:/Users/ddddd/OneDrive/Desktop/Semester 4/CA/project_1/project_1/project_1.srcs/sim_1/new/task1_tb.v} w ]
add_files -fileset sim_1 {{C:/Users/ddddd/OneDrive/Desktop/Semester 4/CA/project_1/project_1/project_1.srcs/sim_1/new/task1_tb.v}}
update_compile_order -fileset sim_1
set_property top task1_tb [get_filesets sim_1]
set_property top_lib xil_defaultlib [get_filesets sim_1]
update_compile_order -fileset sim_1
update_compile_order -fileset sources_1
update_compile_order -fileset sources_1
update_compile_order -fileset sources_1
close [ open {C:/Users/ddddd/OneDrive/Desktop/Semester 4/CA/project_1/project_1/project_1.srcs/sources_1/new/ALU_64_bit.v} w ]
add_files {{C:/Users/ddddd/OneDrive/Desktop/Semester 4/CA/project_1/project_1/project_1.srcs/sources_1/new/ALU_64_bit.v}}
update_compile_order -fileset sources_1
update_compile_order -fileset sources_1
set_property SOURCE_SET sources_1 [get_filesets sim_1]
close [ open {C:/Users/ddddd/OneDrive/Desktop/Semester 4/CA/project_1/project_1/project_1.srcs/sim_1/new/testbench_ALU_64_bit.v} w ]
add_files -fileset sim_1 {{C:/Users/ddddd/OneDrive/Desktop/Semester 4/CA/project_1/project_1/project_1.srcs/sim_1/new/testbench_ALU_64_bit.v}}
update_compile_order -fileset sim_1
launch_simulation
Command: launch_simulation 
INFO: [Vivado 12-5682] Launching behavioral simulation in 'C:/Users/ddddd/OneDrive/Desktop/Semester 4/CA/project_1/project_1/project_1.sim/sim_1/behav/xsim'
INFO: [SIM-utils-51] Simulation object is 'sim_1'
INFO: [SIM-utils-54] Inspecting design source files for 'task1_tb' in fileset 'sim_1'...
INFO: [USF-XSim-97] Finding global include files...
INFO: [USF-XSim-98] Fetching design files from 'sim_1'...
INFO: [USF-XSim-2] XSim::Compile design
INFO: [USF-XSim-61] Executing 'COMPILE and ANALYZE' step in 'C:/Users/ddddd/OneDrive/Desktop/Semester 4/CA/project_1/project_1/project_1.sim/sim_1/behav/xsim'
"xvlog --incr --relax -prj task1_tb_vlog.prj"
INFO: [VRFC 10-2263] Analyzing Verilog file "C:/Users/ddddd/OneDrive/Desktop/Semester 4/CA/project_1/project_1/project_1.srcs/sources_1/new/ALU_64_bit.v" into library xil_defaultlib
INFO: [VRFC 10-311] analyzing module ALU_64_bit
INFO: [VRFC 10-2263] Analyzing Verilog file "C:/Users/ddddd/OneDrive/Desktop/Semester 4/CA/project_1/project_1/project_1.srcs/sources_1/new/ALU_Control.v" into library xil_defaultlib
INFO: [VRFC 10-311] analyzing module ALU_Control
INFO: [VRFC 10-2263] Analyzing Verilog file "C:/Users/ddddd/OneDrive/Desktop/Semester 4/CA/project_1/project_1/project_1.srcs/sources_1/new/Control_Unit.v" into library xil_defaultlib
INFO: [VRFC 10-311] analyzing module Control_Unit
INFO: [VRFC 10-2263] Analyzing Verilog file "C:/Users/ddddd/OneDrive/Desktop/Semester 4/CA/project_1/project_1/project_1.srcs/sources_1/new/Data_Memory.v" into library xil_defaultlib
INFO: [VRFC 10-311] analyzing module Data_Memory
INFO: [VRFC 10-2263] Analyzing Verilog file "C:/Users/ddddd/OneDrive/Desktop/Semester 4/CA/project_1/project_1/project_1.srcs/sources_1/new/Instruction_Memory.v" into library xil_defaultlib
INFO: [VRFC 10-311] analyzing module Instruction_Memory
INFO: [VRFC 10-2263] Analyzing Verilog file "C:/Users/ddddd/OneDrive/Desktop/Semester 4/CA/project_1/project_1/project_1.srcs/sources_1/new/Program_Counter.v" into library xil_defaultlib
INFO: [VRFC 10-311] analyzing module Program_Counter
INFO: [VRFC 10-2263] Analyzing Verilog file "C:/Users/ddddd/OneDrive/Desktop/Semester 4/CA/project_1/project_1/project_1.srcs/sources_1/new/RegisterFile.v" into library xil_defaultlib
INFO: [VRFC 10-311] analyzing module RegisterFile
INFO: [VRFC 10-2263] Analyzing Verilog file "C:/Users/ddddd/OneDrive/Desktop/Semester 4/CA/project_1/project_1/project_1.srcs/sources_1/new/adder.v" into library xil_defaultlib
INFO: [VRFC 10-311] analyzing module adder
INFO: [VRFC 10-2263] Analyzing Verilog file "C:/Users/ddddd/OneDrive/Desktop/Semester 4/CA/project_1/project_1/project_1.srcs/sources_1/new/imm_data_gen.v" into library xil_defaultlib
INFO: [VRFC 10-311] analyzing module imm_dat_gen
INFO: [VRFC 10-2263] Analyzing Verilog file "C:/Users/ddddd/OneDrive/Desktop/Semester 4/CA/project_1/project_1/project_1.srcs/sources_1/new/inst_parser.v" into library xil_defaultlib
INFO: [VRFC 10-311] analyzing module inst_parser
INFO: [VRFC 10-2263] Analyzing Verilog file "C:/Users/ddddd/OneDrive/Desktop/Semester 4/CA/project_1/project_1/project_1.srcs/sources_1/new/mux_2x1.v" into library xil_defaultlib
INFO: [VRFC 10-311] analyzing module mux_2x1
INFO: [VRFC 10-2263] Analyzing Verilog file "C:/Users/ddddd/OneDrive/Desktop/Semester 4/CA/project_1/project_1/project_1.srcs/sources_1/new/task1.v" into library xil_defaultlib
INFO: [VRFC 10-311] analyzing module task1
INFO: [VRFC 10-2263] Analyzing Verilog file "C:/Users/ddddd/OneDrive/Desktop/Semester 4/CA/project_1/project_1/project_1.srcs/sources_1/new/top_control.v" into library xil_defaultlib
INFO: [VRFC 10-311] analyzing module top_control
INFO: [VRFC 10-2263] Analyzing Verilog file "C:/Users/ddddd/OneDrive/Desktop/Semester 4/CA/project_1/project_1/project_1.srcs/sim_1/new/task1_tb.v" into library xil_defaultlib
INFO: [VRFC 10-311] analyzing module task1_tb
INFO: [VRFC 10-2263] Analyzing Verilog file "C:/Users/ddddd/OneDrive/Desktop/Semester 4/CA/project_1/project_1/project_1.sim/sim_1/behav/xsim/glbl.v" into library xil_defaultlib
INFO: [VRFC 10-311] analyzing module glbl
INFO: [USF-XSim-69] 'compile' step finished in '2' seconds
INFO: [USF-XSim-3] XSim::Elaborate design
INFO: [USF-XSim-61] Executing 'ELABORATE' step in 'C:/Users/ddddd/OneDrive/Desktop/Semester 4/CA/project_1/project_1/project_1.sim/sim_1/behav/xsim'
"xelab -wto e3a17a71a2f045e1ba9ced6a1a8d75fe --incr --debug typical --relax --mt 2 -L xil_defaultlib -L unisims_ver -L unimacro_ver -L secureip --snapshot task1_tb_behav xil_defaultlib.task1_tb xil_defaultlib.glbl -log elaborate.log"
Vivado Simulator 2020.1
Copyright 1986-1999, 2001-2020 Xilinx, Inc. All Rights Reserved.
Running: C:/Xilinx/Vivado/2020.1/bin/unwrapped/win64.o/xelab.exe -wto e3a17a71a2f045e1ba9ced6a1a8d75fe --incr --debug typical --relax --mt 2 -L xil_defaultlib -L unisims_ver -L unimacro_ver -L secureip --snapshot task1_tb_behav xil_defaultlib.task1_tb xil_defaultlib.glbl -log elaborate.log 
Using 2 slave threads.
Starting static elaboration
Pass Through NonSizing Optimizer
WARNING: [VRFC 10-3091] actual bit length 4 differs from formal bit length 7 for port 'func7' [C:/Users/ddddd/OneDrive/Desktop/Semester 4/CA/project_1/project_1/project_1.srcs/sources_1/new/task1.v:28]
Completed static elaboration
Starting simulation data flow analysis
Completed simulation data flow analysis
Time Resolution for simulation is 1ps
Compiling module xil_defaultlib.Program_Counter
Compiling module xil_defaultlib.adder
Compiling module xil_defaultlib.Instruction_Memory
Compiling module xil_defaultlib.inst_parser
Compiling module xil_defaultlib.Control_Unit
Compiling module xil_defaultlib.ALU_Control
Compiling module xil_defaultlib.top_control
Compiling module xil_defaultlib.imm_dat_gen
Compiling module xil_defaultlib.RegisterFile
Compiling module xil_defaultlib.mux_2x1
Compiling module xil_defaultlib.ALU_64_bit
Compiling module xil_defaultlib.Data_Memory
Compiling module xil_defaultlib.task1
Compiling module xil_defaultlib.task1_tb
Compiling module xil_defaultlib.glbl
Built simulation snapshot task1_tb_behav

****** Webtalk v2020.1 (64-bit)
  **** SW Build 2902540 on Wed May 27 19:54:49 MDT 2020
  **** IP Build 2902112 on Wed May 27 22:43:36 MDT 2020
    ** Copyright 1986-2020 Xilinx, Inc. All Rights Reserved.

source C:/Users/ddddd/OneDrive/Desktop/Semester -notrace
couldn't read file "C:/Users/ddddd/OneDrive/Desktop/Semester": permission denied
INFO: [Common 17-206] Exiting Webtalk at Tue Apr  8 00:05:47 2025...
run_program: Time (s): cpu = 00:00:00 ; elapsed = 00:00:05 . Memory (MB): peak = 1028.355 ; gain = 0.000
INFO: [USF-XSim-69] 'elaborate' step finished in '6' seconds
INFO: [USF-XSim-4] XSim::Simulate design
INFO: [USF-XSim-61] Executing 'SIMULATE' step in 'C:/Users/ddddd/OneDrive/Desktop/Semester 4/CA/project_1/project_1/project_1.sim/sim_1/behav/xsim'
INFO: [USF-XSim-98] *** Running xsim
   with args "task1_tb_behav -key {Behavioral:sim_1:Functional:task1_tb} -tclbatch {task1_tb.tcl} -log {simulate.log}"
INFO: [USF-XSim-8] Loading simulator feature
Vivado Simulator 2020.1
Time resolution is 1 ps
source task1_tb.tcl
# set curr_wave [current_wave_config]
# if { [string length $curr_wave] == 0 } {
#   if { [llength [get_objects]] > 0} {
#     add_wave /
#     set_property needs_save false [current_wave_config]
#   } else {
#      send_msg_id Add_Wave-1 WARNING "No top level signals found. Simulator will start without a wave window. If you want to open a wave window go to 'File->New Waveform Configuration' or type 'create_wave_config' in the TCL console."
#   }
# }
# run 1000ns
INFO: [USF-XSim-96] XSim completed. Design snapshot 'task1_tb_behav' loaded.
INFO: [USF-XSim-97] XSim simulation ran for 1000ns
launch_simulation: Time (s): cpu = 00:00:10 ; elapsed = 00:00:15 . Memory (MB): peak = 1028.355 ; gain = 0.000
current_wave_config {Untitled 1}
Untitled 1
add_wave {{/task1_tb/a1}} 
save_wave_config {C:/Users/ddddd/OneDrive/Desktop/Semester 4/CA/project_1/project_1/task1_tb_behav.wcfg}
add_files -fileset sim_1 -norecurse {{C:/Users/ddddd/OneDrive/Desktop/Semester 4/CA/project_1/project_1/task1_tb_behav.wcfg}}
set_property xsim.view {{C:/Users/ddddd/OneDrive/Desktop/Semester 4/CA/project_1/project_1/task1_tb_behav.wcfg}} [get_filesets sim_1]
close_sim
INFO: [Simtcl 6-16] Simulation closed
launch_simulation
Command: launch_simulation 
INFO: [Vivado 12-5682] Launching behavioral simulation in 'C:/Users/ddddd/OneDrive/Desktop/Semester 4/CA/project_1/project_1/project_1.sim/sim_1/behav/xsim'
INFO: [SIM-utils-51] Simulation object is 'sim_1'
INFO: [SIM-utils-54] Inspecting design source files for 'task1_tb' in fileset 'sim_1'...
INFO: [USF-XSim-97] Finding global include files...
INFO: [USF-XSim-98] Fetching design files from 'sim_1'...
INFO: [USF-XSim-2] XSim::Compile design
INFO: [USF-XSim-61] Executing 'COMPILE and ANALYZE' step in 'C:/Users/ddddd/OneDrive/Desktop/Semester 4/CA/project_1/project_1/project_1.sim/sim_1/behav/xsim'
"xvlog --incr --relax -prj task1_tb_vlog.prj"
INFO: [USF-XSim-69] 'compile' step finished in '1' seconds
INFO: [USF-XSim-3] XSim::Elaborate design
INFO: [USF-XSim-61] Executing 'ELABORATE' step in 'C:/Users/ddddd/OneDrive/Desktop/Semester 4/CA/project_1/project_1/project_1.sim/sim_1/behav/xsim'
"xelab -wto e3a17a71a2f045e1ba9ced6a1a8d75fe --incr --debug typical --relax --mt 2 -L xil_defaultlib -L unisims_ver -L unimacro_ver -L secureip --snapshot task1_tb_behav xil_defaultlib.task1_tb xil_defaultlib.glbl -log elaborate.log"
Vivado Simulator 2020.1
Copyright 1986-1999, 2001-2020 Xilinx, Inc. All Rights Reserved.
Running: C:/Xilinx/Vivado/2020.1/bin/unwrapped/win64.o/xelab.exe -wto e3a17a71a2f045e1ba9ced6a1a8d75fe --incr --debug typical --relax --mt 2 -L xil_defaultlib -L unisims_ver -L unimacro_ver -L secureip --snapshot task1_tb_behav xil_defaultlib.task1_tb xil_defaultlib.glbl -log elaborate.log 
Using 2 slave threads.
Starting static elaboration
Pass Through NonSizing Optimizer
WARNING: [VRFC 10-3091] actual bit length 4 differs from formal bit length 7 for port 'func7' [C:/Users/ddddd/OneDrive/Desktop/Semester 4/CA/project_1/project_1/project_1.srcs/sources_1/new/task1.v:28]
Completed static elaboration
INFO: [XSIM 43-4323] No Change in HDL. Linking previously generated obj files to create kernel
INFO: [USF-XSim-69] 'elaborate' step finished in '1' seconds
INFO: [USF-XSim-4] XSim::Simulate design
INFO: [USF-XSim-61] Executing 'SIMULATE' step in 'C:/Users/ddddd/OneDrive/Desktop/Semester 4/CA/project_1/project_1/project_1.sim/sim_1/behav/xsim'
INFO: [USF-XSim-98] *** Running xsim
   with args "task1_tb_behav -key {Behavioral:sim_1:Functional:task1_tb} -tclbatch {task1_tb.tcl} -view {{C:/Users/ddddd/OneDrive/Desktop/Semester 4/CA/project_1/project_1/task1_tb_behav.wcfg}} -log {simulate.log}"
INFO: [USF-XSim-8] Loading simulator feature
Vivado Simulator 2020.1
Time resolution is 1 ps
open_wave_config {C:/Users/ddddd/OneDrive/Desktop/Semester 4/CA/project_1/project_1/task1_tb_behav.wcfg}
source task1_tb.tcl
# set curr_wave [current_wave_config]
# if { [string length $curr_wave] == 0 } {
#   if { [llength [get_objects]] > 0} {
#     add_wave /
#     set_property needs_save false [current_wave_config]
#   } else {
#      send_msg_id Add_Wave-1 WARNING "No top level signals found. Simulator will start without a wave window. If you want to open a wave window go to 'File->New Waveform Configuration' or type 'create_wave_config' in the TCL console."
#   }
# }
# run 1000ns
xsim: Time (s): cpu = 00:00:08 ; elapsed = 00:00:06 . Memory (MB): peak = 1028.355 ; gain = 0.000
INFO: [USF-XSim-96] XSim completed. Design snapshot 'task1_tb_behav' loaded.
INFO: [USF-XSim-97] XSim simulation ran for 1000ns
launch_simulation: Time (s): cpu = 00:00:08 ; elapsed = 00:00:10 . Memory (MB): peak = 1028.355 ; gain = 0.000
close_sim
INFO: [Simtcl 6-16] Simulation closed
launch_simulation
Command: launch_simulation 
INFO: [Vivado 12-5682] Launching behavioral simulation in 'C:/Users/ddddd/OneDrive/Desktop/Semester 4/CA/project_1/project_1/project_1.sim/sim_1/behav/xsim'
INFO: [SIM-utils-51] Simulation object is 'sim_1'
INFO: [SIM-utils-54] Inspecting design source files for 'task1_tb' in fileset 'sim_1'...
INFO: [USF-XSim-97] Finding global include files...
INFO: [USF-XSim-98] Fetching design files from 'sim_1'...
INFO: [USF-XSim-2] XSim::Compile design
INFO: [USF-XSim-61] Executing 'COMPILE and ANALYZE' step in 'C:/Users/ddddd/OneDrive/Desktop/Semester 4/CA/project_1/project_1/project_1.sim/sim_1/behav/xsim'
"xvlog --incr --relax -prj task1_tb_vlog.prj"
INFO: [VRFC 10-2263] Analyzing Verilog file "C:/Users/ddddd/OneDrive/Desktop/Semester 4/CA/project_1/project_1/project_1.srcs/sources_1/new/ALU_64_bit.v" into library xil_defaultlib
INFO: [VRFC 10-311] analyzing module ALU_64_bit
INFO: [VRFC 10-2263] Analyzing Verilog file "C:/Users/ddddd/OneDrive/Desktop/Semester 4/CA/project_1/project_1/project_1.srcs/sources_1/new/ALU_Control.v" into library xil_defaultlib
INFO: [VRFC 10-311] analyzing module ALU_Control
INFO: [VRFC 10-2263] Analyzing Verilog file "C:/Users/ddddd/OneDrive/Desktop/Semester 4/CA/project_1/project_1/project_1.srcs/sources_1/new/Control_Unit.v" into library xil_defaultlib
INFO: [VRFC 10-311] analyzing module Control_Unit
INFO: [VRFC 10-2263] Analyzing Verilog file "C:/Users/ddddd/OneDrive/Desktop/Semester 4/CA/project_1/project_1/project_1.srcs/sources_1/new/Data_Memory.v" into library xil_defaultlib
INFO: [VRFC 10-311] analyzing module Data_Memory
INFO: [VRFC 10-2263] Analyzing Verilog file "C:/Users/ddddd/OneDrive/Desktop/Semester 4/CA/project_1/project_1/project_1.srcs/sources_1/new/Instruction_Memory.v" into library xil_defaultlib
INFO: [VRFC 10-311] analyzing module Instruction_Memory
INFO: [VRFC 10-2263] Analyzing Verilog file "C:/Users/ddddd/OneDrive/Desktop/Semester 4/CA/project_1/project_1/project_1.srcs/sources_1/new/Program_Counter.v" into library xil_defaultlib
INFO: [VRFC 10-311] analyzing module Program_Counter
INFO: [VRFC 10-2263] Analyzing Verilog file "C:/Users/ddddd/OneDrive/Desktop/Semester 4/CA/project_1/project_1/project_1.srcs/sources_1/new/RegisterFile.v" into library xil_defaultlib
INFO: [VRFC 10-311] analyzing module RegisterFile
INFO: [VRFC 10-2263] Analyzing Verilog file "C:/Users/ddddd/OneDrive/Desktop/Semester 4/CA/project_1/project_1/project_1.srcs/sources_1/new/adder.v" into library xil_defaultlib
INFO: [VRFC 10-311] analyzing module adder
INFO: [VRFC 10-2263] Analyzing Verilog file "C:/Users/ddddd/OneDrive/Desktop/Semester 4/CA/project_1/project_1/project_1.srcs/sources_1/new/imm_data_gen.v" into library xil_defaultlib
INFO: [VRFC 10-311] analyzing module imm_dat_gen
INFO: [VRFC 10-2263] Analyzing Verilog file "C:/Users/ddddd/OneDrive/Desktop/Semester 4/CA/project_1/project_1/project_1.srcs/sources_1/new/inst_parser.v" into library xil_defaultlib
INFO: [VRFC 10-311] analyzing module inst_parser
INFO: [VRFC 10-2263] Analyzing Verilog file "C:/Users/ddddd/OneDrive/Desktop/Semester 4/CA/project_1/project_1/project_1.srcs/sources_1/new/mux_2x1.v" into library xil_defaultlib
INFO: [VRFC 10-311] analyzing module mux_2x1
INFO: [VRFC 10-2263] Analyzing Verilog file "C:/Users/ddddd/OneDrive/Desktop/Semester 4/CA/project_1/project_1/project_1.srcs/sources_1/new/task1.v" into library xil_defaultlib
INFO: [VRFC 10-311] analyzing module task1
INFO: [VRFC 10-2263] Analyzing Verilog file "C:/Users/ddddd/OneDrive/Desktop/Semester 4/CA/project_1/project_1/project_1.srcs/sources_1/new/top_control.v" into library xil_defaultlib
INFO: [VRFC 10-311] analyzing module top_control
INFO: [VRFC 10-2263] Analyzing Verilog file "C:/Users/ddddd/OneDrive/Desktop/Semester 4/CA/project_1/project_1/project_1.srcs/sim_1/new/task1_tb.v" into library xil_defaultlib
INFO: [VRFC 10-311] analyzing module task1_tb
INFO: [USF-XSim-69] 'compile' step finished in '2' seconds
INFO: [USF-XSim-3] XSim::Elaborate design
INFO: [USF-XSim-61] Executing 'ELABORATE' step in 'C:/Users/ddddd/OneDrive/Desktop/Semester 4/CA/project_1/project_1/project_1.sim/sim_1/behav/xsim'
"xelab -wto e3a17a71a2f045e1ba9ced6a1a8d75fe --incr --debug typical --relax --mt 2 -L xil_defaultlib -L unisims_ver -L unimacro_ver -L secureip --snapshot task1_tb_behav xil_defaultlib.task1_tb xil_defaultlib.glbl -log elaborate.log"
Vivado Simulator 2020.1
Copyright 1986-1999, 2001-2020 Xilinx, Inc. All Rights Reserved.
Running: C:/Xilinx/Vivado/2020.1/bin/unwrapped/win64.o/xelab.exe -wto e3a17a71a2f045e1ba9ced6a1a8d75fe --incr --debug typical --relax --mt 2 -L xil_defaultlib -L unisims_ver -L unimacro_ver -L secureip --snapshot task1_tb_behav xil_defaultlib.task1_tb xil_defaultlib.glbl -log elaborate.log 
Using 2 slave threads.
Starting static elaboration
Pass Through NonSizing Optimizer
WARNING: [VRFC 10-3091] actual bit length 4 differs from formal bit length 7 for port 'func7' [C:/Users/ddddd/OneDrive/Desktop/Semester 4/CA/project_1/project_1/project_1.srcs/sources_1/new/task1.v:28]
Completed static elaboration
Starting simulation data flow analysis
Completed simulation data flow analysis
Time Resolution for simulation is 1ps
Compiling module xil_defaultlib.Program_Counter
Compiling module xil_defaultlib.adder
Compiling module xil_defaultlib.Instruction_Memory
Compiling module xil_defaultlib.inst_parser
Compiling module xil_defaultlib.Control_Unit
Compiling module xil_defaultlib.ALU_Control
Compiling module xil_defaultlib.top_control
Compiling module xil_defaultlib.imm_dat_gen
Compiling module xil_defaultlib.RegisterFile
Compiling module xil_defaultlib.mux_2x1
Compiling module xil_defaultlib.ALU_64_bit
Compiling module xil_defaultlib.Data_Memory
Compiling module xil_defaultlib.task1
Compiling module xil_defaultlib.task1_tb
Compiling module xil_defaultlib.glbl
Built simulation snapshot task1_tb_behav
INFO: [USF-XSim-69] 'elaborate' step finished in '2' seconds
INFO: [USF-XSim-4] XSim::Simulate design
INFO: [USF-XSim-61] Executing 'SIMULATE' step in 'C:/Users/ddddd/OneDrive/Desktop/Semester 4/CA/project_1/project_1/project_1.sim/sim_1/behav/xsim'
INFO: [USF-XSim-98] *** Running xsim
   with args "task1_tb_behav -key {Behavioral:sim_1:Functional:task1_tb} -tclbatch {task1_tb.tcl} -view {{C:/Users/ddddd/OneDrive/Desktop/Semester 4/CA/project_1/project_1/task1_tb_behav.wcfg}} -log {simulate.log}"
INFO: [USF-XSim-8] Loading simulator feature
Vivado Simulator 2020.1
Time resolution is 1 ps
open_wave_config {C:/Users/ddddd/OneDrive/Desktop/Semester 4/CA/project_1/project_1/task1_tb_behav.wcfg}
source task1_tb.tcl
# set curr_wave [current_wave_config]
# if { [string length $curr_wave] == 0 } {
#   if { [llength [get_objects]] > 0} {
#     add_wave /
#     set_property needs_save false [current_wave_config]
#   } else {
#      send_msg_id Add_Wave-1 WARNING "No top level signals found. Simulator will start without a wave window. If you want to open a wave window go to 'File->New Waveform Configuration' or type 'create_wave_config' in the TCL console."
#   }
# }
# run 1000ns
INFO: [USF-XSim-96] XSim completed. Design snapshot 'task1_tb_behav' loaded.
INFO: [USF-XSim-97] XSim simulation ran for 1000ns
launch_simulation: Time (s): cpu = 00:00:05 ; elapsed = 00:00:09 . Memory (MB): peak = 1028.355 ; gain = 0.000
current_wave_config {task1_tb_behav.wcfg}
task1_tb_behav.wcfg
add_wave {{/task1_tb/a1}} 
save_wave_config {C:/Users/ddddd/OneDrive/Desktop/Semester 4/CA/project_1/project_1/task1_tb_behav.wcfg}
close_sim
INFO: [Simtcl 6-16] Simulation closed
launch_simulation
Command: launch_simulation 
INFO: [Vivado 12-5682] Launching behavioral simulation in 'C:/Users/ddddd/OneDrive/Desktop/Semester 4/CA/project_1/project_1/project_1.sim/sim_1/behav/xsim'
INFO: [SIM-utils-51] Simulation object is 'sim_1'
INFO: [SIM-utils-54] Inspecting design source files for 'task1_tb' in fileset 'sim_1'...
INFO: [USF-XSim-97] Finding global include files...
INFO: [USF-XSim-98] Fetching design files from 'sim_1'...
INFO: [USF-XSim-2] XSim::Compile design
INFO: [USF-XSim-61] Executing 'COMPILE and ANALYZE' step in 'C:/Users/ddddd/OneDrive/Desktop/Semester 4/CA/project_1/project_1/project_1.sim/sim_1/behav/xsim'
"xvlog --incr --relax -prj task1_tb_vlog.prj"
INFO: [USF-XSim-69] 'compile' step finished in '2' seconds
INFO: [USF-XSim-3] XSim::Elaborate design
INFO: [USF-XSim-61] Executing 'ELABORATE' step in 'C:/Users/ddddd/OneDrive/Desktop/Semester 4/CA/project_1/project_1/project_1.sim/sim_1/behav/xsim'
"xelab -wto e3a17a71a2f045e1ba9ced6a1a8d75fe --incr --debug typical --relax --mt 2 -L xil_defaultlib -L unisims_ver -L unimacro_ver -L secureip --snapshot task1_tb_behav xil_defaultlib.task1_tb xil_defaultlib.glbl -log elaborate.log"
Vivado Simulator 2020.1
Copyright 1986-1999, 2001-2020 Xilinx, Inc. All Rights Reserved.
Running: C:/Xilinx/Vivado/2020.1/bin/unwrapped/win64.o/xelab.exe -wto e3a17a71a2f045e1ba9ced6a1a8d75fe --incr --debug typical --relax --mt 2 -L xil_defaultlib -L unisims_ver -L unimacro_ver -L secureip --snapshot task1_tb_behav xil_defaultlib.task1_tb xil_defaultlib.glbl -log elaborate.log 
Using 2 slave threads.
Starting static elaboration
Pass Through NonSizing Optimizer
WARNING: [VRFC 10-3091] actual bit length 4 differs from formal bit length 7 for port 'func7' [C:/Users/ddddd/OneDrive/Desktop/Semester 4/CA/project_1/project_1/project_1.srcs/sources_1/new/task1.v:28]
Completed static elaboration
INFO: [XSIM 43-4323] No Change in HDL. Linking previously generated obj files to create kernel
INFO: [USF-XSim-69] 'elaborate' step finished in '1' seconds
INFO: [USF-XSim-4] XSim::Simulate design
INFO: [USF-XSim-61] Executing 'SIMULATE' step in 'C:/Users/ddddd/OneDrive/Desktop/Semester 4/CA/project_1/project_1/project_1.sim/sim_1/behav/xsim'
INFO: [USF-XSim-98] *** Running xsim
   with args "task1_tb_behav -key {Behavioral:sim_1:Functional:task1_tb} -tclbatch {task1_tb.tcl} -view {{C:/Users/ddddd/OneDrive/Desktop/Semester 4/CA/project_1/project_1/task1_tb_behav.wcfg}} -log {simulate.log}"
INFO: [USF-XSim-8] Loading simulator feature
Vivado Simulator 2020.1
Time resolution is 1 ps
open_wave_config {C:/Users/ddddd/OneDrive/Desktop/Semester 4/CA/project_1/project_1/task1_tb_behav.wcfg}
source task1_tb.tcl
# set curr_wave [current_wave_config]
# if { [string length $curr_wave] == 0 } {
#   if { [llength [get_objects]] > 0} {
#     add_wave /
#     set_property needs_save false [current_wave_config]
#   } else {
#      send_msg_id Add_Wave-1 WARNING "No top level signals found. Simulator will start without a wave window. If you want to open a wave window go to 'File->New Waveform Configuration' or type 'create_wave_config' in the TCL console."
#   }
# }
# run 1000ns
INFO: [USF-XSim-96] XSim completed. Design snapshot 'task1_tb_behav' loaded.
INFO: [USF-XSim-97] XSim simulation ran for 1000ns
launch_simulation: Time (s): cpu = 00:00:06 ; elapsed = 00:00:08 . Memory (MB): peak = 1028.355 ; gain = 0.000
close_sim
INFO: [Simtcl 6-16] Simulation closed
launch_simulation
Command: launch_simulation 
INFO: [Vivado 12-5682] Launching behavioral simulation in 'C:/Users/ddddd/OneDrive/Desktop/Semester 4/CA/project_1/project_1/project_1.sim/sim_1/behav/xsim'
INFO: [SIM-utils-51] Simulation object is 'sim_1'
INFO: [SIM-utils-54] Inspecting design source files for 'task1_tb' in fileset 'sim_1'...
INFO: [USF-XSim-97] Finding global include files...
INFO: [USF-XSim-98] Fetching design files from 'sim_1'...
INFO: [USF-XSim-2] XSim::Compile design
INFO: [USF-XSim-61] Executing 'COMPILE and ANALYZE' step in 'C:/Users/ddddd/OneDrive/Desktop/Semester 4/CA/project_1/project_1/project_1.sim/sim_1/behav/xsim'
"xvlog --incr --relax -prj task1_tb_vlog.prj"
INFO: [VRFC 10-2263] Analyzing Verilog file "C:/Users/ddddd/OneDrive/Desktop/Semester 4/CA/project_1/project_1/project_1.srcs/sources_1/new/ALU_64_bit.v" into library xil_defaultlib
INFO: [VRFC 10-311] analyzing module ALU_64_bit
INFO: [VRFC 10-2263] Analyzing Verilog file "C:/Users/ddddd/OneDrive/Desktop/Semester 4/CA/project_1/project_1/project_1.srcs/sources_1/new/ALU_Control.v" into library xil_defaultlib
INFO: [VRFC 10-311] analyzing module ALU_Control
INFO: [VRFC 10-2263] Analyzing Verilog file "C:/Users/ddddd/OneDrive/Desktop/Semester 4/CA/project_1/project_1/project_1.srcs/sources_1/new/Control_Unit.v" into library xil_defaultlib
INFO: [VRFC 10-311] analyzing module Control_Unit
INFO: [VRFC 10-2263] Analyzing Verilog file "C:/Users/ddddd/OneDrive/Desktop/Semester 4/CA/project_1/project_1/project_1.srcs/sources_1/new/Data_Memory.v" into library xil_defaultlib
INFO: [VRFC 10-311] analyzing module Data_Memory
INFO: [VRFC 10-2263] Analyzing Verilog file "C:/Users/ddddd/OneDrive/Desktop/Semester 4/CA/project_1/project_1/project_1.srcs/sources_1/new/Instruction_Memory.v" into library xil_defaultlib
INFO: [VRFC 10-311] analyzing module Instruction_Memory
INFO: [VRFC 10-2263] Analyzing Verilog file "C:/Users/ddddd/OneDrive/Desktop/Semester 4/CA/project_1/project_1/project_1.srcs/sources_1/new/Program_Counter.v" into library xil_defaultlib
INFO: [VRFC 10-311] analyzing module Program_Counter
INFO: [VRFC 10-2263] Analyzing Verilog file "C:/Users/ddddd/OneDrive/Desktop/Semester 4/CA/project_1/project_1/project_1.srcs/sources_1/new/RegisterFile.v" into library xil_defaultlib
INFO: [VRFC 10-311] analyzing module RegisterFile
INFO: [VRFC 10-2263] Analyzing Verilog file "C:/Users/ddddd/OneDrive/Desktop/Semester 4/CA/project_1/project_1/project_1.srcs/sources_1/new/adder.v" into library xil_defaultlib
INFO: [VRFC 10-311] analyzing module adder
INFO: [VRFC 10-2263] Analyzing Verilog file "C:/Users/ddddd/OneDrive/Desktop/Semester 4/CA/project_1/project_1/project_1.srcs/sources_1/new/imm_data_gen.v" into library xil_defaultlib
INFO: [VRFC 10-311] analyzing module imm_dat_gen
INFO: [VRFC 10-2263] Analyzing Verilog file "C:/Users/ddddd/OneDrive/Desktop/Semester 4/CA/project_1/project_1/project_1.srcs/sources_1/new/inst_parser.v" into library xil_defaultlib
INFO: [VRFC 10-311] analyzing module inst_parser
INFO: [VRFC 10-2263] Analyzing Verilog file "C:/Users/ddddd/OneDrive/Desktop/Semester 4/CA/project_1/project_1/project_1.srcs/sources_1/new/mux_2x1.v" into library xil_defaultlib
INFO: [VRFC 10-311] analyzing module mux_2x1
INFO: [VRFC 10-2263] Analyzing Verilog file "C:/Users/ddddd/OneDrive/Desktop/Semester 4/CA/project_1/project_1/project_1.srcs/sources_1/new/task1.v" into library xil_defaultlib
INFO: [VRFC 10-311] analyzing module task1
INFO: [VRFC 10-2263] Analyzing Verilog file "C:/Users/ddddd/OneDrive/Desktop/Semester 4/CA/project_1/project_1/project_1.srcs/sources_1/new/top_control.v" into library xil_defaultlib
INFO: [VRFC 10-311] analyzing module top_control
INFO: [VRFC 10-2263] Analyzing Verilog file "C:/Users/ddddd/OneDrive/Desktop/Semester 4/CA/project_1/project_1/project_1.srcs/sim_1/new/task1_tb.v" into library xil_defaultlib
INFO: [VRFC 10-311] analyzing module task1_tb
INFO: [USF-XSim-69] 'compile' step finished in '2' seconds
INFO: [USF-XSim-3] XSim::Elaborate design
INFO: [USF-XSim-61] Executing 'ELABORATE' step in 'C:/Users/ddddd/OneDrive/Desktop/Semester 4/CA/project_1/project_1/project_1.sim/sim_1/behav/xsim'
"xelab -wto e3a17a71a2f045e1ba9ced6a1a8d75fe --incr --debug typical --relax --mt 2 -L xil_defaultlib -L unisims_ver -L unimacro_ver -L secureip --snapshot task1_tb_behav xil_defaultlib.task1_tb xil_defaultlib.glbl -log elaborate.log"
Vivado Simulator 2020.1
Copyright 1986-1999, 2001-2020 Xilinx, Inc. All Rights Reserved.
Running: C:/Xilinx/Vivado/2020.1/bin/unwrapped/win64.o/xelab.exe -wto e3a17a71a2f045e1ba9ced6a1a8d75fe --incr --debug typical --relax --mt 2 -L xil_defaultlib -L unisims_ver -L unimacro_ver -L secureip --snapshot task1_tb_behav xil_defaultlib.task1_tb xil_defaultlib.glbl -log elaborate.log 
Using 2 slave threads.
Starting static elaboration
Pass Through NonSizing Optimizer
WARNING: [VRFC 10-3091] actual bit length 4 differs from formal bit length 7 for port 'func7' [C:/Users/ddddd/OneDrive/Desktop/Semester 4/CA/project_1/project_1/project_1.srcs/sources_1/new/task1.v:28]
Completed static elaboration
Starting simulation data flow analysis
Completed simulation data flow analysis
Time Resolution for simulation is 1ps
Compiling module xil_defaultlib.Program_Counter
Compiling module xil_defaultlib.adder
Compiling module xil_defaultlib.Instruction_Memory
Compiling module xil_defaultlib.inst_parser
Compiling module xil_defaultlib.Control_Unit
Compiling module xil_defaultlib.ALU_Control
Compiling module xil_defaultlib.top_control
Compiling module xil_defaultlib.imm_dat_gen
Compiling module xil_defaultlib.RegisterFile
Compiling module xil_defaultlib.mux_2x1
Compiling module xil_defaultlib.ALU_64_bit
Compiling module xil_defaultlib.Data_Memory
Compiling module xil_defaultlib.task1
Compiling module xil_defaultlib.task1_tb
Compiling module xil_defaultlib.glbl
Built simulation snapshot task1_tb_behav
INFO: [USF-XSim-69] 'elaborate' step finished in '3' seconds
INFO: [USF-XSim-4] XSim::Simulate design
INFO: [USF-XSim-61] Executing 'SIMULATE' step in 'C:/Users/ddddd/OneDrive/Desktop/Semester 4/CA/project_1/project_1/project_1.sim/sim_1/behav/xsim'
INFO: [USF-XSim-98] *** Running xsim
   with args "task1_tb_behav -key {Behavioral:sim_1:Functional:task1_tb} -tclbatch {task1_tb.tcl} -view {{C:/Users/ddddd/OneDrive/Desktop/Semester 4/CA/project_1/project_1/task1_tb_behav.wcfg}} -log {simulate.log}"
INFO: [USF-XSim-8] Loading simulator feature
Vivado Simulator 2020.1
Time resolution is 1 ps
open_wave_config {C:/Users/ddddd/OneDrive/Desktop/Semester 4/CA/project_1/project_1/task1_tb_behav.wcfg}
source task1_tb.tcl
# set curr_wave [current_wave_config]
# if { [string length $curr_wave] == 0 } {
#   if { [llength [get_objects]] > 0} {
#     add_wave /
#     set_property needs_save false [current_wave_config]
#   } else {
#      send_msg_id Add_Wave-1 WARNING "No top level signals found. Simulator will start without a wave window. If you want to open a wave window go to 'File->New Waveform Configuration' or type 'create_wave_config' in the TCL console."
#   }
# }
# run 1000ns
xsim: Time (s): cpu = 00:00:11 ; elapsed = 00:00:09 . Memory (MB): peak = 1028.355 ; gain = 0.000
INFO: [USF-XSim-96] XSim completed. Design snapshot 'task1_tb_behav' loaded.
INFO: [USF-XSim-97] XSim simulation ran for 1000ns
launch_simulation: Time (s): cpu = 00:00:12 ; elapsed = 00:00:15 . Memory (MB): peak = 1028.355 ; gain = 0.000
close_sim
INFO: [Simtcl 6-16] Simulation closed
launch_simulation
Command: launch_simulation 
INFO: [Vivado 12-5682] Launching behavioral simulation in 'C:/Users/ddddd/OneDrive/Desktop/Semester 4/CA/project_1/project_1/project_1.sim/sim_1/behav/xsim'
INFO: [SIM-utils-51] Simulation object is 'sim_1'
INFO: [SIM-utils-54] Inspecting design source files for 'task1_tb' in fileset 'sim_1'...
INFO: [USF-XSim-97] Finding global include files...
INFO: [USF-XSim-98] Fetching design files from 'sim_1'...
INFO: [USF-XSim-2] XSim::Compile design
INFO: [USF-XSim-61] Executing 'COMPILE and ANALYZE' step in 'C:/Users/ddddd/OneDrive/Desktop/Semester 4/CA/project_1/project_1/project_1.sim/sim_1/behav/xsim'
"xvlog --incr --relax -prj task1_tb_vlog.prj"
INFO: [USF-XSim-69] 'compile' step finished in '1' seconds
INFO: [USF-XSim-3] XSim::Elaborate design
INFO: [USF-XSim-61] Executing 'ELABORATE' step in 'C:/Users/ddddd/OneDrive/Desktop/Semester 4/CA/project_1/project_1/project_1.sim/sim_1/behav/xsim'
"xelab -wto e3a17a71a2f045e1ba9ced6a1a8d75fe --incr --debug typical --relax --mt 2 -L xil_defaultlib -L unisims_ver -L unimacro_ver -L secureip --snapshot task1_tb_behav xil_defaultlib.task1_tb xil_defaultlib.glbl -log elaborate.log"
Vivado Simulator 2020.1
Copyright 1986-1999, 2001-2020 Xilinx, Inc. All Rights Reserved.
Running: C:/Xilinx/Vivado/2020.1/bin/unwrapped/win64.o/xelab.exe -wto e3a17a71a2f045e1ba9ced6a1a8d75fe --incr --debug typical --relax --mt 2 -L xil_defaultlib -L unisims_ver -L unimacro_ver -L secureip --snapshot task1_tb_behav xil_defaultlib.task1_tb xil_defaultlib.glbl -log elaborate.log 
Using 2 slave threads.
Starting static elaboration
Pass Through NonSizing Optimizer
WARNING: [VRFC 10-3091] actual bit length 4 differs from formal bit length 7 for port 'func7' [C:/Users/ddddd/OneDrive/Desktop/Semester 4/CA/project_1/project_1/project_1.srcs/sources_1/new/task1.v:28]
Completed static elaboration
INFO: [XSIM 43-4323] No Change in HDL. Linking previously generated obj files to create kernel
INFO: [USF-XSim-69] 'elaborate' step finished in '2' seconds
INFO: [USF-XSim-4] XSim::Simulate design
INFO: [USF-XSim-61] Executing 'SIMULATE' step in 'C:/Users/ddddd/OneDrive/Desktop/Semester 4/CA/project_1/project_1/project_1.sim/sim_1/behav/xsim'
INFO: [USF-XSim-98] *** Running xsim
   with args "task1_tb_behav -key {Behavioral:sim_1:Functional:task1_tb} -tclbatch {task1_tb.tcl} -view {{C:/Users/ddddd/OneDrive/Desktop/Semester 4/CA/project_1/project_1/task1_tb_behav.wcfg}} -log {simulate.log}"
INFO: [USF-XSim-8] Loading simulator feature
Vivado Simulator 2020.1
Time resolution is 1 ps
open_wave_config {C:/Users/ddddd/OneDrive/Desktop/Semester 4/CA/project_1/project_1/task1_tb_behav.wcfg}
source task1_tb.tcl
# set curr_wave [current_wave_config]
# if { [string length $curr_wave] == 0 } {
#   if { [llength [get_objects]] > 0} {
#     add_wave /
#     set_property needs_save false [current_wave_config]
#   } else {
#      send_msg_id Add_Wave-1 WARNING "No top level signals found. Simulator will start without a wave window. If you want to open a wave window go to 'File->New Waveform Configuration' or type 'create_wave_config' in the TCL console."
#   }
# }
# run 1000ns
INFO: [USF-XSim-96] XSim completed. Design snapshot 'task1_tb_behav' loaded.
INFO: [USF-XSim-97] XSim simulation ran for 1000ns
launch_simulation: Time (s): cpu = 00:00:04 ; elapsed = 00:00:08 . Memory (MB): peak = 1028.355 ; gain = 0.000
close_sim
INFO: [Simtcl 6-16] Simulation closed
launch_simulation
Command: launch_simulation 
INFO: [Vivado 12-5682] Launching behavioral simulation in 'C:/Users/ddddd/OneDrive/Desktop/Semester 4/CA/project_1/project_1/project_1.sim/sim_1/behav/xsim'
INFO: [SIM-utils-51] Simulation object is 'sim_1'
INFO: [SIM-utils-54] Inspecting design source files for 'task1_tb' in fileset 'sim_1'...
INFO: [USF-XSim-97] Finding global include files...
INFO: [USF-XSim-98] Fetching design files from 'sim_1'...
INFO: [USF-XSim-2] XSim::Compile design
INFO: [USF-XSim-61] Executing 'COMPILE and ANALYZE' step in 'C:/Users/ddddd/OneDrive/Desktop/Semester 4/CA/project_1/project_1/project_1.sim/sim_1/behav/xsim'
"xvlog --incr --relax -prj task1_tb_vlog.prj"
INFO: [VRFC 10-2263] Analyzing Verilog file "C:/Users/ddddd/OneDrive/Desktop/Semester 4/CA/project_1/project_1/project_1.srcs/sources_1/new/ALU_64_bit.v" into library xil_defaultlib
INFO: [VRFC 10-311] analyzing module ALU_64_bit
INFO: [VRFC 10-2263] Analyzing Verilog file "C:/Users/ddddd/OneDrive/Desktop/Semester 4/CA/project_1/project_1/project_1.srcs/sources_1/new/ALU_Control.v" into library xil_defaultlib
INFO: [VRFC 10-311] analyzing module ALU_Control
INFO: [VRFC 10-2263] Analyzing Verilog file "C:/Users/ddddd/OneDrive/Desktop/Semester 4/CA/project_1/project_1/project_1.srcs/sources_1/new/Control_Unit.v" into library xil_defaultlib
INFO: [VRFC 10-311] analyzing module Control_Unit
INFO: [VRFC 10-2263] Analyzing Verilog file "C:/Users/ddddd/OneDrive/Desktop/Semester 4/CA/project_1/project_1/project_1.srcs/sources_1/new/Data_Memory.v" into library xil_defaultlib
INFO: [VRFC 10-311] analyzing module Data_Memory
INFO: [VRFC 10-2263] Analyzing Verilog file "C:/Users/ddddd/OneDrive/Desktop/Semester 4/CA/project_1/project_1/project_1.srcs/sources_1/new/Instruction_Memory.v" into library xil_defaultlib
INFO: [VRFC 10-311] analyzing module Instruction_Memory
INFO: [VRFC 10-2263] Analyzing Verilog file "C:/Users/ddddd/OneDrive/Desktop/Semester 4/CA/project_1/project_1/project_1.srcs/sources_1/new/Program_Counter.v" into library xil_defaultlib
INFO: [VRFC 10-311] analyzing module Program_Counter
INFO: [VRFC 10-2263] Analyzing Verilog file "C:/Users/ddddd/OneDrive/Desktop/Semester 4/CA/project_1/project_1/project_1.srcs/sources_1/new/RegisterFile.v" into library xil_defaultlib
INFO: [VRFC 10-311] analyzing module RegisterFile
INFO: [VRFC 10-2263] Analyzing Verilog file "C:/Users/ddddd/OneDrive/Desktop/Semester 4/CA/project_1/project_1/project_1.srcs/sources_1/new/adder.v" into library xil_defaultlib
INFO: [VRFC 10-311] analyzing module adder
INFO: [VRFC 10-2263] Analyzing Verilog file "C:/Users/ddddd/OneDrive/Desktop/Semester 4/CA/project_1/project_1/project_1.srcs/sources_1/new/imm_data_gen.v" into library xil_defaultlib
INFO: [VRFC 10-311] analyzing module imm_dat_gen
INFO: [VRFC 10-2263] Analyzing Verilog file "C:/Users/ddddd/OneDrive/Desktop/Semester 4/CA/project_1/project_1/project_1.srcs/sources_1/new/inst_parser.v" into library xil_defaultlib
INFO: [VRFC 10-311] analyzing module inst_parser
INFO: [VRFC 10-2263] Analyzing Verilog file "C:/Users/ddddd/OneDrive/Desktop/Semester 4/CA/project_1/project_1/project_1.srcs/sources_1/new/mux_2x1.v" into library xil_defaultlib
INFO: [VRFC 10-311] analyzing module mux_2x1
INFO: [VRFC 10-2263] Analyzing Verilog file "C:/Users/ddddd/OneDrive/Desktop/Semester 4/CA/project_1/project_1/project_1.srcs/sources_1/new/task1.v" into library xil_defaultlib
INFO: [VRFC 10-311] analyzing module task1
INFO: [VRFC 10-2263] Analyzing Verilog file "C:/Users/ddddd/OneDrive/Desktop/Semester 4/CA/project_1/project_1/project_1.srcs/sources_1/new/top_control.v" into library xil_defaultlib
INFO: [VRFC 10-311] analyzing module top_control
INFO: [VRFC 10-2263] Analyzing Verilog file "C:/Users/ddddd/OneDrive/Desktop/Semester 4/CA/project_1/project_1/project_1.srcs/sim_1/new/task1_tb.v" into library xil_defaultlib
INFO: [VRFC 10-311] analyzing module task1_tb
INFO: [USF-XSim-69] 'compile' step finished in '1' seconds
INFO: [USF-XSim-3] XSim::Elaborate design
INFO: [USF-XSim-61] Executing 'ELABORATE' step in 'C:/Users/ddddd/OneDrive/Desktop/Semester 4/CA/project_1/project_1/project_1.sim/sim_1/behav/xsim'
"xelab -wto e3a17a71a2f045e1ba9ced6a1a8d75fe --incr --debug typical --relax --mt 2 -L xil_defaultlib -L unisims_ver -L unimacro_ver -L secureip --snapshot task1_tb_behav xil_defaultlib.task1_tb xil_defaultlib.glbl -log elaborate.log"
Vivado Simulator 2020.1
Copyright 1986-1999, 2001-2020 Xilinx, Inc. All Rights Reserved.
Running: C:/Xilinx/Vivado/2020.1/bin/unwrapped/win64.o/xelab.exe -wto e3a17a71a2f045e1ba9ced6a1a8d75fe --incr --debug typical --relax --mt 2 -L xil_defaultlib -L unisims_ver -L unimacro_ver -L secureip --snapshot task1_tb_behav xil_defaultlib.task1_tb xil_defaultlib.glbl -log elaborate.log 
Using 2 slave threads.
Starting static elaboration
Pass Through NonSizing Optimizer
WARNING: [VRFC 10-3091] actual bit length 4 differs from formal bit length 7 for port 'func7' [C:/Users/ddddd/OneDrive/Desktop/Semester 4/CA/project_1/project_1/project_1.srcs/sources_1/new/task1.v:28]
Completed static elaboration
Starting simulation data flow analysis
Completed simulation data flow analysis
Time Resolution for simulation is 1ps
Compiling module xil_defaultlib.Program_Counter
Compiling module xil_defaultlib.adder
Compiling module xil_defaultlib.Instruction_Memory
Compiling module xil_defaultlib.inst_parser
Compiling module xil_defaultlib.Control_Unit
Compiling module xil_defaultlib.ALU_Control
Compiling module xil_defaultlib.top_control
Compiling module xil_defaultlib.imm_dat_gen
Compiling module xil_defaultlib.RegisterFile
Compiling module xil_defaultlib.mux_2x1
Compiling module xil_defaultlib.ALU_64_bit
Compiling module xil_defaultlib.Data_Memory
Compiling module xil_defaultlib.task1
Compiling module xil_defaultlib.task1_tb
Compiling module xil_defaultlib.glbl
Built simulation snapshot task1_tb_behav
INFO: [USF-XSim-69] 'elaborate' step finished in '3' seconds
INFO: [USF-XSim-4] XSim::Simulate design
INFO: [USF-XSim-61] Executing 'SIMULATE' step in 'C:/Users/ddddd/OneDrive/Desktop/Semester 4/CA/project_1/project_1/project_1.sim/sim_1/behav/xsim'
INFO: [USF-XSim-98] *** Running xsim
   with args "task1_tb_behav -key {Behavioral:sim_1:Functional:task1_tb} -tclbatch {task1_tb.tcl} -view {{C:/Users/ddddd/OneDrive/Desktop/Semester 4/CA/project_1/project_1/task1_tb_behav.wcfg}} -log {simulate.log}"
INFO: [USF-XSim-8] Loading simulator feature
Vivado Simulator 2020.1
Time resolution is 1 ps
open_wave_config {C:/Users/ddddd/OneDrive/Desktop/Semester 4/CA/project_1/project_1/task1_tb_behav.wcfg}
source task1_tb.tcl
# set curr_wave [current_wave_config]
# if { [string length $curr_wave] == 0 } {
#   if { [llength [get_objects]] > 0} {
#     add_wave /
#     set_property needs_save false [current_wave_config]
#   } else {
#      send_msg_id Add_Wave-1 WARNING "No top level signals found. Simulator will start without a wave window. If you want to open a wave window go to 'File->New Waveform Configuration' or type 'create_wave_config' in the TCL console."
#   }
# }
# run 1000ns
INFO: [USF-XSim-96] XSim completed. Design snapshot 'task1_tb_behav' loaded.
INFO: [USF-XSim-97] XSim simulation ran for 1000ns
launch_simulation: Time (s): cpu = 00:00:04 ; elapsed = 00:00:08 . Memory (MB): peak = 1028.355 ; gain = 0.000
save_wave_config {C:/Users/ddddd/OneDrive/Desktop/Semester 4/CA/project_1/project_1/task1_tb_behav.wcfg}
close_sim
INFO: [Simtcl 6-16] Simulation closed
launch_simulation
Command: launch_simulation 
INFO: [Vivado 12-5682] Launching behavioral simulation in 'C:/Users/ddddd/OneDrive/Desktop/Semester 4/CA/project_1/project_1/project_1.sim/sim_1/behav/xsim'
INFO: [SIM-utils-51] Simulation object is 'sim_1'
INFO: [SIM-utils-54] Inspecting design source files for 'task1_tb' in fileset 'sim_1'...
INFO: [USF-XSim-97] Finding global include files...
INFO: [USF-XSim-98] Fetching design files from 'sim_1'...
INFO: [USF-XSim-2] XSim::Compile design
INFO: [USF-XSim-61] Executing 'COMPILE and ANALYZE' step in 'C:/Users/ddddd/OneDrive/Desktop/Semester 4/CA/project_1/project_1/project_1.sim/sim_1/behav/xsim'
"xvlog --incr --relax -prj task1_tb_vlog.prj"
INFO: [VRFC 10-2263] Analyzing Verilog file "C:/Users/ddddd/OneDrive/Desktop/Semester 4/CA/project_1/project_1/project_1.srcs/sources_1/new/ALU_64_bit.v" into library xil_defaultlib
INFO: [VRFC 10-311] analyzing module ALU_64_bit
INFO: [VRFC 10-2263] Analyzing Verilog file "C:/Users/ddddd/OneDrive/Desktop/Semester 4/CA/project_1/project_1/project_1.srcs/sources_1/new/ALU_Control.v" into library xil_defaultlib
INFO: [VRFC 10-311] analyzing module ALU_Control
INFO: [VRFC 10-2263] Analyzing Verilog file "C:/Users/ddddd/OneDrive/Desktop/Semester 4/CA/project_1/project_1/project_1.srcs/sources_1/new/Control_Unit.v" into library xil_defaultlib
INFO: [VRFC 10-311] analyzing module Control_Unit
INFO: [VRFC 10-2263] Analyzing Verilog file "C:/Users/ddddd/OneDrive/Desktop/Semester 4/CA/project_1/project_1/project_1.srcs/sources_1/new/Data_Memory.v" into library xil_defaultlib
INFO: [VRFC 10-311] analyzing module Data_Memory
INFO: [VRFC 10-2263] Analyzing Verilog file "C:/Users/ddddd/OneDrive/Desktop/Semester 4/CA/project_1/project_1/project_1.srcs/sources_1/new/Instruction_Memory.v" into library xil_defaultlib
INFO: [VRFC 10-311] analyzing module Instruction_Memory
INFO: [VRFC 10-2263] Analyzing Verilog file "C:/Users/ddddd/OneDrive/Desktop/Semester 4/CA/project_1/project_1/project_1.srcs/sources_1/new/Program_Counter.v" into library xil_defaultlib
INFO: [VRFC 10-311] analyzing module Program_Counter
INFO: [VRFC 10-2263] Analyzing Verilog file "C:/Users/ddddd/OneDrive/Desktop/Semester 4/CA/project_1/project_1/project_1.srcs/sources_1/new/RegisterFile.v" into library xil_defaultlib
INFO: [VRFC 10-311] analyzing module registerFile
INFO: [VRFC 10-2263] Analyzing Verilog file "C:/Users/ddddd/OneDrive/Desktop/Semester 4/CA/project_1/project_1/project_1.srcs/sources_1/new/adder.v" into library xil_defaultlib
INFO: [VRFC 10-311] analyzing module adder
INFO: [VRFC 10-2263] Analyzing Verilog file "C:/Users/ddddd/OneDrive/Desktop/Semester 4/CA/project_1/project_1/project_1.srcs/sources_1/new/imm_data_gen.v" into library xil_defaultlib
INFO: [VRFC 10-311] analyzing module imm_dat_gen
INFO: [VRFC 10-2263] Analyzing Verilog file "C:/Users/ddddd/OneDrive/Desktop/Semester 4/CA/project_1/project_1/project_1.srcs/sources_1/new/inst_parser.v" into library xil_defaultlib
INFO: [VRFC 10-311] analyzing module inst_parser
INFO: [VRFC 10-2263] Analyzing Verilog file "C:/Users/ddddd/OneDrive/Desktop/Semester 4/CA/project_1/project_1/project_1.srcs/sources_1/new/mux_2x1.v" into library xil_defaultlib
INFO: [VRFC 10-311] analyzing module mux_2x1
INFO: [VRFC 10-2263] Analyzing Verilog file "C:/Users/ddddd/OneDrive/Desktop/Semester 4/CA/project_1/project_1/project_1.srcs/sources_1/new/task1.v" into library xil_defaultlib
INFO: [VRFC 10-311] analyzing module task1
INFO: [VRFC 10-2263] Analyzing Verilog file "C:/Users/ddddd/OneDrive/Desktop/Semester 4/CA/project_1/project_1/project_1.srcs/sources_1/new/top_control.v" into library xil_defaultlib
INFO: [VRFC 10-311] analyzing module top_control
INFO: [VRFC 10-2263] Analyzing Verilog file "C:/Users/ddddd/OneDrive/Desktop/Semester 4/CA/project_1/project_1/project_1.srcs/sim_1/new/task1_tb.v" into library xil_defaultlib
INFO: [VRFC 10-311] analyzing module task1_tb
INFO: [USF-XSim-69] 'compile' step finished in '2' seconds
INFO: [USF-XSim-3] XSim::Elaborate design
INFO: [USF-XSim-61] Executing 'ELABORATE' step in 'C:/Users/ddddd/OneDrive/Desktop/Semester 4/CA/project_1/project_1/project_1.sim/sim_1/behav/xsim'
"xelab -wto e3a17a71a2f045e1ba9ced6a1a8d75fe --incr --debug typical --relax --mt 2 -L xil_defaultlib -L unisims_ver -L unimacro_ver -L secureip --snapshot task1_tb_behav xil_defaultlib.task1_tb xil_defaultlib.glbl -log elaborate.log"
Vivado Simulator 2020.1
Copyright 1986-1999, 2001-2020 Xilinx, Inc. All Rights Reserved.
Running: C:/Xilinx/Vivado/2020.1/bin/unwrapped/win64.o/xelab.exe -wto e3a17a71a2f045e1ba9ced6a1a8d75fe --incr --debug typical --relax --mt 2 -L xil_defaultlib -L unisims_ver -L unimacro_ver -L secureip --snapshot task1_tb_behav xil_defaultlib.task1_tb xil_defaultlib.glbl -log elaborate.log 
Using 2 slave threads.
Starting static elaboration
Pass Through NonSizing Optimizer
WARNING: [VRFC 10-3091] actual bit length 4 differs from formal bit length 7 for port 'func7' [C:/Users/ddddd/OneDrive/Desktop/Semester 4/CA/project_1/project_1/project_1.srcs/sources_1/new/task1.v:28]
Completed static elaboration
Starting simulation data flow analysis
Completed simulation data flow analysis
Time Resolution for simulation is 1ps
Compiling module xil_defaultlib.Program_Counter
Compiling module xil_defaultlib.adder
Compiling module xil_defaultlib.Instruction_Memory
Compiling module xil_defaultlib.inst_parser
Compiling module xil_defaultlib.Control_Unit
Compiling module xil_defaultlib.ALU_Control
Compiling module xil_defaultlib.top_control
Compiling module xil_defaultlib.imm_dat_gen
Compiling module xil_defaultlib.registerFile
Compiling module xil_defaultlib.mux_2x1
Compiling module xil_defaultlib.ALU_64_bit
Compiling module xil_defaultlib.Data_Memory
Compiling module xil_defaultlib.task1
Compiling module xil_defaultlib.task1_tb
Compiling module xil_defaultlib.glbl
Built simulation snapshot task1_tb_behav
INFO: [USF-XSim-69] 'elaborate' step finished in '3' seconds
INFO: [USF-XSim-4] XSim::Simulate design
INFO: [USF-XSim-61] Executing 'SIMULATE' step in 'C:/Users/ddddd/OneDrive/Desktop/Semester 4/CA/project_1/project_1/project_1.sim/sim_1/behav/xsim'
INFO: [USF-XSim-98] *** Running xsim
   with args "task1_tb_behav -key {Behavioral:sim_1:Functional:task1_tb} -tclbatch {task1_tb.tcl} -view {{C:/Users/ddddd/OneDrive/Desktop/Semester 4/CA/project_1/project_1/task1_tb_behav.wcfg}} -log {simulate.log}"
INFO: [USF-XSim-8] Loading simulator feature
Vivado Simulator 2020.1
Time resolution is 1 ps
open_wave_config {C:/Users/ddddd/OneDrive/Desktop/Semester 4/CA/project_1/project_1/task1_tb_behav.wcfg}
source task1_tb.tcl
# set curr_wave [current_wave_config]
# if { [string length $curr_wave] == 0 } {
#   if { [llength [get_objects]] > 0} {
#     add_wave /
#     set_property needs_save false [current_wave_config]
#   } else {
#      send_msg_id Add_Wave-1 WARNING "No top level signals found. Simulator will start without a wave window. If you want to open a wave window go to 'File->New Waveform Configuration' or type 'create_wave_config' in the TCL console."
#   }
# }
# run 1000ns
INFO: [USF-XSim-96] XSim completed. Design snapshot 'task1_tb_behav' loaded.
INFO: [USF-XSim-97] XSim simulation ran for 1000ns
launch_simulation: Time (s): cpu = 00:00:04 ; elapsed = 00:00:09 . Memory (MB): peak = 1028.355 ; gain = 0.000
current_wave_config {task1_tb_behav.wcfg}
task1_tb_behav.wcfg
add_wave {{/task1_tb/a1}} 
save_wave_config {C:/Users/ddddd/OneDrive/Desktop/Semester 4/CA/project_1/project_1/task1_tb_behav.wcfg}
close_sim
INFO: [Simtcl 6-16] Simulation closed
launch_simulation
Command: launch_simulation 
INFO: [Vivado 12-5682] Launching behavioral simulation in 'C:/Users/ddddd/OneDrive/Desktop/Semester 4/CA/project_1/project_1/project_1.sim/sim_1/behav/xsim'
INFO: [SIM-utils-51] Simulation object is 'sim_1'
INFO: [SIM-utils-54] Inspecting design source files for 'task1_tb' in fileset 'sim_1'...
INFO: [USF-XSim-97] Finding global include files...
INFO: [USF-XSim-98] Fetching design files from 'sim_1'...
INFO: [USF-XSim-2] XSim::Compile design
INFO: [USF-XSim-61] Executing 'COMPILE and ANALYZE' step in 'C:/Users/ddddd/OneDrive/Desktop/Semester 4/CA/project_1/project_1/project_1.sim/sim_1/behav/xsim'
"xvlog --incr --relax -prj task1_tb_vlog.prj"
INFO: [VRFC 10-2263] Analyzing Verilog file "C:/Users/ddddd/OneDrive/Desktop/Semester 4/CA/project_1/project_1/project_1.srcs/sources_1/new/ALU_64_bit.v" into library xil_defaultlib
INFO: [VRFC 10-311] analyzing module ALU_64_bit
INFO: [VRFC 10-2263] Analyzing Verilog file "C:/Users/ddddd/OneDrive/Desktop/Semester 4/CA/project_1/project_1/project_1.srcs/sources_1/new/ALU_Control.v" into library xil_defaultlib
INFO: [VRFC 10-311] analyzing module ALU_Control
INFO: [VRFC 10-2263] Analyzing Verilog file "C:/Users/ddddd/OneDrive/Desktop/Semester 4/CA/project_1/project_1/project_1.srcs/sources_1/new/Control_Unit.v" into library xil_defaultlib
INFO: [VRFC 10-311] analyzing module Control_Unit
INFO: [VRFC 10-2263] Analyzing Verilog file "C:/Users/ddddd/OneDrive/Desktop/Semester 4/CA/project_1/project_1/project_1.srcs/sources_1/new/Data_Memory.v" into library xil_defaultlib
INFO: [VRFC 10-311] analyzing module Data_Memory
INFO: [VRFC 10-2263] Analyzing Verilog file "C:/Users/ddddd/OneDrive/Desktop/Semester 4/CA/project_1/project_1/project_1.srcs/sources_1/new/Instruction_Memory.v" into library xil_defaultlib
INFO: [VRFC 10-311] analyzing module Instruction_Memory
INFO: [VRFC 10-2263] Analyzing Verilog file "C:/Users/ddddd/OneDrive/Desktop/Semester 4/CA/project_1/project_1/project_1.srcs/sources_1/new/Program_Counter.v" into library xil_defaultlib
INFO: [VRFC 10-311] analyzing module Program_Counter
INFO: [VRFC 10-2263] Analyzing Verilog file "C:/Users/ddddd/OneDrive/Desktop/Semester 4/CA/project_1/project_1/project_1.srcs/sources_1/new/RegisterFile.v" into library xil_defaultlib
INFO: [VRFC 10-311] analyzing module registerFile
INFO: [VRFC 10-2263] Analyzing Verilog file "C:/Users/ddddd/OneDrive/Desktop/Semester 4/CA/project_1/project_1/project_1.srcs/sources_1/new/adder.v" into library xil_defaultlib
INFO: [VRFC 10-311] analyzing module adder
INFO: [VRFC 10-2263] Analyzing Verilog file "C:/Users/ddddd/OneDrive/Desktop/Semester 4/CA/project_1/project_1/project_1.srcs/sources_1/new/imm_data_gen.v" into library xil_defaultlib
INFO: [VRFC 10-311] analyzing module imm_dat_gen
INFO: [VRFC 10-2263] Analyzing Verilog file "C:/Users/ddddd/OneDrive/Desktop/Semester 4/CA/project_1/project_1/project_1.srcs/sources_1/new/inst_parser.v" into library xil_defaultlib
INFO: [VRFC 10-311] analyzing module inst_parser
INFO: [VRFC 10-2263] Analyzing Verilog file "C:/Users/ddddd/OneDrive/Desktop/Semester 4/CA/project_1/project_1/project_1.srcs/sources_1/new/mux_2x1.v" into library xil_defaultlib
INFO: [VRFC 10-311] analyzing module mux_2x1
INFO: [VRFC 10-2263] Analyzing Verilog file "C:/Users/ddddd/OneDrive/Desktop/Semester 4/CA/project_1/project_1/project_1.srcs/sources_1/new/task1.v" into library xil_defaultlib
INFO: [VRFC 10-311] analyzing module task1
INFO: [VRFC 10-2263] Analyzing Verilog file "C:/Users/ddddd/OneDrive/Desktop/Semester 4/CA/project_1/project_1/project_1.srcs/sources_1/new/top_control.v" into library xil_defaultlib
INFO: [VRFC 10-311] analyzing module top_control
INFO: [VRFC 10-2263] Analyzing Verilog file "C:/Users/ddddd/OneDrive/Desktop/Semester 4/CA/project_1/project_1/project_1.srcs/sim_1/new/task1_tb.v" into library xil_defaultlib
INFO: [VRFC 10-311] analyzing module task1_tb
INFO: [USF-XSim-69] 'compile' step finished in '2' seconds
INFO: [USF-XSim-3] XSim::Elaborate design
INFO: [USF-XSim-61] Executing 'ELABORATE' step in 'C:/Users/ddddd/OneDrive/Desktop/Semester 4/CA/project_1/project_1/project_1.sim/sim_1/behav/xsim'
"xelab -wto e3a17a71a2f045e1ba9ced6a1a8d75fe --incr --debug typical --relax --mt 2 -L xil_defaultlib -L unisims_ver -L unimacro_ver -L secureip --snapshot task1_tb_behav xil_defaultlib.task1_tb xil_defaultlib.glbl -log elaborate.log"
Vivado Simulator 2020.1
Copyright 1986-1999, 2001-2020 Xilinx, Inc. All Rights Reserved.
Running: C:/Xilinx/Vivado/2020.1/bin/unwrapped/win64.o/xelab.exe -wto e3a17a71a2f045e1ba9ced6a1a8d75fe --incr --debug typical --relax --mt 2 -L xil_defaultlib -L unisims_ver -L unimacro_ver -L secureip --snapshot task1_tb_behav xil_defaultlib.task1_tb xil_defaultlib.glbl -log elaborate.log 
Using 2 slave threads.
Starting static elaboration
Pass Through NonSizing Optimizer
WARNING: [VRFC 10-3091] actual bit length 4 differs from formal bit length 7 for port 'func7' [C:/Users/ddddd/OneDrive/Desktop/Semester 4/CA/project_1/project_1/project_1.srcs/sources_1/new/task1.v:28]
Completed static elaboration
Starting simulation data flow analysis
Completed simulation data flow analysis
Time Resolution for simulation is 1ps
Compiling module xil_defaultlib.Program_Counter
Compiling module xil_defaultlib.adder
Compiling module xil_defaultlib.Instruction_Memory
Compiling module xil_defaultlib.inst_parser
Compiling module xil_defaultlib.Control_Unit
Compiling module xil_defaultlib.ALU_Control
Compiling module xil_defaultlib.top_control
Compiling module xil_defaultlib.imm_dat_gen
Compiling module xil_defaultlib.registerFile
Compiling module xil_defaultlib.mux_2x1
Compiling module xil_defaultlib.ALU_64_bit
Compiling module xil_defaultlib.Data_Memory
Compiling module xil_defaultlib.task1
Compiling module xil_defaultlib.task1_tb
Compiling module xil_defaultlib.glbl
Built simulation snapshot task1_tb_behav
INFO: [USF-XSim-69] 'elaborate' step finished in '2' seconds
INFO: [USF-XSim-4] XSim::Simulate design
INFO: [USF-XSim-61] Executing 'SIMULATE' step in 'C:/Users/ddddd/OneDrive/Desktop/Semester 4/CA/project_1/project_1/project_1.sim/sim_1/behav/xsim'
INFO: [USF-XSim-98] *** Running xsim
   with args "task1_tb_behav -key {Behavioral:sim_1:Functional:task1_tb} -tclbatch {task1_tb.tcl} -view {{C:/Users/ddddd/OneDrive/Desktop/Semester 4/CA/project_1/project_1/task1_tb_behav.wcfg}} -log {simulate.log}"
INFO: [USF-XSim-8] Loading simulator feature
Vivado Simulator 2020.1
Time resolution is 1 ps
open_wave_config {C:/Users/ddddd/OneDrive/Desktop/Semester 4/CA/project_1/project_1/task1_tb_behav.wcfg}
source task1_tb.tcl
# set curr_wave [current_wave_config]
# if { [string length $curr_wave] == 0 } {
#   if { [llength [get_objects]] > 0} {
#     add_wave /
#     set_property needs_save false [current_wave_config]
#   } else {
#      send_msg_id Add_Wave-1 WARNING "No top level signals found. Simulator will start without a wave window. If you want to open a wave window go to 'File->New Waveform Configuration' or type 'create_wave_config' in the TCL console."
#   }
# }
# run 1000ns
INFO: [USF-XSim-96] XSim completed. Design snapshot 'task1_tb_behav' loaded.
INFO: [USF-XSim-97] XSim simulation ran for 1000ns
launch_simulation: Time (s): cpu = 00:00:04 ; elapsed = 00:00:08 . Memory (MB): peak = 1028.355 ; gain = 0.000
close_sim
INFO: [Simtcl 6-16] Simulation closed
launch_simulation
Command: launch_simulation 
INFO: [Vivado 12-5682] Launching behavioral simulation in 'C:/Users/ddddd/OneDrive/Desktop/Semester 4/CA/project_1/project_1/project_1.sim/sim_1/behav/xsim'
INFO: [SIM-utils-51] Simulation object is 'sim_1'
INFO: [SIM-utils-54] Inspecting design source files for 'task1_tb' in fileset 'sim_1'...
INFO: [USF-XSim-97] Finding global include files...
INFO: [USF-XSim-98] Fetching design files from 'sim_1'...
INFO: [USF-XSim-2] XSim::Compile design
INFO: [USF-XSim-61] Executing 'COMPILE and ANALYZE' step in 'C:/Users/ddddd/OneDrive/Desktop/Semester 4/CA/project_1/project_1/project_1.sim/sim_1/behav/xsim'
"xvlog --incr --relax -prj task1_tb_vlog.prj"
INFO: [VRFC 10-2263] Analyzing Verilog file "C:/Users/ddddd/OneDrive/Desktop/Semester 4/CA/project_1/project_1/project_1.srcs/sources_1/new/ALU_64_bit.v" into library xil_defaultlib
INFO: [VRFC 10-311] analyzing module ALU_64_bit
INFO: [VRFC 10-2263] Analyzing Verilog file "C:/Users/ddddd/OneDrive/Desktop/Semester 4/CA/project_1/project_1/project_1.srcs/sources_1/new/ALU_Control.v" into library xil_defaultlib
INFO: [VRFC 10-311] analyzing module ALU_Control
INFO: [VRFC 10-2263] Analyzing Verilog file "C:/Users/ddddd/OneDrive/Desktop/Semester 4/CA/project_1/project_1/project_1.srcs/sources_1/new/Control_Unit.v" into library xil_defaultlib
INFO: [VRFC 10-311] analyzing module Control_Unit
INFO: [VRFC 10-2263] Analyzing Verilog file "C:/Users/ddddd/OneDrive/Desktop/Semester 4/CA/project_1/project_1/project_1.srcs/sources_1/new/Data_Memory.v" into library xil_defaultlib
INFO: [VRFC 10-311] analyzing module Data_Memory
INFO: [VRFC 10-2263] Analyzing Verilog file "C:/Users/ddddd/OneDrive/Desktop/Semester 4/CA/project_1/project_1/project_1.srcs/sources_1/new/Instruction_Memory.v" into library xil_defaultlib
INFO: [VRFC 10-311] analyzing module Instruction_Memory
INFO: [VRFC 10-2263] Analyzing Verilog file "C:/Users/ddddd/OneDrive/Desktop/Semester 4/CA/project_1/project_1/project_1.srcs/sources_1/new/Program_Counter.v" into library xil_defaultlib
INFO: [VRFC 10-311] analyzing module Program_Counter
INFO: [VRFC 10-2263] Analyzing Verilog file "C:/Users/ddddd/OneDrive/Desktop/Semester 4/CA/project_1/project_1/project_1.srcs/sources_1/new/RegisterFile.v" into library xil_defaultlib
INFO: [VRFC 10-311] analyzing module registerFile
INFO: [VRFC 10-2263] Analyzing Verilog file "C:/Users/ddddd/OneDrive/Desktop/Semester 4/CA/project_1/project_1/project_1.srcs/sources_1/new/adder.v" into library xil_defaultlib
INFO: [VRFC 10-311] analyzing module adder
INFO: [VRFC 10-2263] Analyzing Verilog file "C:/Users/ddddd/OneDrive/Desktop/Semester 4/CA/project_1/project_1/project_1.srcs/sources_1/new/imm_data_gen.v" into library xil_defaultlib
INFO: [VRFC 10-311] analyzing module imm_dat_gen
INFO: [VRFC 10-2263] Analyzing Verilog file "C:/Users/ddddd/OneDrive/Desktop/Semester 4/CA/project_1/project_1/project_1.srcs/sources_1/new/inst_parser.v" into library xil_defaultlib
INFO: [VRFC 10-311] analyzing module inst_parser
INFO: [VRFC 10-2263] Analyzing Verilog file "C:/Users/ddddd/OneDrive/Desktop/Semester 4/CA/project_1/project_1/project_1.srcs/sources_1/new/mux_2x1.v" into library xil_defaultlib
INFO: [VRFC 10-311] analyzing module mux_2x1
INFO: [VRFC 10-2263] Analyzing Verilog file "C:/Users/ddddd/OneDrive/Desktop/Semester 4/CA/project_1/project_1/project_1.srcs/sources_1/new/task1.v" into library xil_defaultlib
INFO: [VRFC 10-311] analyzing module task1
INFO: [VRFC 10-2263] Analyzing Verilog file "C:/Users/ddddd/OneDrive/Desktop/Semester 4/CA/project_1/project_1/project_1.srcs/sources_1/new/top_control.v" into library xil_defaultlib
INFO: [VRFC 10-311] analyzing module top_control
INFO: [VRFC 10-2263] Analyzing Verilog file "C:/Users/ddddd/OneDrive/Desktop/Semester 4/CA/project_1/project_1/project_1.srcs/sim_1/new/task1_tb.v" into library xil_defaultlib
INFO: [VRFC 10-311] analyzing module task1_tb
INFO: [USF-XSim-69] 'compile' step finished in '1' seconds
INFO: [USF-XSim-3] XSim::Elaborate design
INFO: [USF-XSim-61] Executing 'ELABORATE' step in 'C:/Users/ddddd/OneDrive/Desktop/Semester 4/CA/project_1/project_1/project_1.sim/sim_1/behav/xsim'
"xelab -wto e3a17a71a2f045e1ba9ced6a1a8d75fe --incr --debug typical --relax --mt 2 -L xil_defaultlib -L unisims_ver -L unimacro_ver -L secureip --snapshot task1_tb_behav xil_defaultlib.task1_tb xil_defaultlib.glbl -log elaborate.log"
Vivado Simulator 2020.1
Copyright 1986-1999, 2001-2020 Xilinx, Inc. All Rights Reserved.
Running: C:/Xilinx/Vivado/2020.1/bin/unwrapped/win64.o/xelab.exe -wto e3a17a71a2f045e1ba9ced6a1a8d75fe --incr --debug typical --relax --mt 2 -L xil_defaultlib -L unisims_ver -L unimacro_ver -L secureip --snapshot task1_tb_behav xil_defaultlib.task1_tb xil_defaultlib.glbl -log elaborate.log 
Using 2 slave threads.
Starting static elaboration
Pass Through NonSizing Optimizer
WARNING: [VRFC 10-3091] actual bit length 4 differs from formal bit length 7 for port 'func7' [C:/Users/ddddd/OneDrive/Desktop/Semester 4/CA/project_1/project_1/project_1.srcs/sources_1/new/task1.v:28]
Completed static elaboration
Starting simulation data flow analysis
Completed simulation data flow analysis
Time Resolution for simulation is 1ps
Compiling module xil_defaultlib.Program_Counter
Compiling module xil_defaultlib.adder
Compiling module xil_defaultlib.Instruction_Memory
Compiling module xil_defaultlib.inst_parser
Compiling module xil_defaultlib.Control_Unit
Compiling module xil_defaultlib.ALU_Control
Compiling module xil_defaultlib.top_control
Compiling module xil_defaultlib.imm_dat_gen
Compiling module xil_defaultlib.registerFile
Compiling module xil_defaultlib.mux_2x1
Compiling module xil_defaultlib.ALU_64_bit
Compiling module xil_defaultlib.Data_Memory
Compiling module xil_defaultlib.task1
Compiling module xil_defaultlib.task1_tb
Compiling module xil_defaultlib.glbl
Built simulation snapshot task1_tb_behav
INFO: [USF-XSim-69] 'elaborate' step finished in '2' seconds
INFO: [USF-XSim-4] XSim::Simulate design
INFO: [USF-XSim-61] Executing 'SIMULATE' step in 'C:/Users/ddddd/OneDrive/Desktop/Semester 4/CA/project_1/project_1/project_1.sim/sim_1/behav/xsim'
INFO: [USF-XSim-98] *** Running xsim
   with args "task1_tb_behav -key {Behavioral:sim_1:Functional:task1_tb} -tclbatch {task1_tb.tcl} -view {{C:/Users/ddddd/OneDrive/Desktop/Semester 4/CA/project_1/project_1/task1_tb_behav.wcfg}} -log {simulate.log}"
INFO: [USF-XSim-8] Loading simulator feature
Vivado Simulator 2020.1
Time resolution is 1 ps
open_wave_config {C:/Users/ddddd/OneDrive/Desktop/Semester 4/CA/project_1/project_1/task1_tb_behav.wcfg}
source task1_tb.tcl
# set curr_wave [current_wave_config]
# if { [string length $curr_wave] == 0 } {
#   if { [llength [get_objects]] > 0} {
#     add_wave /
#     set_property needs_save false [current_wave_config]
#   } else {
#      send_msg_id Add_Wave-1 WARNING "No top level signals found. Simulator will start without a wave window. If you want to open a wave window go to 'File->New Waveform Configuration' or type 'create_wave_config' in the TCL console."
#   }
# }
# run 1000ns
INFO: [USF-XSim-96] XSim completed. Design snapshot 'task1_tb_behav' loaded.
INFO: [USF-XSim-97] XSim simulation ran for 1000ns
launch_simulation: Time (s): cpu = 00:00:05 ; elapsed = 00:00:08 . Memory (MB): peak = 1028.355 ; gain = 0.000
close_sim
INFO: [Simtcl 6-16] Simulation closed
launch_simulation
Command: launch_simulation 
INFO: [Vivado 12-5682] Launching behavioral simulation in 'C:/Users/ddddd/OneDrive/Desktop/Semester 4/CA/project_1/project_1/project_1.sim/sim_1/behav/xsim'
INFO: [SIM-utils-51] Simulation object is 'sim_1'
INFO: [SIM-utils-54] Inspecting design source files for 'task1_tb' in fileset 'sim_1'...
INFO: [USF-XSim-97] Finding global include files...
INFO: [USF-XSim-98] Fetching design files from 'sim_1'...
INFO: [USF-XSim-2] XSim::Compile design
INFO: [USF-XSim-61] Executing 'COMPILE and ANALYZE' step in 'C:/Users/ddddd/OneDrive/Desktop/Semester 4/CA/project_1/project_1/project_1.sim/sim_1/behav/xsim'
"xvlog --incr --relax -prj task1_tb_vlog.prj"
INFO: [VRFC 10-2263] Analyzing Verilog file "C:/Users/ddddd/OneDrive/Desktop/Semester 4/CA/project_1/project_1/project_1.srcs/sources_1/new/ALU_64_bit.v" into library xil_defaultlib
INFO: [VRFC 10-311] analyzing module ALU_64_bit
INFO: [VRFC 10-2263] Analyzing Verilog file "C:/Users/ddddd/OneDrive/Desktop/Semester 4/CA/project_1/project_1/project_1.srcs/sources_1/new/ALU_Control.v" into library xil_defaultlib
INFO: [VRFC 10-311] analyzing module ALU_Control
INFO: [VRFC 10-2263] Analyzing Verilog file "C:/Users/ddddd/OneDrive/Desktop/Semester 4/CA/project_1/project_1/project_1.srcs/sources_1/new/Control_Unit.v" into library xil_defaultlib
INFO: [VRFC 10-311] analyzing module Control_Unit
INFO: [VRFC 10-2263] Analyzing Verilog file "C:/Users/ddddd/OneDrive/Desktop/Semester 4/CA/project_1/project_1/project_1.srcs/sources_1/new/Data_Memory.v" into library xil_defaultlib
INFO: [VRFC 10-311] analyzing module Data_Memory
INFO: [VRFC 10-2263] Analyzing Verilog file "C:/Users/ddddd/OneDrive/Desktop/Semester 4/CA/project_1/project_1/project_1.srcs/sources_1/new/Instruction_Memory.v" into library xil_defaultlib
INFO: [VRFC 10-311] analyzing module Instruction_Memory
INFO: [VRFC 10-2263] Analyzing Verilog file "C:/Users/ddddd/OneDrive/Desktop/Semester 4/CA/project_1/project_1/project_1.srcs/sources_1/new/Program_Counter.v" into library xil_defaultlib
INFO: [VRFC 10-311] analyzing module Program_Counter
INFO: [VRFC 10-2263] Analyzing Verilog file "C:/Users/ddddd/OneDrive/Desktop/Semester 4/CA/project_1/project_1/project_1.srcs/sources_1/new/RegisterFile.v" into library xil_defaultlib
INFO: [VRFC 10-311] analyzing module registerFile
INFO: [VRFC 10-2263] Analyzing Verilog file "C:/Users/ddddd/OneDrive/Desktop/Semester 4/CA/project_1/project_1/project_1.srcs/sources_1/new/adder.v" into library xil_defaultlib
INFO: [VRFC 10-311] analyzing module adder
INFO: [VRFC 10-2263] Analyzing Verilog file "C:/Users/ddddd/OneDrive/Desktop/Semester 4/CA/project_1/project_1/project_1.srcs/sources_1/new/imm_data_gen.v" into library xil_defaultlib
INFO: [VRFC 10-311] analyzing module imm_dat_gen
INFO: [VRFC 10-2263] Analyzing Verilog file "C:/Users/ddddd/OneDrive/Desktop/Semester 4/CA/project_1/project_1/project_1.srcs/sources_1/new/inst_parser.v" into library xil_defaultlib
INFO: [VRFC 10-311] analyzing module inst_parser
INFO: [VRFC 10-2263] Analyzing Verilog file "C:/Users/ddddd/OneDrive/Desktop/Semester 4/CA/project_1/project_1/project_1.srcs/sources_1/new/mux_2x1.v" into library xil_defaultlib
INFO: [VRFC 10-311] analyzing module mux_2x1
INFO: [VRFC 10-2263] Analyzing Verilog file "C:/Users/ddddd/OneDrive/Desktop/Semester 4/CA/project_1/project_1/project_1.srcs/sources_1/new/task1.v" into library xil_defaultlib
INFO: [VRFC 10-311] analyzing module task1
INFO: [VRFC 10-2263] Analyzing Verilog file "C:/Users/ddddd/OneDrive/Desktop/Semester 4/CA/project_1/project_1/project_1.srcs/sources_1/new/top_control.v" into library xil_defaultlib
INFO: [VRFC 10-311] analyzing module top_control
INFO: [VRFC 10-2263] Analyzing Verilog file "C:/Users/ddddd/OneDrive/Desktop/Semester 4/CA/project_1/project_1/project_1.srcs/sim_1/new/task1_tb.v" into library xil_defaultlib
INFO: [VRFC 10-311] analyzing module task1_tb
INFO: [USF-XSim-69] 'compile' step finished in '2' seconds
INFO: [USF-XSim-3] XSim::Elaborate design
INFO: [USF-XSim-61] Executing 'ELABORATE' step in 'C:/Users/ddddd/OneDrive/Desktop/Semester 4/CA/project_1/project_1/project_1.sim/sim_1/behav/xsim'
"xelab -wto e3a17a71a2f045e1ba9ced6a1a8d75fe --incr --debug typical --relax --mt 2 -L xil_defaultlib -L unisims_ver -L unimacro_ver -L secureip --snapshot task1_tb_behav xil_defaultlib.task1_tb xil_defaultlib.glbl -log elaborate.log"
Vivado Simulator 2020.1
Copyright 1986-1999, 2001-2020 Xilinx, Inc. All Rights Reserved.
Running: C:/Xilinx/Vivado/2020.1/bin/unwrapped/win64.o/xelab.exe -wto e3a17a71a2f045e1ba9ced6a1a8d75fe --incr --debug typical --relax --mt 2 -L xil_defaultlib -L unisims_ver -L unimacro_ver -L secureip --snapshot task1_tb_behav xil_defaultlib.task1_tb xil_defaultlib.glbl -log elaborate.log 
Using 2 slave threads.
Starting static elaboration
Pass Through NonSizing Optimizer
WARNING: [VRFC 10-3091] actual bit length 4 differs from formal bit length 7 for port 'func7' [C:/Users/ddddd/OneDrive/Desktop/Semester 4/CA/project_1/project_1/project_1.srcs/sources_1/new/task1.v:28]
Completed static elaboration
Starting simulation data flow analysis
Completed simulation data flow analysis
Time Resolution for simulation is 1ps
Compiling module xil_defaultlib.Program_Counter
Compiling module xil_defaultlib.adder
Compiling module xil_defaultlib.Instruction_Memory
Compiling module xil_defaultlib.inst_parser
Compiling module xil_defaultlib.Control_Unit
Compiling module xil_defaultlib.ALU_Control
Compiling module xil_defaultlib.top_control
Compiling module xil_defaultlib.imm_dat_gen
Compiling module xil_defaultlib.registerFile
Compiling module xil_defaultlib.mux_2x1
Compiling module xil_defaultlib.ALU_64_bit
Compiling module xil_defaultlib.Data_Memory
Compiling module xil_defaultlib.task1
Compiling module xil_defaultlib.task1_tb
Compiling module xil_defaultlib.glbl
Built simulation snapshot task1_tb_behav
INFO: [USF-XSim-69] 'elaborate' step finished in '2' seconds
INFO: [USF-XSim-4] XSim::Simulate design
INFO: [USF-XSim-61] Executing 'SIMULATE' step in 'C:/Users/ddddd/OneDrive/Desktop/Semester 4/CA/project_1/project_1/project_1.sim/sim_1/behav/xsim'
INFO: [USF-XSim-98] *** Running xsim
   with args "task1_tb_behav -key {Behavioral:sim_1:Functional:task1_tb} -tclbatch {task1_tb.tcl} -view {{C:/Users/ddddd/OneDrive/Desktop/Semester 4/CA/project_1/project_1/task1_tb_behav.wcfg}} -log {simulate.log}"
INFO: [USF-XSim-8] Loading simulator feature
Vivado Simulator 2020.1
Time resolution is 1 ps
open_wave_config {C:/Users/ddddd/OneDrive/Desktop/Semester 4/CA/project_1/project_1/task1_tb_behav.wcfg}
source task1_tb.tcl
# set curr_wave [current_wave_config]
# if { [string length $curr_wave] == 0 } {
#   if { [llength [get_objects]] > 0} {
#     add_wave /
#     set_property needs_save false [current_wave_config]
#   } else {
#      send_msg_id Add_Wave-1 WARNING "No top level signals found. Simulator will start without a wave window. If you want to open a wave window go to 'File->New Waveform Configuration' or type 'create_wave_config' in the TCL console."
#   }
# }
# run 1000ns
INFO: [USF-XSim-96] XSim completed. Design snapshot 'task1_tb_behav' loaded.
INFO: [USF-XSim-97] XSim simulation ran for 1000ns
launch_simulation: Time (s): cpu = 00:00:05 ; elapsed = 00:00:08 . Memory (MB): peak = 1028.355 ; gain = 0.000
close_sim
INFO: [Simtcl 6-16] Simulation closed
launch_simulation
Command: launch_simulation 
INFO: [Vivado 12-5682] Launching behavioral simulation in 'C:/Users/ddddd/OneDrive/Desktop/Semester 4/CA/project_1/project_1/project_1.sim/sim_1/behav/xsim'
INFO: [SIM-utils-51] Simulation object is 'sim_1'
INFO: [SIM-utils-54] Inspecting design source files for 'task1_tb' in fileset 'sim_1'...
INFO: [USF-XSim-97] Finding global include files...
INFO: [USF-XSim-98] Fetching design files from 'sim_1'...
INFO: [USF-XSim-2] XSim::Compile design
INFO: [USF-XSim-61] Executing 'COMPILE and ANALYZE' step in 'C:/Users/ddddd/OneDrive/Desktop/Semester 4/CA/project_1/project_1/project_1.sim/sim_1/behav/xsim'
"xvlog --incr --relax -prj task1_tb_vlog.prj"
INFO: [VRFC 10-2263] Analyzing Verilog file "C:/Users/ddddd/OneDrive/Desktop/Semester 4/CA/project_1/project_1/project_1.srcs/sources_1/new/ALU_64_bit.v" into library xil_defaultlib
INFO: [VRFC 10-311] analyzing module ALU_64_bit
INFO: [VRFC 10-2263] Analyzing Verilog file "C:/Users/ddddd/OneDrive/Desktop/Semester 4/CA/project_1/project_1/project_1.srcs/sources_1/new/ALU_Control.v" into library xil_defaultlib
INFO: [VRFC 10-311] analyzing module ALU_Control
INFO: [VRFC 10-2263] Analyzing Verilog file "C:/Users/ddddd/OneDrive/Desktop/Semester 4/CA/project_1/project_1/project_1.srcs/sources_1/new/Control_Unit.v" into library xil_defaultlib
INFO: [VRFC 10-311] analyzing module Control_Unit
INFO: [VRFC 10-2263] Analyzing Verilog file "C:/Users/ddddd/OneDrive/Desktop/Semester 4/CA/project_1/project_1/project_1.srcs/sources_1/new/Data_Memory.v" into library xil_defaultlib
INFO: [VRFC 10-311] analyzing module Data_Memory
INFO: [VRFC 10-2263] Analyzing Verilog file "C:/Users/ddddd/OneDrive/Desktop/Semester 4/CA/project_1/project_1/project_1.srcs/sources_1/new/Instruction_Memory.v" into library xil_defaultlib
INFO: [VRFC 10-311] analyzing module Instruction_Memory
INFO: [VRFC 10-2263] Analyzing Verilog file "C:/Users/ddddd/OneDrive/Desktop/Semester 4/CA/project_1/project_1/project_1.srcs/sources_1/new/Program_Counter.v" into library xil_defaultlib
INFO: [VRFC 10-311] analyzing module Program_Counter
INFO: [VRFC 10-2263] Analyzing Verilog file "C:/Users/ddddd/OneDrive/Desktop/Semester 4/CA/project_1/project_1/project_1.srcs/sources_1/new/RegisterFile.v" into library xil_defaultlib
INFO: [VRFC 10-311] analyzing module registerFile
INFO: [VRFC 10-2263] Analyzing Verilog file "C:/Users/ddddd/OneDrive/Desktop/Semester 4/CA/project_1/project_1/project_1.srcs/sources_1/new/adder.v" into library xil_defaultlib
INFO: [VRFC 10-311] analyzing module adder
INFO: [VRFC 10-2263] Analyzing Verilog file "C:/Users/ddddd/OneDrive/Desktop/Semester 4/CA/project_1/project_1/project_1.srcs/sources_1/new/imm_data_gen.v" into library xil_defaultlib
INFO: [VRFC 10-311] analyzing module imm_dat_gen
INFO: [VRFC 10-2263] Analyzing Verilog file "C:/Users/ddddd/OneDrive/Desktop/Semester 4/CA/project_1/project_1/project_1.srcs/sources_1/new/inst_parser.v" into library xil_defaultlib
INFO: [VRFC 10-311] analyzing module inst_parser
INFO: [VRFC 10-2263] Analyzing Verilog file "C:/Users/ddddd/OneDrive/Desktop/Semester 4/CA/project_1/project_1/project_1.srcs/sources_1/new/mux_2x1.v" into library xil_defaultlib
INFO: [VRFC 10-311] analyzing module mux_2x1
INFO: [VRFC 10-2263] Analyzing Verilog file "C:/Users/ddddd/OneDrive/Desktop/Semester 4/CA/project_1/project_1/project_1.srcs/sources_1/new/task1.v" into library xil_defaultlib
INFO: [VRFC 10-311] analyzing module task1
INFO: [VRFC 10-2263] Analyzing Verilog file "C:/Users/ddddd/OneDrive/Desktop/Semester 4/CA/project_1/project_1/project_1.srcs/sources_1/new/top_control.v" into library xil_defaultlib
INFO: [VRFC 10-311] analyzing module top_control
INFO: [VRFC 10-2263] Analyzing Verilog file "C:/Users/ddddd/OneDrive/Desktop/Semester 4/CA/project_1/project_1/project_1.srcs/sim_1/new/task1_tb.v" into library xil_defaultlib
INFO: [VRFC 10-311] analyzing module task1_tb
INFO: [USF-XSim-69] 'compile' step finished in '2' seconds
INFO: [USF-XSim-3] XSim::Elaborate design
INFO: [USF-XSim-61] Executing 'ELABORATE' step in 'C:/Users/ddddd/OneDrive/Desktop/Semester 4/CA/project_1/project_1/project_1.sim/sim_1/behav/xsim'
"xelab -wto e3a17a71a2f045e1ba9ced6a1a8d75fe --incr --debug typical --relax --mt 2 -L xil_defaultlib -L unisims_ver -L unimacro_ver -L secureip --snapshot task1_tb_behav xil_defaultlib.task1_tb xil_defaultlib.glbl -log elaborate.log"
Vivado Simulator 2020.1
Copyright 1986-1999, 2001-2020 Xilinx, Inc. All Rights Reserved.
Running: C:/Xilinx/Vivado/2020.1/bin/unwrapped/win64.o/xelab.exe -wto e3a17a71a2f045e1ba9ced6a1a8d75fe --incr --debug typical --relax --mt 2 -L xil_defaultlib -L unisims_ver -L unimacro_ver -L secureip --snapshot task1_tb_behav xil_defaultlib.task1_tb xil_defaultlib.glbl -log elaborate.log 
Using 2 slave threads.
Starting static elaboration
Pass Through NonSizing Optimizer
WARNING: [VRFC 10-3091] actual bit length 4 differs from formal bit length 7 for port 'func7' [C:/Users/ddddd/OneDrive/Desktop/Semester 4/CA/project_1/project_1/project_1.srcs/sources_1/new/task1.v:28]
Completed static elaboration
Starting simulation data flow analysis
Completed simulation data flow analysis
Time Resolution for simulation is 1ps
Compiling module xil_defaultlib.Program_Counter
Compiling module xil_defaultlib.adder
Compiling module xil_defaultlib.Instruction_Memory
Compiling module xil_defaultlib.inst_parser
Compiling module xil_defaultlib.Control_Unit
Compiling module xil_defaultlib.ALU_Control
Compiling module xil_defaultlib.top_control
Compiling module xil_defaultlib.imm_dat_gen
Compiling module xil_defaultlib.registerFile
Compiling module xil_defaultlib.mux_2x1
Compiling module xil_defaultlib.ALU_64_bit
Compiling module xil_defaultlib.Data_Memory
Compiling module xil_defaultlib.task1
Compiling module xil_defaultlib.task1_tb
Compiling module xil_defaultlib.glbl
Built simulation snapshot task1_tb_behav
INFO: [USF-XSim-69] 'elaborate' step finished in '2' seconds
INFO: [USF-XSim-4] XSim::Simulate design
INFO: [USF-XSim-61] Executing 'SIMULATE' step in 'C:/Users/ddddd/OneDrive/Desktop/Semester 4/CA/project_1/project_1/project_1.sim/sim_1/behav/xsim'
INFO: [USF-XSim-98] *** Running xsim
   with args "task1_tb_behav -key {Behavioral:sim_1:Functional:task1_tb} -tclbatch {task1_tb.tcl} -view {{C:/Users/ddddd/OneDrive/Desktop/Semester 4/CA/project_1/project_1/task1_tb_behav.wcfg}} -log {simulate.log}"
INFO: [USF-XSim-8] Loading simulator feature
Vivado Simulator 2020.1
Time resolution is 1 ps
open_wave_config {C:/Users/ddddd/OneDrive/Desktop/Semester 4/CA/project_1/project_1/task1_tb_behav.wcfg}
source task1_tb.tcl
# set curr_wave [current_wave_config]
# if { [string length $curr_wave] == 0 } {
#   if { [llength [get_objects]] > 0} {
#     add_wave /
#     set_property needs_save false [current_wave_config]
#   } else {
#      send_msg_id Add_Wave-1 WARNING "No top level signals found. Simulator will start without a wave window. If you want to open a wave window go to 'File->New Waveform Configuration' or type 'create_wave_config' in the TCL console."
#   }
# }
# run 1000ns
INFO: [USF-XSim-96] XSim completed. Design snapshot 'task1_tb_behav' loaded.
INFO: [USF-XSim-97] XSim simulation ran for 1000ns
launch_simulation: Time (s): cpu = 00:00:05 ; elapsed = 00:00:08 . Memory (MB): peak = 1028.355 ; gain = 0.000
close_sim
INFO: [Simtcl 6-16] Simulation closed
launch_simulation
Command: launch_simulation 
INFO: [Vivado 12-5682] Launching behavioral simulation in 'C:/Users/ddddd/OneDrive/Desktop/Semester 4/CA/project_1/project_1/project_1.sim/sim_1/behav/xsim'
INFO: [SIM-utils-51] Simulation object is 'sim_1'
INFO: [SIM-utils-54] Inspecting design source files for 'task1_tb' in fileset 'sim_1'...
INFO: [USF-XSim-97] Finding global include files...
INFO: [USF-XSim-98] Fetching design files from 'sim_1'...
INFO: [USF-XSim-2] XSim::Compile design
INFO: [USF-XSim-61] Executing 'COMPILE and ANALYZE' step in 'C:/Users/ddddd/OneDrive/Desktop/Semester 4/CA/project_1/project_1/project_1.sim/sim_1/behav/xsim'
"xvlog --incr --relax -prj task1_tb_vlog.prj"
INFO: [VRFC 10-2263] Analyzing Verilog file "C:/Users/ddddd/OneDrive/Desktop/Semester 4/CA/project_1/project_1/project_1.srcs/sources_1/new/ALU_64_bit.v" into library xil_defaultlib
INFO: [VRFC 10-311] analyzing module ALU_64_bit
INFO: [VRFC 10-2263] Analyzing Verilog file "C:/Users/ddddd/OneDrive/Desktop/Semester 4/CA/project_1/project_1/project_1.srcs/sources_1/new/ALU_Control.v" into library xil_defaultlib
INFO: [VRFC 10-311] analyzing module ALU_Control
INFO: [VRFC 10-2263] Analyzing Verilog file "C:/Users/ddddd/OneDrive/Desktop/Semester 4/CA/project_1/project_1/project_1.srcs/sources_1/new/Control_Unit.v" into library xil_defaultlib
INFO: [VRFC 10-311] analyzing module Control_Unit
INFO: [VRFC 10-2263] Analyzing Verilog file "C:/Users/ddddd/OneDrive/Desktop/Semester 4/CA/project_1/project_1/project_1.srcs/sources_1/new/Data_Memory.v" into library xil_defaultlib
INFO: [VRFC 10-311] analyzing module Data_Memory
INFO: [VRFC 10-2263] Analyzing Verilog file "C:/Users/ddddd/OneDrive/Desktop/Semester 4/CA/project_1/project_1/project_1.srcs/sources_1/new/Instruction_Memory.v" into library xil_defaultlib
INFO: [VRFC 10-311] analyzing module Instruction_Memory
INFO: [VRFC 10-2263] Analyzing Verilog file "C:/Users/ddddd/OneDrive/Desktop/Semester 4/CA/project_1/project_1/project_1.srcs/sources_1/new/Program_Counter.v" into library xil_defaultlib
INFO: [VRFC 10-311] analyzing module Program_Counter
INFO: [VRFC 10-2263] Analyzing Verilog file "C:/Users/ddddd/OneDrive/Desktop/Semester 4/CA/project_1/project_1/project_1.srcs/sources_1/new/RegisterFile.v" into library xil_defaultlib
INFO: [VRFC 10-311] analyzing module registerFile
INFO: [VRFC 10-2263] Analyzing Verilog file "C:/Users/ddddd/OneDrive/Desktop/Semester 4/CA/project_1/project_1/project_1.srcs/sources_1/new/adder.v" into library xil_defaultlib
INFO: [VRFC 10-311] analyzing module adder
INFO: [VRFC 10-2263] Analyzing Verilog file "C:/Users/ddddd/OneDrive/Desktop/Semester 4/CA/project_1/project_1/project_1.srcs/sources_1/new/imm_data_gen.v" into library xil_defaultlib
INFO: [VRFC 10-311] analyzing module imm_dat_gen
INFO: [VRFC 10-2263] Analyzing Verilog file "C:/Users/ddddd/OneDrive/Desktop/Semester 4/CA/project_1/project_1/project_1.srcs/sources_1/new/inst_parser.v" into library xil_defaultlib
INFO: [VRFC 10-311] analyzing module inst_parser
INFO: [VRFC 10-2263] Analyzing Verilog file "C:/Users/ddddd/OneDrive/Desktop/Semester 4/CA/project_1/project_1/project_1.srcs/sources_1/new/mux_2x1.v" into library xil_defaultlib
INFO: [VRFC 10-311] analyzing module mux_2x1
INFO: [VRFC 10-2263] Analyzing Verilog file "C:/Users/ddddd/OneDrive/Desktop/Semester 4/CA/project_1/project_1/project_1.srcs/sources_1/new/task1.v" into library xil_defaultlib
INFO: [VRFC 10-311] analyzing module task1
INFO: [VRFC 10-2263] Analyzing Verilog file "C:/Users/ddddd/OneDrive/Desktop/Semester 4/CA/project_1/project_1/project_1.srcs/sources_1/new/top_control.v" into library xil_defaultlib
INFO: [VRFC 10-311] analyzing module top_control
INFO: [VRFC 10-2263] Analyzing Verilog file "C:/Users/ddddd/OneDrive/Desktop/Semester 4/CA/project_1/project_1/project_1.srcs/sim_1/new/task1_tb.v" into library xil_defaultlib
INFO: [VRFC 10-311] analyzing module task1_tb
INFO: [USF-XSim-69] 'compile' step finished in '2' seconds
INFO: [USF-XSim-3] XSim::Elaborate design
INFO: [USF-XSim-61] Executing 'ELABORATE' step in 'C:/Users/ddddd/OneDrive/Desktop/Semester 4/CA/project_1/project_1/project_1.sim/sim_1/behav/xsim'
"xelab -wto e3a17a71a2f045e1ba9ced6a1a8d75fe --incr --debug typical --relax --mt 2 -L xil_defaultlib -L unisims_ver -L unimacro_ver -L secureip --snapshot task1_tb_behav xil_defaultlib.task1_tb xil_defaultlib.glbl -log elaborate.log"
Vivado Simulator 2020.1
Copyright 1986-1999, 2001-2020 Xilinx, Inc. All Rights Reserved.
Running: C:/Xilinx/Vivado/2020.1/bin/unwrapped/win64.o/xelab.exe -wto e3a17a71a2f045e1ba9ced6a1a8d75fe --incr --debug typical --relax --mt 2 -L xil_defaultlib -L unisims_ver -L unimacro_ver -L secureip --snapshot task1_tb_behav xil_defaultlib.task1_tb xil_defaultlib.glbl -log elaborate.log 
Using 2 slave threads.
Starting static elaboration
Pass Through NonSizing Optimizer
WARNING: [VRFC 10-3091] actual bit length 4 differs from formal bit length 7 for port 'func7' [C:/Users/ddddd/OneDrive/Desktop/Semester 4/CA/project_1/project_1/project_1.srcs/sources_1/new/task1.v:28]
Completed static elaboration
Starting simulation data flow analysis
Completed simulation data flow analysis
Time Resolution for simulation is 1ps
Compiling module xil_defaultlib.Program_Counter
Compiling module xil_defaultlib.adder
Compiling module xil_defaultlib.Instruction_Memory
Compiling module xil_defaultlib.inst_parser
Compiling module xil_defaultlib.Control_Unit
Compiling module xil_defaultlib.ALU_Control
Compiling module xil_defaultlib.top_control
Compiling module xil_defaultlib.imm_dat_gen
Compiling module xil_defaultlib.registerFile
Compiling module xil_defaultlib.mux_2x1
Compiling module xil_defaultlib.ALU_64_bit
Compiling module xil_defaultlib.Data_Memory
Compiling module xil_defaultlib.task1
Compiling module xil_defaultlib.task1_tb
Compiling module xil_defaultlib.glbl
Built simulation snapshot task1_tb_behav
INFO: [USF-XSim-69] 'elaborate' step finished in '2' seconds
INFO: [USF-XSim-4] XSim::Simulate design
INFO: [USF-XSim-61] Executing 'SIMULATE' step in 'C:/Users/ddddd/OneDrive/Desktop/Semester 4/CA/project_1/project_1/project_1.sim/sim_1/behav/xsim'
INFO: [USF-XSim-98] *** Running xsim
   with args "task1_tb_behav -key {Behavioral:sim_1:Functional:task1_tb} -tclbatch {task1_tb.tcl} -view {{C:/Users/ddddd/OneDrive/Desktop/Semester 4/CA/project_1/project_1/task1_tb_behav.wcfg}} -log {simulate.log}"
INFO: [USF-XSim-8] Loading simulator feature
Vivado Simulator 2020.1
Time resolution is 1 ps
open_wave_config {C:/Users/ddddd/OneDrive/Desktop/Semester 4/CA/project_1/project_1/task1_tb_behav.wcfg}
source task1_tb.tcl
# set curr_wave [current_wave_config]
# if { [string length $curr_wave] == 0 } {
#   if { [llength [get_objects]] > 0} {
#     add_wave /
#     set_property needs_save false [current_wave_config]
#   } else {
#      send_msg_id Add_Wave-1 WARNING "No top level signals found. Simulator will start without a wave window. If you want to open a wave window go to 'File->New Waveform Configuration' or type 'create_wave_config' in the TCL console."
#   }
# }
# run 1000ns
INFO: [USF-XSim-96] XSim completed. Design snapshot 'task1_tb_behav' loaded.
INFO: [USF-XSim-97] XSim simulation ran for 1000ns
launch_simulation: Time (s): cpu = 00:00:06 ; elapsed = 00:00:09 . Memory (MB): peak = 1028.355 ; gain = 0.000
close_sim
INFO: [Simtcl 6-16] Simulation closed
launch_simulation
Command: launch_simulation 
INFO: [Vivado 12-5682] Launching behavioral simulation in 'C:/Users/ddddd/OneDrive/Desktop/Semester 4/CA/project_1/project_1/project_1.sim/sim_1/behav/xsim'
INFO: [SIM-utils-51] Simulation object is 'sim_1'
INFO: [SIM-utils-54] Inspecting design source files for 'task1_tb' in fileset 'sim_1'...
INFO: [USF-XSim-97] Finding global include files...
INFO: [USF-XSim-98] Fetching design files from 'sim_1'...
INFO: [USF-XSim-2] XSim::Compile design
INFO: [USF-XSim-61] Executing 'COMPILE and ANALYZE' step in 'C:/Users/ddddd/OneDrive/Desktop/Semester 4/CA/project_1/project_1/project_1.sim/sim_1/behav/xsim'
"xvlog --incr --relax -prj task1_tb_vlog.prj"
INFO: [VRFC 10-2263] Analyzing Verilog file "C:/Users/ddddd/OneDrive/Desktop/Semester 4/CA/project_1/project_1/project_1.srcs/sources_1/new/ALU_64_bit.v" into library xil_defaultlib
INFO: [VRFC 10-311] analyzing module ALU_64_bit
INFO: [VRFC 10-2263] Analyzing Verilog file "C:/Users/ddddd/OneDrive/Desktop/Semester 4/CA/project_1/project_1/project_1.srcs/sources_1/new/ALU_Control.v" into library xil_defaultlib
INFO: [VRFC 10-311] analyzing module ALU_Control
INFO: [VRFC 10-2263] Analyzing Verilog file "C:/Users/ddddd/OneDrive/Desktop/Semester 4/CA/project_1/project_1/project_1.srcs/sources_1/new/Control_Unit.v" into library xil_defaultlib
INFO: [VRFC 10-311] analyzing module Control_Unit
INFO: [VRFC 10-2263] Analyzing Verilog file "C:/Users/ddddd/OneDrive/Desktop/Semester 4/CA/project_1/project_1/project_1.srcs/sources_1/new/Data_Memory.v" into library xil_defaultlib
INFO: [VRFC 10-311] analyzing module Data_Memory
INFO: [VRFC 10-2263] Analyzing Verilog file "C:/Users/ddddd/OneDrive/Desktop/Semester 4/CA/project_1/project_1/project_1.srcs/sources_1/new/Instruction_Memory.v" into library xil_defaultlib
INFO: [VRFC 10-311] analyzing module Instruction_Memory
INFO: [VRFC 10-2263] Analyzing Verilog file "C:/Users/ddddd/OneDrive/Desktop/Semester 4/CA/project_1/project_1/project_1.srcs/sources_1/new/Program_Counter.v" into library xil_defaultlib
INFO: [VRFC 10-311] analyzing module Program_Counter
INFO: [VRFC 10-2263] Analyzing Verilog file "C:/Users/ddddd/OneDrive/Desktop/Semester 4/CA/project_1/project_1/project_1.srcs/sources_1/new/RegisterFile.v" into library xil_defaultlib
INFO: [VRFC 10-311] analyzing module registerFile
INFO: [VRFC 10-2263] Analyzing Verilog file "C:/Users/ddddd/OneDrive/Desktop/Semester 4/CA/project_1/project_1/project_1.srcs/sources_1/new/adder.v" into library xil_defaultlib
INFO: [VRFC 10-311] analyzing module adder
INFO: [VRFC 10-2263] Analyzing Verilog file "C:/Users/ddddd/OneDrive/Desktop/Semester 4/CA/project_1/project_1/project_1.srcs/sources_1/new/imm_data_gen.v" into library xil_defaultlib
INFO: [VRFC 10-311] analyzing module imm_dat_gen
INFO: [VRFC 10-2263] Analyzing Verilog file "C:/Users/ddddd/OneDrive/Desktop/Semester 4/CA/project_1/project_1/project_1.srcs/sources_1/new/inst_parser.v" into library xil_defaultlib
INFO: [VRFC 10-311] analyzing module inst_parser
INFO: [VRFC 10-2263] Analyzing Verilog file "C:/Users/ddddd/OneDrive/Desktop/Semester 4/CA/project_1/project_1/project_1.srcs/sources_1/new/mux_2x1.v" into library xil_defaultlib
INFO: [VRFC 10-311] analyzing module mux_2x1
INFO: [VRFC 10-2263] Analyzing Verilog file "C:/Users/ddddd/OneDrive/Desktop/Semester 4/CA/project_1/project_1/project_1.srcs/sources_1/new/task1.v" into library xil_defaultlib
INFO: [VRFC 10-311] analyzing module task1
INFO: [VRFC 10-2263] Analyzing Verilog file "C:/Users/ddddd/OneDrive/Desktop/Semester 4/CA/project_1/project_1/project_1.srcs/sources_1/new/top_control.v" into library xil_defaultlib
INFO: [VRFC 10-311] analyzing module top_control
INFO: [VRFC 10-2263] Analyzing Verilog file "C:/Users/ddddd/OneDrive/Desktop/Semester 4/CA/project_1/project_1/project_1.srcs/sim_1/new/task1_tb.v" into library xil_defaultlib
INFO: [VRFC 10-311] analyzing module task1_tb
INFO: [USF-XSim-69] 'compile' step finished in '2' seconds
INFO: [USF-XSim-3] XSim::Elaborate design
INFO: [USF-XSim-61] Executing 'ELABORATE' step in 'C:/Users/ddddd/OneDrive/Desktop/Semester 4/CA/project_1/project_1/project_1.sim/sim_1/behav/xsim'
"xelab -wto e3a17a71a2f045e1ba9ced6a1a8d75fe --incr --debug typical --relax --mt 2 -L xil_defaultlib -L unisims_ver -L unimacro_ver -L secureip --snapshot task1_tb_behav xil_defaultlib.task1_tb xil_defaultlib.glbl -log elaborate.log"
Vivado Simulator 2020.1
Copyright 1986-1999, 2001-2020 Xilinx, Inc. All Rights Reserved.
Running: C:/Xilinx/Vivado/2020.1/bin/unwrapped/win64.o/xelab.exe -wto e3a17a71a2f045e1ba9ced6a1a8d75fe --incr --debug typical --relax --mt 2 -L xil_defaultlib -L unisims_ver -L unimacro_ver -L secureip --snapshot task1_tb_behav xil_defaultlib.task1_tb xil_defaultlib.glbl -log elaborate.log 
Using 2 slave threads.
Starting static elaboration
Pass Through NonSizing Optimizer
WARNING: [VRFC 10-3091] actual bit length 4 differs from formal bit length 7 for port 'func7' [C:/Users/ddddd/OneDrive/Desktop/Semester 4/CA/project_1/project_1/project_1.srcs/sources_1/new/task1.v:28]
Completed static elaboration
Starting simulation data flow analysis
Completed simulation data flow analysis
Time Resolution for simulation is 1ps
Compiling module xil_defaultlib.Program_Counter
Compiling module xil_defaultlib.adder
Compiling module xil_defaultlib.Instruction_Memory
Compiling module xil_defaultlib.inst_parser
Compiling module xil_defaultlib.Control_Unit
Compiling module xil_defaultlib.ALU_Control
Compiling module xil_defaultlib.top_control
Compiling module xil_defaultlib.imm_dat_gen
Compiling module xil_defaultlib.registerFile
Compiling module xil_defaultlib.mux_2x1
Compiling module xil_defaultlib.ALU_64_bit
Compiling module xil_defaultlib.Data_Memory
Compiling module xil_defaultlib.task1
Compiling module xil_defaultlib.task1_tb
Compiling module xil_defaultlib.glbl
Built simulation snapshot task1_tb_behav
INFO: [USF-XSim-69] 'elaborate' step finished in '2' seconds
INFO: [USF-XSim-4] XSim::Simulate design
INFO: [USF-XSim-61] Executing 'SIMULATE' step in 'C:/Users/ddddd/OneDrive/Desktop/Semester 4/CA/project_1/project_1/project_1.sim/sim_1/behav/xsim'
INFO: [USF-XSim-98] *** Running xsim
   with args "task1_tb_behav -key {Behavioral:sim_1:Functional:task1_tb} -tclbatch {task1_tb.tcl} -view {{C:/Users/ddddd/OneDrive/Desktop/Semester 4/CA/project_1/project_1/task1_tb_behav.wcfg}} -log {simulate.log}"
INFO: [USF-XSim-8] Loading simulator feature
Vivado Simulator 2020.1
Time resolution is 1 ps
open_wave_config {C:/Users/ddddd/OneDrive/Desktop/Semester 4/CA/project_1/project_1/task1_tb_behav.wcfg}
source task1_tb.tcl
# set curr_wave [current_wave_config]
# if { [string length $curr_wave] == 0 } {
#   if { [llength [get_objects]] > 0} {
#     add_wave /
#     set_property needs_save false [current_wave_config]
#   } else {
#      send_msg_id Add_Wave-1 WARNING "No top level signals found. Simulator will start without a wave window. If you want to open a wave window go to 'File->New Waveform Configuration' or type 'create_wave_config' in the TCL console."
#   }
# }
# run 1000ns
INFO: [USF-XSim-96] XSim completed. Design snapshot 'task1_tb_behav' loaded.
INFO: [USF-XSim-97] XSim simulation ran for 1000ns
launch_simulation: Time (s): cpu = 00:00:04 ; elapsed = 00:00:09 . Memory (MB): peak = 1028.355 ; gain = 0.000
close_sim
INFO: [Simtcl 6-16] Simulation closed
launch_simulation
Command: launch_simulation 
INFO: [Vivado 12-5682] Launching behavioral simulation in 'C:/Users/ddddd/OneDrive/Desktop/Semester 4/CA/project_1/project_1/project_1.sim/sim_1/behav/xsim'
INFO: [SIM-utils-51] Simulation object is 'sim_1'
INFO: [SIM-utils-54] Inspecting design source files for 'task1_tb' in fileset 'sim_1'...
INFO: [USF-XSim-97] Finding global include files...
INFO: [USF-XSim-98] Fetching design files from 'sim_1'...
INFO: [USF-XSim-2] XSim::Compile design
INFO: [USF-XSim-61] Executing 'COMPILE and ANALYZE' step in 'C:/Users/ddddd/OneDrive/Desktop/Semester 4/CA/project_1/project_1/project_1.sim/sim_1/behav/xsim'
"xvlog --incr --relax -prj task1_tb_vlog.prj"
INFO: [VRFC 10-2263] Analyzing Verilog file "C:/Users/ddddd/OneDrive/Desktop/Semester 4/CA/project_1/project_1/project_1.srcs/sources_1/new/ALU_64_bit.v" into library xil_defaultlib
INFO: [VRFC 10-311] analyzing module ALU_64_bit
INFO: [VRFC 10-2263] Analyzing Verilog file "C:/Users/ddddd/OneDrive/Desktop/Semester 4/CA/project_1/project_1/project_1.srcs/sources_1/new/ALU_Control.v" into library xil_defaultlib
INFO: [VRFC 10-311] analyzing module ALU_Control
INFO: [VRFC 10-2263] Analyzing Verilog file "C:/Users/ddddd/OneDrive/Desktop/Semester 4/CA/project_1/project_1/project_1.srcs/sources_1/new/Control_Unit.v" into library xil_defaultlib
INFO: [VRFC 10-311] analyzing module Control_Unit
INFO: [VRFC 10-2263] Analyzing Verilog file "C:/Users/ddddd/OneDrive/Desktop/Semester 4/CA/project_1/project_1/project_1.srcs/sources_1/new/Data_Memory.v" into library xil_defaultlib
INFO: [VRFC 10-311] analyzing module Data_Memory
INFO: [VRFC 10-2263] Analyzing Verilog file "C:/Users/ddddd/OneDrive/Desktop/Semester 4/CA/project_1/project_1/project_1.srcs/sources_1/new/Instruction_Memory.v" into library xil_defaultlib
INFO: [VRFC 10-311] analyzing module Instruction_Memory
INFO: [VRFC 10-2263] Analyzing Verilog file "C:/Users/ddddd/OneDrive/Desktop/Semester 4/CA/project_1/project_1/project_1.srcs/sources_1/new/Program_Counter.v" into library xil_defaultlib
INFO: [VRFC 10-311] analyzing module Program_Counter
INFO: [VRFC 10-2263] Analyzing Verilog file "C:/Users/ddddd/OneDrive/Desktop/Semester 4/CA/project_1/project_1/project_1.srcs/sources_1/new/RegisterFile.v" into library xil_defaultlib
INFO: [VRFC 10-311] analyzing module registerFile
INFO: [VRFC 10-2263] Analyzing Verilog file "C:/Users/ddddd/OneDrive/Desktop/Semester 4/CA/project_1/project_1/project_1.srcs/sources_1/new/adder.v" into library xil_defaultlib
INFO: [VRFC 10-311] analyzing module adder
INFO: [VRFC 10-2263] Analyzing Verilog file "C:/Users/ddddd/OneDrive/Desktop/Semester 4/CA/project_1/project_1/project_1.srcs/sources_1/new/imm_data_gen.v" into library xil_defaultlib
INFO: [VRFC 10-311] analyzing module imm_dat_gen
INFO: [VRFC 10-2263] Analyzing Verilog file "C:/Users/ddddd/OneDrive/Desktop/Semester 4/CA/project_1/project_1/project_1.srcs/sources_1/new/inst_parser.v" into library xil_defaultlib
INFO: [VRFC 10-311] analyzing module inst_parser
INFO: [VRFC 10-2263] Analyzing Verilog file "C:/Users/ddddd/OneDrive/Desktop/Semester 4/CA/project_1/project_1/project_1.srcs/sources_1/new/mux_2x1.v" into library xil_defaultlib
INFO: [VRFC 10-311] analyzing module mux_2x1
INFO: [VRFC 10-2263] Analyzing Verilog file "C:/Users/ddddd/OneDrive/Desktop/Semester 4/CA/project_1/project_1/project_1.srcs/sources_1/new/task1.v" into library xil_defaultlib
INFO: [VRFC 10-311] analyzing module task1
INFO: [VRFC 10-2263] Analyzing Verilog file "C:/Users/ddddd/OneDrive/Desktop/Semester 4/CA/project_1/project_1/project_1.srcs/sources_1/new/top_control.v" into library xil_defaultlib
INFO: [VRFC 10-311] analyzing module top_control
INFO: [VRFC 10-2263] Analyzing Verilog file "C:/Users/ddddd/OneDrive/Desktop/Semester 4/CA/project_1/project_1/project_1.srcs/sim_1/new/task1_tb.v" into library xil_defaultlib
INFO: [VRFC 10-311] analyzing module task1_tb
INFO: [USF-XSim-69] 'compile' step finished in '2' seconds
INFO: [USF-XSim-3] XSim::Elaborate design
INFO: [USF-XSim-61] Executing 'ELABORATE' step in 'C:/Users/ddddd/OneDrive/Desktop/Semester 4/CA/project_1/project_1/project_1.sim/sim_1/behav/xsim'
"xelab -wto e3a17a71a2f045e1ba9ced6a1a8d75fe --incr --debug typical --relax --mt 2 -L xil_defaultlib -L unisims_ver -L unimacro_ver -L secureip --snapshot task1_tb_behav xil_defaultlib.task1_tb xil_defaultlib.glbl -log elaborate.log"
Vivado Simulator 2020.1
Copyright 1986-1999, 2001-2020 Xilinx, Inc. All Rights Reserved.
Running: C:/Xilinx/Vivado/2020.1/bin/unwrapped/win64.o/xelab.exe -wto e3a17a71a2f045e1ba9ced6a1a8d75fe --incr --debug typical --relax --mt 2 -L xil_defaultlib -L unisims_ver -L unimacro_ver -L secureip --snapshot task1_tb_behav xil_defaultlib.task1_tb xil_defaultlib.glbl -log elaborate.log 
Using 2 slave threads.
Starting static elaboration
Pass Through NonSizing Optimizer
WARNING: [VRFC 10-3091] actual bit length 4 differs from formal bit length 7 for port 'func7' [C:/Users/ddddd/OneDrive/Desktop/Semester 4/CA/project_1/project_1/project_1.srcs/sources_1/new/task1.v:28]
Completed static elaboration
Starting simulation data flow analysis
Completed simulation data flow analysis
Time Resolution for simulation is 1ps
Compiling module xil_defaultlib.Program_Counter
Compiling module xil_defaultlib.adder
Compiling module xil_defaultlib.Instruction_Memory
Compiling module xil_defaultlib.inst_parser
Compiling module xil_defaultlib.Control_Unit
Compiling module xil_defaultlib.ALU_Control
Compiling module xil_defaultlib.top_control
Compiling module xil_defaultlib.imm_dat_gen
Compiling module xil_defaultlib.registerFile
Compiling module xil_defaultlib.mux_2x1
Compiling module xil_defaultlib.ALU_64_bit
Compiling module xil_defaultlib.Data_Memory
Compiling module xil_defaultlib.task1
Compiling module xil_defaultlib.task1_tb
Compiling module xil_defaultlib.glbl
Built simulation snapshot task1_tb_behav
INFO: [USF-XSim-69] 'elaborate' step finished in '2' seconds
INFO: [USF-XSim-4] XSim::Simulate design
INFO: [USF-XSim-61] Executing 'SIMULATE' step in 'C:/Users/ddddd/OneDrive/Desktop/Semester 4/CA/project_1/project_1/project_1.sim/sim_1/behav/xsim'
INFO: [USF-XSim-98] *** Running xsim
   with args "task1_tb_behav -key {Behavioral:sim_1:Functional:task1_tb} -tclbatch {task1_tb.tcl} -view {{C:/Users/ddddd/OneDrive/Desktop/Semester 4/CA/project_1/project_1/task1_tb_behav.wcfg}} -log {simulate.log}"
INFO: [USF-XSim-8] Loading simulator feature
Vivado Simulator 2020.1
Time resolution is 1 ps
open_wave_config {C:/Users/ddddd/OneDrive/Desktop/Semester 4/CA/project_1/project_1/task1_tb_behav.wcfg}
source task1_tb.tcl
# set curr_wave [current_wave_config]
# if { [string length $curr_wave] == 0 } {
#   if { [llength [get_objects]] > 0} {
#     add_wave /
#     set_property needs_save false [current_wave_config]
#   } else {
#      send_msg_id Add_Wave-1 WARNING "No top level signals found. Simulator will start without a wave window. If you want to open a wave window go to 'File->New Waveform Configuration' or type 'create_wave_config' in the TCL console."
#   }
# }
# run 1000ns
INFO: [USF-XSim-96] XSim completed. Design snapshot 'task1_tb_behav' loaded.
INFO: [USF-XSim-97] XSim simulation ran for 1000ns
launch_simulation: Time (s): cpu = 00:00:05 ; elapsed = 00:00:09 . Memory (MB): peak = 1028.355 ; gain = 0.000
close_sim
INFO: [Simtcl 6-16] Simulation closed
launch_simulation
Command: launch_simulation 
INFO: [Vivado 12-5682] Launching behavioral simulation in 'C:/Users/ddddd/OneDrive/Desktop/Semester 4/CA/project_1/project_1/project_1.sim/sim_1/behav/xsim'
INFO: [SIM-utils-51] Simulation object is 'sim_1'
INFO: [SIM-utils-54] Inspecting design source files for 'task1_tb' in fileset 'sim_1'...
INFO: [USF-XSim-97] Finding global include files...
INFO: [USF-XSim-98] Fetching design files from 'sim_1'...
INFO: [USF-XSim-2] XSim::Compile design
INFO: [USF-XSim-61] Executing 'COMPILE and ANALYZE' step in 'C:/Users/ddddd/OneDrive/Desktop/Semester 4/CA/project_1/project_1/project_1.sim/sim_1/behav/xsim'
"xvlog --incr --relax -prj task1_tb_vlog.prj"
INFO: [VRFC 10-2263] Analyzing Verilog file "C:/Users/ddddd/OneDrive/Desktop/Semester 4/CA/project_1/project_1/project_1.srcs/sources_1/new/ALU_64_bit.v" into library xil_defaultlib
INFO: [VRFC 10-311] analyzing module ALU_64_bit
INFO: [VRFC 10-2263] Analyzing Verilog file "C:/Users/ddddd/OneDrive/Desktop/Semester 4/CA/project_1/project_1/project_1.srcs/sources_1/new/ALU_Control.v" into library xil_defaultlib
INFO: [VRFC 10-311] analyzing module ALU_Control
INFO: [VRFC 10-2263] Analyzing Verilog file "C:/Users/ddddd/OneDrive/Desktop/Semester 4/CA/project_1/project_1/project_1.srcs/sources_1/new/Control_Unit.v" into library xil_defaultlib
INFO: [VRFC 10-311] analyzing module Control_Unit
INFO: [VRFC 10-2263] Analyzing Verilog file "C:/Users/ddddd/OneDrive/Desktop/Semester 4/CA/project_1/project_1/project_1.srcs/sources_1/new/Data_Memory.v" into library xil_defaultlib
INFO: [VRFC 10-311] analyzing module Data_Memory
INFO: [VRFC 10-2263] Analyzing Verilog file "C:/Users/ddddd/OneDrive/Desktop/Semester 4/CA/project_1/project_1/project_1.srcs/sources_1/new/Instruction_Memory.v" into library xil_defaultlib
INFO: [VRFC 10-311] analyzing module Instruction_Memory
INFO: [VRFC 10-2263] Analyzing Verilog file "C:/Users/ddddd/OneDrive/Desktop/Semester 4/CA/project_1/project_1/project_1.srcs/sources_1/new/Program_Counter.v" into library xil_defaultlib
INFO: [VRFC 10-311] analyzing module Program_Counter
INFO: [VRFC 10-2263] Analyzing Verilog file "C:/Users/ddddd/OneDrive/Desktop/Semester 4/CA/project_1/project_1/project_1.srcs/sources_1/new/RegisterFile.v" into library xil_defaultlib
INFO: [VRFC 10-311] analyzing module registerFile
INFO: [VRFC 10-2263] Analyzing Verilog file "C:/Users/ddddd/OneDrive/Desktop/Semester 4/CA/project_1/project_1/project_1.srcs/sources_1/new/adder.v" into library xil_defaultlib
INFO: [VRFC 10-311] analyzing module adder
INFO: [VRFC 10-2263] Analyzing Verilog file "C:/Users/ddddd/OneDrive/Desktop/Semester 4/CA/project_1/project_1/project_1.srcs/sources_1/new/imm_data_gen.v" into library xil_defaultlib
INFO: [VRFC 10-311] analyzing module imm_dat_gen
INFO: [VRFC 10-2263] Analyzing Verilog file "C:/Users/ddddd/OneDrive/Desktop/Semester 4/CA/project_1/project_1/project_1.srcs/sources_1/new/inst_parser.v" into library xil_defaultlib
INFO: [VRFC 10-311] analyzing module inst_parser
INFO: [VRFC 10-2263] Analyzing Verilog file "C:/Users/ddddd/OneDrive/Desktop/Semester 4/CA/project_1/project_1/project_1.srcs/sources_1/new/mux_2x1.v" into library xil_defaultlib
INFO: [VRFC 10-311] analyzing module mux_2x1
INFO: [VRFC 10-2263] Analyzing Verilog file "C:/Users/ddddd/OneDrive/Desktop/Semester 4/CA/project_1/project_1/project_1.srcs/sources_1/new/task1.v" into library xil_defaultlib
INFO: [VRFC 10-311] analyzing module task1
INFO: [VRFC 10-2263] Analyzing Verilog file "C:/Users/ddddd/OneDrive/Desktop/Semester 4/CA/project_1/project_1/project_1.srcs/sources_1/new/top_control.v" into library xil_defaultlib
INFO: [VRFC 10-311] analyzing module top_control
INFO: [VRFC 10-2263] Analyzing Verilog file "C:/Users/ddddd/OneDrive/Desktop/Semester 4/CA/project_1/project_1/project_1.srcs/sim_1/new/task1_tb.v" into library xil_defaultlib
INFO: [VRFC 10-311] analyzing module task1_tb
INFO: [USF-XSim-69] 'compile' step finished in '2' seconds
INFO: [USF-XSim-3] XSim::Elaborate design
INFO: [USF-XSim-61] Executing 'ELABORATE' step in 'C:/Users/ddddd/OneDrive/Desktop/Semester 4/CA/project_1/project_1/project_1.sim/sim_1/behav/xsim'
"xelab -wto e3a17a71a2f045e1ba9ced6a1a8d75fe --incr --debug typical --relax --mt 2 -L xil_defaultlib -L unisims_ver -L unimacro_ver -L secureip --snapshot task1_tb_behav xil_defaultlib.task1_tb xil_defaultlib.glbl -log elaborate.log"
Vivado Simulator 2020.1
Copyright 1986-1999, 2001-2020 Xilinx, Inc. All Rights Reserved.
Running: C:/Xilinx/Vivado/2020.1/bin/unwrapped/win64.o/xelab.exe -wto e3a17a71a2f045e1ba9ced6a1a8d75fe --incr --debug typical --relax --mt 2 -L xil_defaultlib -L unisims_ver -L unimacro_ver -L secureip --snapshot task1_tb_behav xil_defaultlib.task1_tb xil_defaultlib.glbl -log elaborate.log 
Using 2 slave threads.
Starting static elaboration
Pass Through NonSizing Optimizer
WARNING: [VRFC 10-3091] actual bit length 4 differs from formal bit length 7 for port 'func7' [C:/Users/ddddd/OneDrive/Desktop/Semester 4/CA/project_1/project_1/project_1.srcs/sources_1/new/task1.v:28]
Completed static elaboration
Starting simulation data flow analysis
Completed simulation data flow analysis
Time Resolution for simulation is 1ps
Compiling module xil_defaultlib.Program_Counter
Compiling module xil_defaultlib.adder
Compiling module xil_defaultlib.Instruction_Memory
Compiling module xil_defaultlib.inst_parser
Compiling module xil_defaultlib.Control_Unit
Compiling module xil_defaultlib.ALU_Control
Compiling module xil_defaultlib.top_control
Compiling module xil_defaultlib.imm_dat_gen
Compiling module xil_defaultlib.registerFile
Compiling module xil_defaultlib.mux_2x1
Compiling module xil_defaultlib.ALU_64_bit
Compiling module xil_defaultlib.Data_Memory
Compiling module xil_defaultlib.task1
Compiling module xil_defaultlib.task1_tb
Compiling module xil_defaultlib.glbl
Built simulation snapshot task1_tb_behav
INFO: [USF-XSim-69] 'elaborate' step finished in '2' seconds
INFO: [USF-XSim-4] XSim::Simulate design
INFO: [USF-XSim-61] Executing 'SIMULATE' step in 'C:/Users/ddddd/OneDrive/Desktop/Semester 4/CA/project_1/project_1/project_1.sim/sim_1/behav/xsim'
INFO: [USF-XSim-98] *** Running xsim
   with args "task1_tb_behav -key {Behavioral:sim_1:Functional:task1_tb} -tclbatch {task1_tb.tcl} -view {{C:/Users/ddddd/OneDrive/Desktop/Semester 4/CA/project_1/project_1/task1_tb_behav.wcfg}} -log {simulate.log}"
INFO: [USF-XSim-8] Loading simulator feature
Vivado Simulator 2020.1
Time resolution is 1 ps
open_wave_config {C:/Users/ddddd/OneDrive/Desktop/Semester 4/CA/project_1/project_1/task1_tb_behav.wcfg}
source task1_tb.tcl
# set curr_wave [current_wave_config]
# if { [string length $curr_wave] == 0 } {
#   if { [llength [get_objects]] > 0} {
#     add_wave /
#     set_property needs_save false [current_wave_config]
#   } else {
#      send_msg_id Add_Wave-1 WARNING "No top level signals found. Simulator will start without a wave window. If you want to open a wave window go to 'File->New Waveform Configuration' or type 'create_wave_config' in the TCL console."
#   }
# }
# run 1000ns
INFO: [USF-XSim-96] XSim completed. Design snapshot 'task1_tb_behav' loaded.
INFO: [USF-XSim-97] XSim simulation ran for 1000ns
launch_simulation: Time (s): cpu = 00:00:04 ; elapsed = 00:00:09 . Memory (MB): peak = 1028.355 ; gain = 0.000
close_sim
INFO: [Simtcl 6-16] Simulation closed
launch_simulation
Command: launch_simulation 
INFO: [Vivado 12-5682] Launching behavioral simulation in 'C:/Users/ddddd/OneDrive/Desktop/Semester 4/CA/project_1/project_1/project_1.sim/sim_1/behav/xsim'
INFO: [SIM-utils-51] Simulation object is 'sim_1'
INFO: [SIM-utils-54] Inspecting design source files for 'task1_tb' in fileset 'sim_1'...
INFO: [USF-XSim-97] Finding global include files...
INFO: [USF-XSim-98] Fetching design files from 'sim_1'...
INFO: [USF-XSim-2] XSim::Compile design
INFO: [USF-XSim-61] Executing 'COMPILE and ANALYZE' step in 'C:/Users/ddddd/OneDrive/Desktop/Semester 4/CA/project_1/project_1/project_1.sim/sim_1/behav/xsim'
"xvlog --incr --relax -prj task1_tb_vlog.prj"
INFO: [VRFC 10-2263] Analyzing Verilog file "C:/Users/ddddd/OneDrive/Desktop/Semester 4/CA/project_1/project_1/project_1.srcs/sources_1/new/ALU_64_bit.v" into library xil_defaultlib
INFO: [VRFC 10-311] analyzing module ALU_64_bit
INFO: [VRFC 10-2263] Analyzing Verilog file "C:/Users/ddddd/OneDrive/Desktop/Semester 4/CA/project_1/project_1/project_1.srcs/sources_1/new/ALU_Control.v" into library xil_defaultlib
INFO: [VRFC 10-311] analyzing module ALU_Control
INFO: [VRFC 10-2263] Analyzing Verilog file "C:/Users/ddddd/OneDrive/Desktop/Semester 4/CA/project_1/project_1/project_1.srcs/sources_1/new/Control_Unit.v" into library xil_defaultlib
INFO: [VRFC 10-311] analyzing module Control_Unit
INFO: [VRFC 10-2263] Analyzing Verilog file "C:/Users/ddddd/OneDrive/Desktop/Semester 4/CA/project_1/project_1/project_1.srcs/sources_1/new/Data_Memory.v" into library xil_defaultlib
INFO: [VRFC 10-311] analyzing module Data_Memory
INFO: [VRFC 10-2263] Analyzing Verilog file "C:/Users/ddddd/OneDrive/Desktop/Semester 4/CA/project_1/project_1/project_1.srcs/sources_1/new/Instruction_Memory.v" into library xil_defaultlib
INFO: [VRFC 10-311] analyzing module Instruction_Memory
INFO: [VRFC 10-2263] Analyzing Verilog file "C:/Users/ddddd/OneDrive/Desktop/Semester 4/CA/project_1/project_1/project_1.srcs/sources_1/new/Program_Counter.v" into library xil_defaultlib
INFO: [VRFC 10-311] analyzing module Program_Counter
INFO: [VRFC 10-2263] Analyzing Verilog file "C:/Users/ddddd/OneDrive/Desktop/Semester 4/CA/project_1/project_1/project_1.srcs/sources_1/new/RegisterFile.v" into library xil_defaultlib
INFO: [VRFC 10-311] analyzing module registerFile
INFO: [VRFC 10-2263] Analyzing Verilog file "C:/Users/ddddd/OneDrive/Desktop/Semester 4/CA/project_1/project_1/project_1.srcs/sources_1/new/adder.v" into library xil_defaultlib
INFO: [VRFC 10-311] analyzing module adder
INFO: [VRFC 10-2263] Analyzing Verilog file "C:/Users/ddddd/OneDrive/Desktop/Semester 4/CA/project_1/project_1/project_1.srcs/sources_1/new/imm_data_gen.v" into library xil_defaultlib
INFO: [VRFC 10-311] analyzing module imm_dat_gen
INFO: [VRFC 10-2263] Analyzing Verilog file "C:/Users/ddddd/OneDrive/Desktop/Semester 4/CA/project_1/project_1/project_1.srcs/sources_1/new/inst_parser.v" into library xil_defaultlib
INFO: [VRFC 10-311] analyzing module inst_parser
INFO: [VRFC 10-2263] Analyzing Verilog file "C:/Users/ddddd/OneDrive/Desktop/Semester 4/CA/project_1/project_1/project_1.srcs/sources_1/new/mux_2x1.v" into library xil_defaultlib
INFO: [VRFC 10-311] analyzing module mux_2x1
INFO: [VRFC 10-2263] Analyzing Verilog file "C:/Users/ddddd/OneDrive/Desktop/Semester 4/CA/project_1/project_1/project_1.srcs/sources_1/new/task1.v" into library xil_defaultlib
INFO: [VRFC 10-311] analyzing module task1
INFO: [VRFC 10-2263] Analyzing Verilog file "C:/Users/ddddd/OneDrive/Desktop/Semester 4/CA/project_1/project_1/project_1.srcs/sources_1/new/top_control.v" into library xil_defaultlib
INFO: [VRFC 10-311] analyzing module top_control
INFO: [VRFC 10-2263] Analyzing Verilog file "C:/Users/ddddd/OneDrive/Desktop/Semester 4/CA/project_1/project_1/project_1.srcs/sim_1/new/task1_tb.v" into library xil_defaultlib
INFO: [VRFC 10-311] analyzing module task1_tb
INFO: [USF-XSim-69] 'compile' step finished in '1' seconds
INFO: [USF-XSim-3] XSim::Elaborate design
INFO: [USF-XSim-61] Executing 'ELABORATE' step in 'C:/Users/ddddd/OneDrive/Desktop/Semester 4/CA/project_1/project_1/project_1.sim/sim_1/behav/xsim'
"xelab -wto e3a17a71a2f045e1ba9ced6a1a8d75fe --incr --debug typical --relax --mt 2 -L xil_defaultlib -L unisims_ver -L unimacro_ver -L secureip --snapshot task1_tb_behav xil_defaultlib.task1_tb xil_defaultlib.glbl -log elaborate.log"
Vivado Simulator 2020.1
Copyright 1986-1999, 2001-2020 Xilinx, Inc. All Rights Reserved.
Running: C:/Xilinx/Vivado/2020.1/bin/unwrapped/win64.o/xelab.exe -wto e3a17a71a2f045e1ba9ced6a1a8d75fe --incr --debug typical --relax --mt 2 -L xil_defaultlib -L unisims_ver -L unimacro_ver -L secureip --snapshot task1_tb_behav xil_defaultlib.task1_tb xil_defaultlib.glbl -log elaborate.log 
Using 2 slave threads.
Starting static elaboration
Pass Through NonSizing Optimizer
WARNING: [VRFC 10-3091] actual bit length 4 differs from formal bit length 7 for port 'func7' [C:/Users/ddddd/OneDrive/Desktop/Semester 4/CA/project_1/project_1/project_1.srcs/sources_1/new/task1.v:28]
Completed static elaboration
Starting simulation data flow analysis
Completed simulation data flow analysis
Time Resolution for simulation is 1ps
Compiling module xil_defaultlib.Program_Counter
Compiling module xil_defaultlib.adder
Compiling module xil_defaultlib.Instruction_Memory
Compiling module xil_defaultlib.inst_parser
Compiling module xil_defaultlib.Control_Unit
Compiling module xil_defaultlib.ALU_Control
Compiling module xil_defaultlib.top_control
Compiling module xil_defaultlib.imm_dat_gen
Compiling module xil_defaultlib.registerFile
Compiling module xil_defaultlib.mux_2x1
Compiling module xil_defaultlib.ALU_64_bit
Compiling module xil_defaultlib.Data_Memory
Compiling module xil_defaultlib.task1
Compiling module xil_defaultlib.task1_tb
Compiling module xil_defaultlib.glbl
Built simulation snapshot task1_tb_behav
INFO: [USF-XSim-69] 'elaborate' step finished in '3' seconds
INFO: [USF-XSim-4] XSim::Simulate design
INFO: [USF-XSim-61] Executing 'SIMULATE' step in 'C:/Users/ddddd/OneDrive/Desktop/Semester 4/CA/project_1/project_1/project_1.sim/sim_1/behav/xsim'
INFO: [USF-XSim-98] *** Running xsim
   with args "task1_tb_behav -key {Behavioral:sim_1:Functional:task1_tb} -tclbatch {task1_tb.tcl} -view {{C:/Users/ddddd/OneDrive/Desktop/Semester 4/CA/project_1/project_1/task1_tb_behav.wcfg}} -log {simulate.log}"
INFO: [USF-XSim-8] Loading simulator feature
Vivado Simulator 2020.1
Time resolution is 1 ps
open_wave_config {C:/Users/ddddd/OneDrive/Desktop/Semester 4/CA/project_1/project_1/task1_tb_behav.wcfg}
source task1_tb.tcl
# set curr_wave [current_wave_config]
# if { [string length $curr_wave] == 0 } {
#   if { [llength [get_objects]] > 0} {
#     add_wave /
#     set_property needs_save false [current_wave_config]
#   } else {
#      send_msg_id Add_Wave-1 WARNING "No top level signals found. Simulator will start without a wave window. If you want to open a wave window go to 'File->New Waveform Configuration' or type 'create_wave_config' in the TCL console."
#   }
# }
# run 1000ns
INFO: [USF-XSim-96] XSim completed. Design snapshot 'task1_tb_behav' loaded.
INFO: [USF-XSim-97] XSim simulation ran for 1000ns
launch_simulation: Time (s): cpu = 00:00:04 ; elapsed = 00:00:09 . Memory (MB): peak = 1028.355 ; gain = 0.000
close_sim
INFO: [Simtcl 6-16] Simulation closed
launch_simulation
Command: launch_simulation 
INFO: [Vivado 12-5682] Launching behavioral simulation in 'C:/Users/ddddd/OneDrive/Desktop/Semester 4/CA/project_1/project_1/project_1.sim/sim_1/behav/xsim'
INFO: [SIM-utils-51] Simulation object is 'sim_1'
INFO: [SIM-utils-54] Inspecting design source files for 'task1_tb' in fileset 'sim_1'...
INFO: [USF-XSim-97] Finding global include files...
INFO: [USF-XSim-98] Fetching design files from 'sim_1'...
INFO: [USF-XSim-2] XSim::Compile design
INFO: [USF-XSim-61] Executing 'COMPILE and ANALYZE' step in 'C:/Users/ddddd/OneDrive/Desktop/Semester 4/CA/project_1/project_1/project_1.sim/sim_1/behav/xsim'
"xvlog --incr --relax -prj task1_tb_vlog.prj"
INFO: [VRFC 10-2263] Analyzing Verilog file "C:/Users/ddddd/OneDrive/Desktop/Semester 4/CA/project_1/project_1/project_1.srcs/sources_1/new/ALU_64_bit.v" into library xil_defaultlib
INFO: [VRFC 10-311] analyzing module ALU_64_bit
INFO: [VRFC 10-2263] Analyzing Verilog file "C:/Users/ddddd/OneDrive/Desktop/Semester 4/CA/project_1/project_1/project_1.srcs/sources_1/new/ALU_Control.v" into library xil_defaultlib
INFO: [VRFC 10-311] analyzing module ALU_Control
INFO: [VRFC 10-2263] Analyzing Verilog file "C:/Users/ddddd/OneDrive/Desktop/Semester 4/CA/project_1/project_1/project_1.srcs/sources_1/new/Control_Unit.v" into library xil_defaultlib
INFO: [VRFC 10-311] analyzing module Control_Unit
INFO: [VRFC 10-2263] Analyzing Verilog file "C:/Users/ddddd/OneDrive/Desktop/Semester 4/CA/project_1/project_1/project_1.srcs/sources_1/new/Data_Memory.v" into library xil_defaultlib
INFO: [VRFC 10-311] analyzing module Data_Memory
INFO: [VRFC 10-2263] Analyzing Verilog file "C:/Users/ddddd/OneDrive/Desktop/Semester 4/CA/project_1/project_1/project_1.srcs/sources_1/new/Instruction_Memory.v" into library xil_defaultlib
INFO: [VRFC 10-311] analyzing module Instruction_Memory
INFO: [VRFC 10-2263] Analyzing Verilog file "C:/Users/ddddd/OneDrive/Desktop/Semester 4/CA/project_1/project_1/project_1.srcs/sources_1/new/Program_Counter.v" into library xil_defaultlib
INFO: [VRFC 10-311] analyzing module Program_Counter
INFO: [VRFC 10-2263] Analyzing Verilog file "C:/Users/ddddd/OneDrive/Desktop/Semester 4/CA/project_1/project_1/project_1.srcs/sources_1/new/RegisterFile.v" into library xil_defaultlib
INFO: [VRFC 10-311] analyzing module registerFile
INFO: [VRFC 10-2263] Analyzing Verilog file "C:/Users/ddddd/OneDrive/Desktop/Semester 4/CA/project_1/project_1/project_1.srcs/sources_1/new/adder.v" into library xil_defaultlib
INFO: [VRFC 10-311] analyzing module adder
INFO: [VRFC 10-2263] Analyzing Verilog file "C:/Users/ddddd/OneDrive/Desktop/Semester 4/CA/project_1/project_1/project_1.srcs/sources_1/new/imm_data_gen.v" into library xil_defaultlib
INFO: [VRFC 10-311] analyzing module imm_dat_gen
INFO: [VRFC 10-2263] Analyzing Verilog file "C:/Users/ddddd/OneDrive/Desktop/Semester 4/CA/project_1/project_1/project_1.srcs/sources_1/new/inst_parser.v" into library xil_defaultlib
INFO: [VRFC 10-311] analyzing module inst_parser
INFO: [VRFC 10-2263] Analyzing Verilog file "C:/Users/ddddd/OneDrive/Desktop/Semester 4/CA/project_1/project_1/project_1.srcs/sources_1/new/mux_2x1.v" into library xil_defaultlib
INFO: [VRFC 10-311] analyzing module mux_2x1
INFO: [VRFC 10-2263] Analyzing Verilog file "C:/Users/ddddd/OneDrive/Desktop/Semester 4/CA/project_1/project_1/project_1.srcs/sources_1/new/task1.v" into library xil_defaultlib
INFO: [VRFC 10-311] analyzing module task1
INFO: [VRFC 10-2263] Analyzing Verilog file "C:/Users/ddddd/OneDrive/Desktop/Semester 4/CA/project_1/project_1/project_1.srcs/sources_1/new/top_control.v" into library xil_defaultlib
INFO: [VRFC 10-311] analyzing module top_control
INFO: [VRFC 10-2263] Analyzing Verilog file "C:/Users/ddddd/OneDrive/Desktop/Semester 4/CA/project_1/project_1/project_1.srcs/sim_1/new/task1_tb.v" into library xil_defaultlib
INFO: [VRFC 10-311] analyzing module task1_tb
INFO: [USF-XSim-69] 'compile' step finished in '1' seconds
INFO: [USF-XSim-3] XSim::Elaborate design
INFO: [USF-XSim-61] Executing 'ELABORATE' step in 'C:/Users/ddddd/OneDrive/Desktop/Semester 4/CA/project_1/project_1/project_1.sim/sim_1/behav/xsim'
"xelab -wto e3a17a71a2f045e1ba9ced6a1a8d75fe --incr --debug typical --relax --mt 2 -L xil_defaultlib -L unisims_ver -L unimacro_ver -L secureip --snapshot task1_tb_behav xil_defaultlib.task1_tb xil_defaultlib.glbl -log elaborate.log"
Vivado Simulator 2020.1
Copyright 1986-1999, 2001-2020 Xilinx, Inc. All Rights Reserved.
Running: C:/Xilinx/Vivado/2020.1/bin/unwrapped/win64.o/xelab.exe -wto e3a17a71a2f045e1ba9ced6a1a8d75fe --incr --debug typical --relax --mt 2 -L xil_defaultlib -L unisims_ver -L unimacro_ver -L secureip --snapshot task1_tb_behav xil_defaultlib.task1_tb xil_defaultlib.glbl -log elaborate.log 
Using 2 slave threads.
Starting static elaboration
Pass Through NonSizing Optimizer
WARNING: [VRFC 10-3091] actual bit length 4 differs from formal bit length 7 for port 'func7' [C:/Users/ddddd/OneDrive/Desktop/Semester 4/CA/project_1/project_1/project_1.srcs/sources_1/new/task1.v:28]
Completed static elaboration
Starting simulation data flow analysis
Completed simulation data flow analysis
Time Resolution for simulation is 1ps
Compiling module xil_defaultlib.Program_Counter
Compiling module xil_defaultlib.adder
Compiling module xil_defaultlib.Instruction_Memory
Compiling module xil_defaultlib.inst_parser
Compiling module xil_defaultlib.Control_Unit
Compiling module xil_defaultlib.ALU_Control
Compiling module xil_defaultlib.top_control
Compiling module xil_defaultlib.imm_dat_gen
Compiling module xil_defaultlib.registerFile
Compiling module xil_defaultlib.mux_2x1
Compiling module xil_defaultlib.ALU_64_bit
Compiling module xil_defaultlib.Data_Memory
Compiling module xil_defaultlib.task1
Compiling module xil_defaultlib.task1_tb
Compiling module xil_defaultlib.glbl
Built simulation snapshot task1_tb_behav
INFO: [USF-XSim-69] 'elaborate' step finished in '4' seconds
INFO: [USF-XSim-4] XSim::Simulate design
INFO: [USF-XSim-61] Executing 'SIMULATE' step in 'C:/Users/ddddd/OneDrive/Desktop/Semester 4/CA/project_1/project_1/project_1.sim/sim_1/behav/xsim'
INFO: [USF-XSim-98] *** Running xsim
   with args "task1_tb_behav -key {Behavioral:sim_1:Functional:task1_tb} -tclbatch {task1_tb.tcl} -view {{C:/Users/ddddd/OneDrive/Desktop/Semester 4/CA/project_1/project_1/task1_tb_behav.wcfg}} -log {simulate.log}"
INFO: [USF-XSim-8] Loading simulator feature
Vivado Simulator 2020.1
Time resolution is 1 ps
open_wave_config {C:/Users/ddddd/OneDrive/Desktop/Semester 4/CA/project_1/project_1/task1_tb_behav.wcfg}
source task1_tb.tcl
# set curr_wave [current_wave_config]
# if { [string length $curr_wave] == 0 } {
#   if { [llength [get_objects]] > 0} {
#     add_wave /
#     set_property needs_save false [current_wave_config]
#   } else {
#      send_msg_id Add_Wave-1 WARNING "No top level signals found. Simulator will start without a wave window. If you want to open a wave window go to 'File->New Waveform Configuration' or type 'create_wave_config' in the TCL console."
#   }
# }
# run 1000ns
xsim: Time (s): cpu = 00:00:05 ; elapsed = 00:00:06 . Memory (MB): peak = 1028.355 ; gain = 0.000
INFO: [USF-XSim-96] XSim completed. Design snapshot 'task1_tb_behav' loaded.
INFO: [USF-XSim-97] XSim simulation ran for 1000ns
launch_simulation: Time (s): cpu = 00:00:07 ; elapsed = 00:00:12 . Memory (MB): peak = 1028.355 ; gain = 0.000
close_sim
INFO: [Simtcl 6-16] Simulation closed
launch_simulation
Command: launch_simulation 
INFO: [Vivado 12-5682] Launching behavioral simulation in 'C:/Users/ddddd/OneDrive/Desktop/Semester 4/CA/project_1/project_1/project_1.sim/sim_1/behav/xsim'
INFO: [SIM-utils-51] Simulation object is 'sim_1'
INFO: [SIM-utils-54] Inspecting design source files for 'task1_tb' in fileset 'sim_1'...
INFO: [USF-XSim-97] Finding global include files...
INFO: [USF-XSim-98] Fetching design files from 'sim_1'...
INFO: [USF-XSim-2] XSim::Compile design
INFO: [USF-XSim-61] Executing 'COMPILE and ANALYZE' step in 'C:/Users/ddddd/OneDrive/Desktop/Semester 4/CA/project_1/project_1/project_1.sim/sim_1/behav/xsim'
"xvlog --incr --relax -prj task1_tb_vlog.prj"
INFO: [VRFC 10-2263] Analyzing Verilog file "C:/Users/ddddd/OneDrive/Desktop/Semester 4/CA/project_1/project_1/project_1.srcs/sources_1/new/ALU_64_bit.v" into library xil_defaultlib
INFO: [VRFC 10-311] analyzing module ALU_64_bit
INFO: [VRFC 10-2263] Analyzing Verilog file "C:/Users/ddddd/OneDrive/Desktop/Semester 4/CA/project_1/project_1/project_1.srcs/sources_1/new/ALU_Control.v" into library xil_defaultlib
INFO: [VRFC 10-311] analyzing module ALU_Control
INFO: [VRFC 10-2263] Analyzing Verilog file "C:/Users/ddddd/OneDrive/Desktop/Semester 4/CA/project_1/project_1/project_1.srcs/sources_1/new/Control_Unit.v" into library xil_defaultlib
INFO: [VRFC 10-311] analyzing module Control_Unit
INFO: [VRFC 10-2263] Analyzing Verilog file "C:/Users/ddddd/OneDrive/Desktop/Semester 4/CA/project_1/project_1/project_1.srcs/sources_1/new/Data_Memory.v" into library xil_defaultlib
INFO: [VRFC 10-311] analyzing module Data_Memory
INFO: [VRFC 10-2263] Analyzing Verilog file "C:/Users/ddddd/OneDrive/Desktop/Semester 4/CA/project_1/project_1/project_1.srcs/sources_1/new/Instruction_Memory.v" into library xil_defaultlib
INFO: [VRFC 10-311] analyzing module Instruction_Memory
INFO: [VRFC 10-2263] Analyzing Verilog file "C:/Users/ddddd/OneDrive/Desktop/Semester 4/CA/project_1/project_1/project_1.srcs/sources_1/new/Program_Counter.v" into library xil_defaultlib
INFO: [VRFC 10-311] analyzing module Program_Counter
INFO: [VRFC 10-2263] Analyzing Verilog file "C:/Users/ddddd/OneDrive/Desktop/Semester 4/CA/project_1/project_1/project_1.srcs/sources_1/new/RegisterFile.v" into library xil_defaultlib
INFO: [VRFC 10-311] analyzing module registerFile
INFO: [VRFC 10-2263] Analyzing Verilog file "C:/Users/ddddd/OneDrive/Desktop/Semester 4/CA/project_1/project_1/project_1.srcs/sources_1/new/adder.v" into library xil_defaultlib
INFO: [VRFC 10-311] analyzing module adder
INFO: [VRFC 10-2263] Analyzing Verilog file "C:/Users/ddddd/OneDrive/Desktop/Semester 4/CA/project_1/project_1/project_1.srcs/sources_1/new/imm_data_gen.v" into library xil_defaultlib
INFO: [VRFC 10-311] analyzing module imm_dat_gen
INFO: [VRFC 10-2263] Analyzing Verilog file "C:/Users/ddddd/OneDrive/Desktop/Semester 4/CA/project_1/project_1/project_1.srcs/sources_1/new/inst_parser.v" into library xil_defaultlib
INFO: [VRFC 10-311] analyzing module inst_parser
INFO: [VRFC 10-2263] Analyzing Verilog file "C:/Users/ddddd/OneDrive/Desktop/Semester 4/CA/project_1/project_1/project_1.srcs/sources_1/new/mux_2x1.v" into library xil_defaultlib
INFO: [VRFC 10-311] analyzing module mux_2x1
INFO: [VRFC 10-2263] Analyzing Verilog file "C:/Users/ddddd/OneDrive/Desktop/Semester 4/CA/project_1/project_1/project_1.srcs/sources_1/new/task1.v" into library xil_defaultlib
INFO: [VRFC 10-311] analyzing module task1
INFO: [VRFC 10-2263] Analyzing Verilog file "C:/Users/ddddd/OneDrive/Desktop/Semester 4/CA/project_1/project_1/project_1.srcs/sources_1/new/top_control.v" into library xil_defaultlib
INFO: [VRFC 10-311] analyzing module top_control
INFO: [VRFC 10-2263] Analyzing Verilog file "C:/Users/ddddd/OneDrive/Desktop/Semester 4/CA/project_1/project_1/project_1.srcs/sim_1/new/task1_tb.v" into library xil_defaultlib
INFO: [VRFC 10-311] analyzing module task1_tb
INFO: [USF-XSim-69] 'compile' step finished in '1' seconds
INFO: [USF-XSim-3] XSim::Elaborate design
INFO: [USF-XSim-61] Executing 'ELABORATE' step in 'C:/Users/ddddd/OneDrive/Desktop/Semester 4/CA/project_1/project_1/project_1.sim/sim_1/behav/xsim'
"xelab -wto e3a17a71a2f045e1ba9ced6a1a8d75fe --incr --debug typical --relax --mt 2 -L xil_defaultlib -L unisims_ver -L unimacro_ver -L secureip --snapshot task1_tb_behav xil_defaultlib.task1_tb xil_defaultlib.glbl -log elaborate.log"
Vivado Simulator 2020.1
Copyright 1986-1999, 2001-2020 Xilinx, Inc. All Rights Reserved.
Running: C:/Xilinx/Vivado/2020.1/bin/unwrapped/win64.o/xelab.exe -wto e3a17a71a2f045e1ba9ced6a1a8d75fe --incr --debug typical --relax --mt 2 -L xil_defaultlib -L unisims_ver -L unimacro_ver -L secureip --snapshot task1_tb_behav xil_defaultlib.task1_tb xil_defaultlib.glbl -log elaborate.log 
Using 2 slave threads.
Starting static elaboration
Pass Through NonSizing Optimizer
WARNING: [VRFC 10-3091] actual bit length 4 differs from formal bit length 7 for port 'func7' [C:/Users/ddddd/OneDrive/Desktop/Semester 4/CA/project_1/project_1/project_1.srcs/sources_1/new/task1.v:28]
Completed static elaboration
Starting simulation data flow analysis
Completed simulation data flow analysis
Time Resolution for simulation is 1ps
Compiling module xil_defaultlib.Program_Counter
Compiling module xil_defaultlib.adder
Compiling module xil_defaultlib.Instruction_Memory
Compiling module xil_defaultlib.inst_parser
Compiling module xil_defaultlib.Control_Unit
Compiling module xil_defaultlib.ALU_Control
Compiling module xil_defaultlib.top_control
Compiling module xil_defaultlib.imm_dat_gen
Compiling module xil_defaultlib.registerFile
Compiling module xil_defaultlib.mux_2x1
Compiling module xil_defaultlib.ALU_64_bit
Compiling module xil_defaultlib.Data_Memory
Compiling module xil_defaultlib.task1
Compiling module xil_defaultlib.task1_tb
Compiling module xil_defaultlib.glbl
Built simulation snapshot task1_tb_behav
INFO: [USF-XSim-69] 'elaborate' step finished in '3' seconds
INFO: [USF-XSim-4] XSim::Simulate design
INFO: [USF-XSim-61] Executing 'SIMULATE' step in 'C:/Users/ddddd/OneDrive/Desktop/Semester 4/CA/project_1/project_1/project_1.sim/sim_1/behav/xsim'
INFO: [USF-XSim-98] *** Running xsim
   with args "task1_tb_behav -key {Behavioral:sim_1:Functional:task1_tb} -tclbatch {task1_tb.tcl} -view {{C:/Users/ddddd/OneDrive/Desktop/Semester 4/CA/project_1/project_1/task1_tb_behav.wcfg}} -log {simulate.log}"
INFO: [USF-XSim-8] Loading simulator feature
Vivado Simulator 2020.1
Time resolution is 1 ps
open_wave_config {C:/Users/ddddd/OneDrive/Desktop/Semester 4/CA/project_1/project_1/task1_tb_behav.wcfg}
source task1_tb.tcl
# set curr_wave [current_wave_config]
# if { [string length $curr_wave] == 0 } {
#   if { [llength [get_objects]] > 0} {
#     add_wave /
#     set_property needs_save false [current_wave_config]
#   } else {
#      send_msg_id Add_Wave-1 WARNING "No top level signals found. Simulator will start without a wave window. If you want to open a wave window go to 'File->New Waveform Configuration' or type 'create_wave_config' in the TCL console."
#   }
# }
# run 1000ns
INFO: [USF-XSim-96] XSim completed. Design snapshot 'task1_tb_behav' loaded.
INFO: [USF-XSim-97] XSim simulation ran for 1000ns
launch_simulation: Time (s): cpu = 00:00:05 ; elapsed = 00:00:09 . Memory (MB): peak = 1028.355 ; gain = 0.000
close_sim
INFO: [Simtcl 6-16] Simulation closed
launch_simulation
Command: launch_simulation 
INFO: [Vivado 12-5682] Launching behavioral simulation in 'C:/Users/ddddd/OneDrive/Desktop/Semester 4/CA/project_1/project_1/project_1.sim/sim_1/behav/xsim'
INFO: [SIM-utils-51] Simulation object is 'sim_1'
INFO: [SIM-utils-54] Inspecting design source files for 'task1_tb' in fileset 'sim_1'...
INFO: [USF-XSim-97] Finding global include files...
INFO: [USF-XSim-98] Fetching design files from 'sim_1'...
INFO: [USF-XSim-2] XSim::Compile design
INFO: [USF-XSim-61] Executing 'COMPILE and ANALYZE' step in 'C:/Users/ddddd/OneDrive/Desktop/Semester 4/CA/project_1/project_1/project_1.sim/sim_1/behav/xsim'
"xvlog --incr --relax -prj task1_tb_vlog.prj"
INFO: [VRFC 10-2263] Analyzing Verilog file "C:/Users/ddddd/OneDrive/Desktop/Semester 4/CA/project_1/project_1/project_1.srcs/sources_1/new/ALU_64_bit.v" into library xil_defaultlib
INFO: [VRFC 10-311] analyzing module ALU_64_bit
INFO: [VRFC 10-2263] Analyzing Verilog file "C:/Users/ddddd/OneDrive/Desktop/Semester 4/CA/project_1/project_1/project_1.srcs/sources_1/new/ALU_Control.v" into library xil_defaultlib
INFO: [VRFC 10-311] analyzing module ALU_Control
INFO: [VRFC 10-2263] Analyzing Verilog file "C:/Users/ddddd/OneDrive/Desktop/Semester 4/CA/project_1/project_1/project_1.srcs/sources_1/new/Control_Unit.v" into library xil_defaultlib
INFO: [VRFC 10-311] analyzing module Control_Unit
INFO: [VRFC 10-2263] Analyzing Verilog file "C:/Users/ddddd/OneDrive/Desktop/Semester 4/CA/project_1/project_1/project_1.srcs/sources_1/new/Data_Memory.v" into library xil_defaultlib
INFO: [VRFC 10-311] analyzing module Data_Memory
INFO: [VRFC 10-2263] Analyzing Verilog file "C:/Users/ddddd/OneDrive/Desktop/Semester 4/CA/project_1/project_1/project_1.srcs/sources_1/new/Instruction_Memory.v" into library xil_defaultlib
INFO: [VRFC 10-311] analyzing module Instruction_Memory
INFO: [VRFC 10-2263] Analyzing Verilog file "C:/Users/ddddd/OneDrive/Desktop/Semester 4/CA/project_1/project_1/project_1.srcs/sources_1/new/Program_Counter.v" into library xil_defaultlib
INFO: [VRFC 10-311] analyzing module Program_Counter
INFO: [VRFC 10-2263] Analyzing Verilog file "C:/Users/ddddd/OneDrive/Desktop/Semester 4/CA/project_1/project_1/project_1.srcs/sources_1/new/RegisterFile.v" into library xil_defaultlib
INFO: [VRFC 10-311] analyzing module registerFile
INFO: [VRFC 10-2263] Analyzing Verilog file "C:/Users/ddddd/OneDrive/Desktop/Semester 4/CA/project_1/project_1/project_1.srcs/sources_1/new/adder.v" into library xil_defaultlib
INFO: [VRFC 10-311] analyzing module adder
INFO: [VRFC 10-2263] Analyzing Verilog file "C:/Users/ddddd/OneDrive/Desktop/Semester 4/CA/project_1/project_1/project_1.srcs/sources_1/new/imm_data_gen.v" into library xil_defaultlib
INFO: [VRFC 10-311] analyzing module imm_dat_gen
INFO: [VRFC 10-2263] Analyzing Verilog file "C:/Users/ddddd/OneDrive/Desktop/Semester 4/CA/project_1/project_1/project_1.srcs/sources_1/new/inst_parser.v" into library xil_defaultlib
INFO: [VRFC 10-311] analyzing module inst_parser
INFO: [VRFC 10-2263] Analyzing Verilog file "C:/Users/ddddd/OneDrive/Desktop/Semester 4/CA/project_1/project_1/project_1.srcs/sources_1/new/mux_2x1.v" into library xil_defaultlib
INFO: [VRFC 10-311] analyzing module mux_2x1
INFO: [VRFC 10-2263] Analyzing Verilog file "C:/Users/ddddd/OneDrive/Desktop/Semester 4/CA/project_1/project_1/project_1.srcs/sources_1/new/task1.v" into library xil_defaultlib
INFO: [VRFC 10-311] analyzing module task1
INFO: [VRFC 10-2263] Analyzing Verilog file "C:/Users/ddddd/OneDrive/Desktop/Semester 4/CA/project_1/project_1/project_1.srcs/sources_1/new/top_control.v" into library xil_defaultlib
INFO: [VRFC 10-311] analyzing module top_control
INFO: [VRFC 10-2263] Analyzing Verilog file "C:/Users/ddddd/OneDrive/Desktop/Semester 4/CA/project_1/project_1/project_1.srcs/sim_1/new/task1_tb.v" into library xil_defaultlib
INFO: [VRFC 10-311] analyzing module task1_tb
INFO: [USF-XSim-69] 'compile' step finished in '1' seconds
INFO: [USF-XSim-3] XSim::Elaborate design
INFO: [USF-XSim-61] Executing 'ELABORATE' step in 'C:/Users/ddddd/OneDrive/Desktop/Semester 4/CA/project_1/project_1/project_1.sim/sim_1/behav/xsim'
"xelab -wto e3a17a71a2f045e1ba9ced6a1a8d75fe --incr --debug typical --relax --mt 2 -L xil_defaultlib -L unisims_ver -L unimacro_ver -L secureip --snapshot task1_tb_behav xil_defaultlib.task1_tb xil_defaultlib.glbl -log elaborate.log"
Vivado Simulator 2020.1
Copyright 1986-1999, 2001-2020 Xilinx, Inc. All Rights Reserved.
Running: C:/Xilinx/Vivado/2020.1/bin/unwrapped/win64.o/xelab.exe -wto e3a17a71a2f045e1ba9ced6a1a8d75fe --incr --debug typical --relax --mt 2 -L xil_defaultlib -L unisims_ver -L unimacro_ver -L secureip --snapshot task1_tb_behav xil_defaultlib.task1_tb xil_defaultlib.glbl -log elaborate.log 
Using 2 slave threads.
Starting static elaboration
Pass Through NonSizing Optimizer
WARNING: [VRFC 10-3091] actual bit length 4 differs from formal bit length 7 for port 'func7' [C:/Users/ddddd/OneDrive/Desktop/Semester 4/CA/project_1/project_1/project_1.srcs/sources_1/new/task1.v:28]
Completed static elaboration
Starting simulation data flow analysis
Completed simulation data flow analysis
Time Resolution for simulation is 1ps
Compiling module xil_defaultlib.Program_Counter
Compiling module xil_defaultlib.adder
Compiling module xil_defaultlib.Instruction_Memory
Compiling module xil_defaultlib.inst_parser
Compiling module xil_defaultlib.Control_Unit
Compiling module xil_defaultlib.ALU_Control
Compiling module xil_defaultlib.top_control
Compiling module xil_defaultlib.imm_dat_gen
Compiling module xil_defaultlib.registerFile
Compiling module xil_defaultlib.mux_2x1
Compiling module xil_defaultlib.ALU_64_bit
Compiling module xil_defaultlib.Data_Memory
Compiling module xil_defaultlib.task1
Compiling module xil_defaultlib.task1_tb
Compiling module xil_defaultlib.glbl
Built simulation snapshot task1_tb_behav
INFO: [USF-XSim-69] 'elaborate' step finished in '3' seconds
INFO: [USF-XSim-4] XSim::Simulate design
INFO: [USF-XSim-61] Executing 'SIMULATE' step in 'C:/Users/ddddd/OneDrive/Desktop/Semester 4/CA/project_1/project_1/project_1.sim/sim_1/behav/xsim'
INFO: [USF-XSim-98] *** Running xsim
   with args "task1_tb_behav -key {Behavioral:sim_1:Functional:task1_tb} -tclbatch {task1_tb.tcl} -view {{C:/Users/ddddd/OneDrive/Desktop/Semester 4/CA/project_1/project_1/task1_tb_behav.wcfg}} -log {simulate.log}"
INFO: [USF-XSim-8] Loading simulator feature
Vivado Simulator 2020.1
Time resolution is 1 ps
open_wave_config {C:/Users/ddddd/OneDrive/Desktop/Semester 4/CA/project_1/project_1/task1_tb_behav.wcfg}
source task1_tb.tcl
# set curr_wave [current_wave_config]
# if { [string length $curr_wave] == 0 } {
#   if { [llength [get_objects]] > 0} {
#     add_wave /
#     set_property needs_save false [current_wave_config]
#   } else {
#      send_msg_id Add_Wave-1 WARNING "No top level signals found. Simulator will start without a wave window. If you want to open a wave window go to 'File->New Waveform Configuration' or type 'create_wave_config' in the TCL console."
#   }
# }
# run 1000ns
xsim: Time (s): cpu = 00:00:06 ; elapsed = 00:00:05 . Memory (MB): peak = 1028.355 ; gain = 0.000
INFO: [USF-XSim-96] XSim completed. Design snapshot 'task1_tb_behav' loaded.
INFO: [USF-XSim-97] XSim simulation ran for 1000ns
launch_simulation: Time (s): cpu = 00:00:06 ; elapsed = 00:00:10 . Memory (MB): peak = 1028.355 ; gain = 0.000
close_sim
INFO: [Simtcl 6-16] Simulation closed
launch_simulation
Command: launch_simulation 
INFO: [Vivado 12-5682] Launching behavioral simulation in 'C:/Users/ddddd/OneDrive/Desktop/Semester 4/CA/project_1/project_1/project_1.sim/sim_1/behav/xsim'
INFO: [SIM-utils-51] Simulation object is 'sim_1'
INFO: [SIM-utils-54] Inspecting design source files for 'task1_tb' in fileset 'sim_1'...
INFO: [USF-XSim-97] Finding global include files...
INFO: [USF-XSim-98] Fetching design files from 'sim_1'...
INFO: [USF-XSim-2] XSim::Compile design
INFO: [USF-XSim-61] Executing 'COMPILE and ANALYZE' step in 'C:/Users/ddddd/OneDrive/Desktop/Semester 4/CA/project_1/project_1/project_1.sim/sim_1/behav/xsim'
"xvlog --incr --relax -prj task1_tb_vlog.prj"
INFO: [VRFC 10-2263] Analyzing Verilog file "C:/Users/ddddd/OneDrive/Desktop/Semester 4/CA/project_1/project_1/project_1.srcs/sources_1/new/ALU_64_bit.v" into library xil_defaultlib
INFO: [VRFC 10-311] analyzing module ALU_64_bit
INFO: [VRFC 10-2263] Analyzing Verilog file "C:/Users/ddddd/OneDrive/Desktop/Semester 4/CA/project_1/project_1/project_1.srcs/sources_1/new/ALU_Control.v" into library xil_defaultlib
INFO: [VRFC 10-311] analyzing module ALU_Control
INFO: [VRFC 10-2263] Analyzing Verilog file "C:/Users/ddddd/OneDrive/Desktop/Semester 4/CA/project_1/project_1/project_1.srcs/sources_1/new/Control_Unit.v" into library xil_defaultlib
INFO: [VRFC 10-311] analyzing module Control_Unit
INFO: [VRFC 10-2263] Analyzing Verilog file "C:/Users/ddddd/OneDrive/Desktop/Semester 4/CA/project_1/project_1/project_1.srcs/sources_1/new/Data_Memory.v" into library xil_defaultlib
INFO: [VRFC 10-311] analyzing module Data_Memory
INFO: [VRFC 10-2263] Analyzing Verilog file "C:/Users/ddddd/OneDrive/Desktop/Semester 4/CA/project_1/project_1/project_1.srcs/sources_1/new/Instruction_Memory.v" into library xil_defaultlib
INFO: [VRFC 10-311] analyzing module Instruction_Memory
INFO: [VRFC 10-2263] Analyzing Verilog file "C:/Users/ddddd/OneDrive/Desktop/Semester 4/CA/project_1/project_1/project_1.srcs/sources_1/new/Program_Counter.v" into library xil_defaultlib
INFO: [VRFC 10-311] analyzing module Program_Counter
INFO: [VRFC 10-2263] Analyzing Verilog file "C:/Users/ddddd/OneDrive/Desktop/Semester 4/CA/project_1/project_1/project_1.srcs/sources_1/new/RegisterFile.v" into library xil_defaultlib
INFO: [VRFC 10-311] analyzing module registerFile
INFO: [VRFC 10-2263] Analyzing Verilog file "C:/Users/ddddd/OneDrive/Desktop/Semester 4/CA/project_1/project_1/project_1.srcs/sources_1/new/adder.v" into library xil_defaultlib
INFO: [VRFC 10-311] analyzing module adder
INFO: [VRFC 10-2263] Analyzing Verilog file "C:/Users/ddddd/OneDrive/Desktop/Semester 4/CA/project_1/project_1/project_1.srcs/sources_1/new/imm_data_gen.v" into library xil_defaultlib
INFO: [VRFC 10-311] analyzing module imm_dat_gen
INFO: [VRFC 10-2263] Analyzing Verilog file "C:/Users/ddddd/OneDrive/Desktop/Semester 4/CA/project_1/project_1/project_1.srcs/sources_1/new/inst_parser.v" into library xil_defaultlib
INFO: [VRFC 10-311] analyzing module inst_parser
INFO: [VRFC 10-2263] Analyzing Verilog file "C:/Users/ddddd/OneDrive/Desktop/Semester 4/CA/project_1/project_1/project_1.srcs/sources_1/new/mux_2x1.v" into library xil_defaultlib
INFO: [VRFC 10-311] analyzing module mux_2x1
INFO: [VRFC 10-2263] Analyzing Verilog file "C:/Users/ddddd/OneDrive/Desktop/Semester 4/CA/project_1/project_1/project_1.srcs/sources_1/new/task1.v" into library xil_defaultlib
INFO: [VRFC 10-311] analyzing module task1
INFO: [VRFC 10-2263] Analyzing Verilog file "C:/Users/ddddd/OneDrive/Desktop/Semester 4/CA/project_1/project_1/project_1.srcs/sources_1/new/top_control.v" into library xil_defaultlib
INFO: [VRFC 10-311] analyzing module top_control
INFO: [VRFC 10-2263] Analyzing Verilog file "C:/Users/ddddd/OneDrive/Desktop/Semester 4/CA/project_1/project_1/project_1.srcs/sim_1/new/task1_tb.v" into library xil_defaultlib
INFO: [VRFC 10-311] analyzing module task1_tb
INFO: [USF-XSim-69] 'compile' step finished in '2' seconds
INFO: [USF-XSim-3] XSim::Elaborate design
INFO: [USF-XSim-61] Executing 'ELABORATE' step in 'C:/Users/ddddd/OneDrive/Desktop/Semester 4/CA/project_1/project_1/project_1.sim/sim_1/behav/xsim'
"xelab -wto e3a17a71a2f045e1ba9ced6a1a8d75fe --incr --debug typical --relax --mt 2 -L xil_defaultlib -L unisims_ver -L unimacro_ver -L secureip --snapshot task1_tb_behav xil_defaultlib.task1_tb xil_defaultlib.glbl -log elaborate.log"
Vivado Simulator 2020.1
Copyright 1986-1999, 2001-2020 Xilinx, Inc. All Rights Reserved.
Running: C:/Xilinx/Vivado/2020.1/bin/unwrapped/win64.o/xelab.exe -wto e3a17a71a2f045e1ba9ced6a1a8d75fe --incr --debug typical --relax --mt 2 -L xil_defaultlib -L unisims_ver -L unimacro_ver -L secureip --snapshot task1_tb_behav xil_defaultlib.task1_tb xil_defaultlib.glbl -log elaborate.log 
Using 2 slave threads.
Starting static elaboration
Pass Through NonSizing Optimizer
WARNING: [VRFC 10-3091] actual bit length 4 differs from formal bit length 7 for port 'func7' [C:/Users/ddddd/OneDrive/Desktop/Semester 4/CA/project_1/project_1/project_1.srcs/sources_1/new/task1.v:28]
Completed static elaboration
Starting simulation data flow analysis
Completed simulation data flow analysis
Time Resolution for simulation is 1ps
Compiling module xil_defaultlib.Program_Counter
Compiling module xil_defaultlib.adder
Compiling module xil_defaultlib.Instruction_Memory
Compiling module xil_defaultlib.inst_parser
Compiling module xil_defaultlib.Control_Unit
Compiling module xil_defaultlib.ALU_Control
Compiling module xil_defaultlib.top_control
Compiling module xil_defaultlib.imm_dat_gen
Compiling module xil_defaultlib.registerFile
Compiling module xil_defaultlib.mux_2x1
Compiling module xil_defaultlib.ALU_64_bit
Compiling module xil_defaultlib.Data_Memory
Compiling module xil_defaultlib.task1
Compiling module xil_defaultlib.task1_tb
Compiling module xil_defaultlib.glbl
Built simulation snapshot task1_tb_behav
INFO: [USF-XSim-69] 'elaborate' step finished in '2' seconds
INFO: [USF-XSim-4] XSim::Simulate design
INFO: [USF-XSim-61] Executing 'SIMULATE' step in 'C:/Users/ddddd/OneDrive/Desktop/Semester 4/CA/project_1/project_1/project_1.sim/sim_1/behav/xsim'
INFO: [USF-XSim-98] *** Running xsim
   with args "task1_tb_behav -key {Behavioral:sim_1:Functional:task1_tb} -tclbatch {task1_tb.tcl} -view {{C:/Users/ddddd/OneDrive/Desktop/Semester 4/CA/project_1/project_1/task1_tb_behav.wcfg}} -log {simulate.log}"
INFO: [USF-XSim-8] Loading simulator feature
Vivado Simulator 2020.1
Time resolution is 1 ps
open_wave_config {C:/Users/ddddd/OneDrive/Desktop/Semester 4/CA/project_1/project_1/task1_tb_behav.wcfg}
source task1_tb.tcl
# set curr_wave [current_wave_config]
# if { [string length $curr_wave] == 0 } {
#   if { [llength [get_objects]] > 0} {
#     add_wave /
#     set_property needs_save false [current_wave_config]
#   } else {
#      send_msg_id Add_Wave-1 WARNING "No top level signals found. Simulator will start without a wave window. If you want to open a wave window go to 'File->New Waveform Configuration' or type 'create_wave_config' in the TCL console."
#   }
# }
# run 1000ns
INFO: [USF-XSim-96] XSim completed. Design snapshot 'task1_tb_behav' loaded.
INFO: [USF-XSim-97] XSim simulation ran for 1000ns
launch_simulation: Time (s): cpu = 00:00:04 ; elapsed = 00:00:09 . Memory (MB): peak = 1028.355 ; gain = 0.000
close_sim
INFO: [Simtcl 6-16] Simulation closed
launch_simulation
Command: launch_simulation 
INFO: [Vivado 12-5682] Launching behavioral simulation in 'C:/Users/ddddd/OneDrive/Desktop/Semester 4/CA/project_1/project_1/project_1.sim/sim_1/behav/xsim'
INFO: [SIM-utils-51] Simulation object is 'sim_1'
INFO: [SIM-utils-54] Inspecting design source files for 'task1_tb' in fileset 'sim_1'...
INFO: [USF-XSim-97] Finding global include files...
INFO: [USF-XSim-98] Fetching design files from 'sim_1'...
INFO: [USF-XSim-2] XSim::Compile design
INFO: [USF-XSim-61] Executing 'COMPILE and ANALYZE' step in 'C:/Users/ddddd/OneDrive/Desktop/Semester 4/CA/project_1/project_1/project_1.sim/sim_1/behav/xsim'
"xvlog --incr --relax -prj task1_tb_vlog.prj"
INFO: [VRFC 10-2263] Analyzing Verilog file "C:/Users/ddddd/OneDrive/Desktop/Semester 4/CA/project_1/project_1/project_1.srcs/sources_1/new/ALU_64_bit.v" into library xil_defaultlib
INFO: [VRFC 10-311] analyzing module ALU_64_bit
INFO: [VRFC 10-2263] Analyzing Verilog file "C:/Users/ddddd/OneDrive/Desktop/Semester 4/CA/project_1/project_1/project_1.srcs/sources_1/new/ALU_Control.v" into library xil_defaultlib
INFO: [VRFC 10-311] analyzing module ALU_Control
INFO: [VRFC 10-2263] Analyzing Verilog file "C:/Users/ddddd/OneDrive/Desktop/Semester 4/CA/project_1/project_1/project_1.srcs/sources_1/new/Control_Unit.v" into library xil_defaultlib
INFO: [VRFC 10-311] analyzing module Control_Unit
INFO: [VRFC 10-2263] Analyzing Verilog file "C:/Users/ddddd/OneDrive/Desktop/Semester 4/CA/project_1/project_1/project_1.srcs/sources_1/new/Data_Memory.v" into library xil_defaultlib
INFO: [VRFC 10-311] analyzing module Data_Memory
INFO: [VRFC 10-2263] Analyzing Verilog file "C:/Users/ddddd/OneDrive/Desktop/Semester 4/CA/project_1/project_1/project_1.srcs/sources_1/new/Instruction_Memory.v" into library xil_defaultlib
INFO: [VRFC 10-311] analyzing module Instruction_Memory
INFO: [VRFC 10-2263] Analyzing Verilog file "C:/Users/ddddd/OneDrive/Desktop/Semester 4/CA/project_1/project_1/project_1.srcs/sources_1/new/Program_Counter.v" into library xil_defaultlib
INFO: [VRFC 10-311] analyzing module Program_Counter
INFO: [VRFC 10-2263] Analyzing Verilog file "C:/Users/ddddd/OneDrive/Desktop/Semester 4/CA/project_1/project_1/project_1.srcs/sources_1/new/RegisterFile.v" into library xil_defaultlib
INFO: [VRFC 10-311] analyzing module registerFile
INFO: [VRFC 10-2263] Analyzing Verilog file "C:/Users/ddddd/OneDrive/Desktop/Semester 4/CA/project_1/project_1/project_1.srcs/sources_1/new/adder.v" into library xil_defaultlib
INFO: [VRFC 10-311] analyzing module adder
INFO: [VRFC 10-2263] Analyzing Verilog file "C:/Users/ddddd/OneDrive/Desktop/Semester 4/CA/project_1/project_1/project_1.srcs/sources_1/new/imm_data_gen.v" into library xil_defaultlib
INFO: [VRFC 10-311] analyzing module imm_dat_gen
INFO: [VRFC 10-2263] Analyzing Verilog file "C:/Users/ddddd/OneDrive/Desktop/Semester 4/CA/project_1/project_1/project_1.srcs/sources_1/new/inst_parser.v" into library xil_defaultlib
INFO: [VRFC 10-311] analyzing module inst_parser
INFO: [VRFC 10-2263] Analyzing Verilog file "C:/Users/ddddd/OneDrive/Desktop/Semester 4/CA/project_1/project_1/project_1.srcs/sources_1/new/mux_2x1.v" into library xil_defaultlib
INFO: [VRFC 10-311] analyzing module mux_2x1
INFO: [VRFC 10-2263] Analyzing Verilog file "C:/Users/ddddd/OneDrive/Desktop/Semester 4/CA/project_1/project_1/project_1.srcs/sources_1/new/task1.v" into library xil_defaultlib
INFO: [VRFC 10-311] analyzing module task1
INFO: [VRFC 10-2263] Analyzing Verilog file "C:/Users/ddddd/OneDrive/Desktop/Semester 4/CA/project_1/project_1/project_1.srcs/sources_1/new/top_control.v" into library xil_defaultlib
INFO: [VRFC 10-311] analyzing module top_control
INFO: [VRFC 10-2263] Analyzing Verilog file "C:/Users/ddddd/OneDrive/Desktop/Semester 4/CA/project_1/project_1/project_1.srcs/sim_1/new/task1_tb.v" into library xil_defaultlib
INFO: [VRFC 10-311] analyzing module task1_tb
INFO: [USF-XSim-69] 'compile' step finished in '2' seconds
INFO: [USF-XSim-3] XSim::Elaborate design
INFO: [USF-XSim-61] Executing 'ELABORATE' step in 'C:/Users/ddddd/OneDrive/Desktop/Semester 4/CA/project_1/project_1/project_1.sim/sim_1/behav/xsim'
"xelab -wto e3a17a71a2f045e1ba9ced6a1a8d75fe --incr --debug typical --relax --mt 2 -L xil_defaultlib -L unisims_ver -L unimacro_ver -L secureip --snapshot task1_tb_behav xil_defaultlib.task1_tb xil_defaultlib.glbl -log elaborate.log"
Vivado Simulator 2020.1
Copyright 1986-1999, 2001-2020 Xilinx, Inc. All Rights Reserved.
Running: C:/Xilinx/Vivado/2020.1/bin/unwrapped/win64.o/xelab.exe -wto e3a17a71a2f045e1ba9ced6a1a8d75fe --incr --debug typical --relax --mt 2 -L xil_defaultlib -L unisims_ver -L unimacro_ver -L secureip --snapshot task1_tb_behav xil_defaultlib.task1_tb xil_defaultlib.glbl -log elaborate.log 
Using 2 slave threads.
Starting static elaboration
Pass Through NonSizing Optimizer
WARNING: [VRFC 10-3091] actual bit length 4 differs from formal bit length 7 for port 'func7' [C:/Users/ddddd/OneDrive/Desktop/Semester 4/CA/project_1/project_1/project_1.srcs/sources_1/new/task1.v:28]
Completed static elaboration
Starting simulation data flow analysis
Completed simulation data flow analysis
Time Resolution for simulation is 1ps
Compiling module xil_defaultlib.Program_Counter
Compiling module xil_defaultlib.adder
Compiling module xil_defaultlib.Instruction_Memory
Compiling module xil_defaultlib.inst_parser
Compiling module xil_defaultlib.Control_Unit
Compiling module xil_defaultlib.ALU_Control
Compiling module xil_defaultlib.top_control
Compiling module xil_defaultlib.imm_dat_gen
Compiling module xil_defaultlib.registerFile
Compiling module xil_defaultlib.mux_2x1
Compiling module xil_defaultlib.ALU_64_bit
Compiling module xil_defaultlib.Data_Memory
Compiling module xil_defaultlib.task1
Compiling module xil_defaultlib.task1_tb
Compiling module xil_defaultlib.glbl
Built simulation snapshot task1_tb_behav
INFO: [USF-XSim-69] 'elaborate' step finished in '2' seconds
INFO: [USF-XSim-4] XSim::Simulate design
INFO: [USF-XSim-61] Executing 'SIMULATE' step in 'C:/Users/ddddd/OneDrive/Desktop/Semester 4/CA/project_1/project_1/project_1.sim/sim_1/behav/xsim'
INFO: [USF-XSim-98] *** Running xsim
   with args "task1_tb_behav -key {Behavioral:sim_1:Functional:task1_tb} -tclbatch {task1_tb.tcl} -view {{C:/Users/ddddd/OneDrive/Desktop/Semester 4/CA/project_1/project_1/task1_tb_behav.wcfg}} -log {simulate.log}"
INFO: [USF-XSim-8] Loading simulator feature
Vivado Simulator 2020.1
Time resolution is 1 ps
open_wave_config {C:/Users/ddddd/OneDrive/Desktop/Semester 4/CA/project_1/project_1/task1_tb_behav.wcfg}
source task1_tb.tcl
# set curr_wave [current_wave_config]
# if { [string length $curr_wave] == 0 } {
#   if { [llength [get_objects]] > 0} {
#     add_wave /
#     set_property needs_save false [current_wave_config]
#   } else {
#      send_msg_id Add_Wave-1 WARNING "No top level signals found. Simulator will start without a wave window. If you want to open a wave window go to 'File->New Waveform Configuration' or type 'create_wave_config' in the TCL console."
#   }
# }
# run 1000ns
INFO: [USF-XSim-96] XSim completed. Design snapshot 'task1_tb_behav' loaded.
INFO: [USF-XSim-97] XSim simulation ran for 1000ns
launch_simulation: Time (s): cpu = 00:00:05 ; elapsed = 00:00:09 . Memory (MB): peak = 1047.836 ; gain = 0.000
close_sim
INFO: [Simtcl 6-16] Simulation closed
launch_simulation
Command: launch_simulation 
INFO: [Vivado 12-5682] Launching behavioral simulation in 'C:/Users/ddddd/OneDrive/Desktop/Semester 4/CA/project_1/project_1/project_1.sim/sim_1/behav/xsim'
INFO: [SIM-utils-51] Simulation object is 'sim_1'
INFO: [SIM-utils-54] Inspecting design source files for 'task1_tb' in fileset 'sim_1'...
INFO: [USF-XSim-97] Finding global include files...
INFO: [USF-XSim-98] Fetching design files from 'sim_1'...
INFO: [USF-XSim-2] XSim::Compile design
INFO: [USF-XSim-61] Executing 'COMPILE and ANALYZE' step in 'C:/Users/ddddd/OneDrive/Desktop/Semester 4/CA/project_1/project_1/project_1.sim/sim_1/behav/xsim'
"xvlog --incr --relax -prj task1_tb_vlog.prj"
INFO: [VRFC 10-2263] Analyzing Verilog file "C:/Users/ddddd/OneDrive/Desktop/Semester 4/CA/project_1/project_1/project_1.srcs/sources_1/new/ALU_64_bit.v" into library xil_defaultlib
INFO: [VRFC 10-311] analyzing module ALU_64_bit
INFO: [VRFC 10-2263] Analyzing Verilog file "C:/Users/ddddd/OneDrive/Desktop/Semester 4/CA/project_1/project_1/project_1.srcs/sources_1/new/ALU_Control.v" into library xil_defaultlib
INFO: [VRFC 10-311] analyzing module ALU_Control
INFO: [VRFC 10-2263] Analyzing Verilog file "C:/Users/ddddd/OneDrive/Desktop/Semester 4/CA/project_1/project_1/project_1.srcs/sources_1/new/Control_Unit.v" into library xil_defaultlib
INFO: [VRFC 10-311] analyzing module Control_Unit
INFO: [VRFC 10-2263] Analyzing Verilog file "C:/Users/ddddd/OneDrive/Desktop/Semester 4/CA/project_1/project_1/project_1.srcs/sources_1/new/Data_Memory.v" into library xil_defaultlib
INFO: [VRFC 10-311] analyzing module Data_Memory
INFO: [VRFC 10-2263] Analyzing Verilog file "C:/Users/ddddd/OneDrive/Desktop/Semester 4/CA/project_1/project_1/project_1.srcs/sources_1/new/Instruction_Memory.v" into library xil_defaultlib
INFO: [VRFC 10-311] analyzing module Instruction_Memory
INFO: [VRFC 10-2263] Analyzing Verilog file "C:/Users/ddddd/OneDrive/Desktop/Semester 4/CA/project_1/project_1/project_1.srcs/sources_1/new/Program_Counter.v" into library xil_defaultlib
INFO: [VRFC 10-311] analyzing module Program_Counter
INFO: [VRFC 10-2263] Analyzing Verilog file "C:/Users/ddddd/OneDrive/Desktop/Semester 4/CA/project_1/project_1/project_1.srcs/sources_1/new/RegisterFile.v" into library xil_defaultlib
INFO: [VRFC 10-311] analyzing module registerFile
INFO: [VRFC 10-2263] Analyzing Verilog file "C:/Users/ddddd/OneDrive/Desktop/Semester 4/CA/project_1/project_1/project_1.srcs/sources_1/new/adder.v" into library xil_defaultlib
INFO: [VRFC 10-311] analyzing module adder
INFO: [VRFC 10-2263] Analyzing Verilog file "C:/Users/ddddd/OneDrive/Desktop/Semester 4/CA/project_1/project_1/project_1.srcs/sources_1/new/imm_data_gen.v" into library xil_defaultlib
INFO: [VRFC 10-311] analyzing module imm_dat_gen
INFO: [VRFC 10-2263] Analyzing Verilog file "C:/Users/ddddd/OneDrive/Desktop/Semester 4/CA/project_1/project_1/project_1.srcs/sources_1/new/inst_parser.v" into library xil_defaultlib
INFO: [VRFC 10-311] analyzing module inst_parser
INFO: [VRFC 10-2263] Analyzing Verilog file "C:/Users/ddddd/OneDrive/Desktop/Semester 4/CA/project_1/project_1/project_1.srcs/sources_1/new/mux_2x1.v" into library xil_defaultlib
INFO: [VRFC 10-311] analyzing module mux_2x1
INFO: [VRFC 10-2263] Analyzing Verilog file "C:/Users/ddddd/OneDrive/Desktop/Semester 4/CA/project_1/project_1/project_1.srcs/sources_1/new/task1.v" into library xil_defaultlib
INFO: [VRFC 10-311] analyzing module task1
INFO: [VRFC 10-2263] Analyzing Verilog file "C:/Users/ddddd/OneDrive/Desktop/Semester 4/CA/project_1/project_1/project_1.srcs/sources_1/new/top_control.v" into library xil_defaultlib
INFO: [VRFC 10-311] analyzing module top_control
INFO: [VRFC 10-2263] Analyzing Verilog file "C:/Users/ddddd/OneDrive/Desktop/Semester 4/CA/project_1/project_1/project_1.srcs/sim_1/new/task1_tb.v" into library xil_defaultlib
INFO: [VRFC 10-311] analyzing module task1_tb
INFO: [USF-XSim-69] 'compile' step finished in '2' seconds
INFO: [USF-XSim-3] XSim::Elaborate design
INFO: [USF-XSim-61] Executing 'ELABORATE' step in 'C:/Users/ddddd/OneDrive/Desktop/Semester 4/CA/project_1/project_1/project_1.sim/sim_1/behav/xsim'
"xelab -wto e3a17a71a2f045e1ba9ced6a1a8d75fe --incr --debug typical --relax --mt 2 -L xil_defaultlib -L unisims_ver -L unimacro_ver -L secureip --snapshot task1_tb_behav xil_defaultlib.task1_tb xil_defaultlib.glbl -log elaborate.log"
Vivado Simulator 2020.1
Copyright 1986-1999, 2001-2020 Xilinx, Inc. All Rights Reserved.
Running: C:/Xilinx/Vivado/2020.1/bin/unwrapped/win64.o/xelab.exe -wto e3a17a71a2f045e1ba9ced6a1a8d75fe --incr --debug typical --relax --mt 2 -L xil_defaultlib -L unisims_ver -L unimacro_ver -L secureip --snapshot task1_tb_behav xil_defaultlib.task1_tb xil_defaultlib.glbl -log elaborate.log 
Using 2 slave threads.
Starting static elaboration
Pass Through NonSizing Optimizer
WARNING: [VRFC 10-3091] actual bit length 4 differs from formal bit length 7 for port 'func7' [C:/Users/ddddd/OneDrive/Desktop/Semester 4/CA/project_1/project_1/project_1.srcs/sources_1/new/task1.v:28]
Completed static elaboration
Starting simulation data flow analysis
Completed simulation data flow analysis
Time Resolution for simulation is 1ps
Compiling module xil_defaultlib.Program_Counter
Compiling module xil_defaultlib.adder
Compiling module xil_defaultlib.Instruction_Memory
Compiling module xil_defaultlib.inst_parser
Compiling module xil_defaultlib.Control_Unit
Compiling module xil_defaultlib.ALU_Control
Compiling module xil_defaultlib.top_control
Compiling module xil_defaultlib.imm_dat_gen
Compiling module xil_defaultlib.registerFile
Compiling module xil_defaultlib.mux_2x1
Compiling module xil_defaultlib.ALU_64_bit
Compiling module xil_defaultlib.Data_Memory
Compiling module xil_defaultlib.task1
Compiling module xil_defaultlib.task1_tb
Compiling module xil_defaultlib.glbl
Built simulation snapshot task1_tb_behav
INFO: [USF-XSim-69] 'elaborate' step finished in '2' seconds
INFO: [USF-XSim-4] XSim::Simulate design
INFO: [USF-XSim-61] Executing 'SIMULATE' step in 'C:/Users/ddddd/OneDrive/Desktop/Semester 4/CA/project_1/project_1/project_1.sim/sim_1/behav/xsim'
INFO: [USF-XSim-98] *** Running xsim
   with args "task1_tb_behav -key {Behavioral:sim_1:Functional:task1_tb} -tclbatch {task1_tb.tcl} -view {{C:/Users/ddddd/OneDrive/Desktop/Semester 4/CA/project_1/project_1/task1_tb_behav.wcfg}} -log {simulate.log}"
INFO: [USF-XSim-8] Loading simulator feature
Vivado Simulator 2020.1
Time resolution is 1 ps
open_wave_config {C:/Users/ddddd/OneDrive/Desktop/Semester 4/CA/project_1/project_1/task1_tb_behav.wcfg}
source task1_tb.tcl
# set curr_wave [current_wave_config]
# if { [string length $curr_wave] == 0 } {
#   if { [llength [get_objects]] > 0} {
#     add_wave /
#     set_property needs_save false [current_wave_config]
#   } else {
#      send_msg_id Add_Wave-1 WARNING "No top level signals found. Simulator will start without a wave window. If you want to open a wave window go to 'File->New Waveform Configuration' or type 'create_wave_config' in the TCL console."
#   }
# }
# run 1000ns
INFO: [USF-XSim-96] XSim completed. Design snapshot 'task1_tb_behav' loaded.
INFO: [USF-XSim-97] XSim simulation ran for 1000ns
launch_simulation: Time (s): cpu = 00:00:06 ; elapsed = 00:00:09 . Memory (MB): peak = 1047.836 ; gain = 0.000
close_sim
INFO: [Simtcl 6-16] Simulation closed
launch_simulation
Command: launch_simulation 
INFO: [Vivado 12-5682] Launching behavioral simulation in 'C:/Users/ddddd/OneDrive/Desktop/Semester 4/CA/project_1/project_1/project_1.sim/sim_1/behav/xsim'
INFO: [SIM-utils-51] Simulation object is 'sim_1'
INFO: [SIM-utils-54] Inspecting design source files for 'task1_tb' in fileset 'sim_1'...
INFO: [USF-XSim-97] Finding global include files...
INFO: [USF-XSim-98] Fetching design files from 'sim_1'...
INFO: [USF-XSim-2] XSim::Compile design
INFO: [USF-XSim-61] Executing 'COMPILE and ANALYZE' step in 'C:/Users/ddddd/OneDrive/Desktop/Semester 4/CA/project_1/project_1/project_1.sim/sim_1/behav/xsim'
"xvlog --incr --relax -prj task1_tb_vlog.prj"
INFO: [VRFC 10-2263] Analyzing Verilog file "C:/Users/ddddd/OneDrive/Desktop/Semester 4/CA/project_1/project_1/project_1.srcs/sources_1/new/ALU_64_bit.v" into library xil_defaultlib
INFO: [VRFC 10-311] analyzing module ALU_64_bit
INFO: [VRFC 10-2263] Analyzing Verilog file "C:/Users/ddddd/OneDrive/Desktop/Semester 4/CA/project_1/project_1/project_1.srcs/sources_1/new/ALU_Control.v" into library xil_defaultlib
INFO: [VRFC 10-311] analyzing module ALU_Control
INFO: [VRFC 10-2263] Analyzing Verilog file "C:/Users/ddddd/OneDrive/Desktop/Semester 4/CA/project_1/project_1/project_1.srcs/sources_1/new/Control_Unit.v" into library xil_defaultlib
INFO: [VRFC 10-311] analyzing module Control_Unit
INFO: [VRFC 10-2263] Analyzing Verilog file "C:/Users/ddddd/OneDrive/Desktop/Semester 4/CA/project_1/project_1/project_1.srcs/sources_1/new/Data_Memory.v" into library xil_defaultlib
INFO: [VRFC 10-311] analyzing module Data_Memory
INFO: [VRFC 10-2263] Analyzing Verilog file "C:/Users/ddddd/OneDrive/Desktop/Semester 4/CA/project_1/project_1/project_1.srcs/sources_1/new/Instruction_Memory.v" into library xil_defaultlib
INFO: [VRFC 10-311] analyzing module Instruction_Memory
INFO: [VRFC 10-2263] Analyzing Verilog file "C:/Users/ddddd/OneDrive/Desktop/Semester 4/CA/project_1/project_1/project_1.srcs/sources_1/new/Program_Counter.v" into library xil_defaultlib
INFO: [VRFC 10-311] analyzing module Program_Counter
INFO: [VRFC 10-2263] Analyzing Verilog file "C:/Users/ddddd/OneDrive/Desktop/Semester 4/CA/project_1/project_1/project_1.srcs/sources_1/new/RegisterFile.v" into library xil_defaultlib
INFO: [VRFC 10-311] analyzing module registerFile
INFO: [VRFC 10-2263] Analyzing Verilog file "C:/Users/ddddd/OneDrive/Desktop/Semester 4/CA/project_1/project_1/project_1.srcs/sources_1/new/adder.v" into library xil_defaultlib
INFO: [VRFC 10-311] analyzing module adder
INFO: [VRFC 10-2263] Analyzing Verilog file "C:/Users/ddddd/OneDrive/Desktop/Semester 4/CA/project_1/project_1/project_1.srcs/sources_1/new/imm_data_gen.v" into library xil_defaultlib
INFO: [VRFC 10-311] analyzing module imm_dat_gen
INFO: [VRFC 10-2263] Analyzing Verilog file "C:/Users/ddddd/OneDrive/Desktop/Semester 4/CA/project_1/project_1/project_1.srcs/sources_1/new/inst_parser.v" into library xil_defaultlib
INFO: [VRFC 10-311] analyzing module inst_parser
INFO: [VRFC 10-2263] Analyzing Verilog file "C:/Users/ddddd/OneDrive/Desktop/Semester 4/CA/project_1/project_1/project_1.srcs/sources_1/new/mux_2x1.v" into library xil_defaultlib
INFO: [VRFC 10-311] analyzing module mux_2x1
INFO: [VRFC 10-2263] Analyzing Verilog file "C:/Users/ddddd/OneDrive/Desktop/Semester 4/CA/project_1/project_1/project_1.srcs/sources_1/new/task1.v" into library xil_defaultlib
INFO: [VRFC 10-311] analyzing module task1
INFO: [VRFC 10-2263] Analyzing Verilog file "C:/Users/ddddd/OneDrive/Desktop/Semester 4/CA/project_1/project_1/project_1.srcs/sources_1/new/top_control.v" into library xil_defaultlib
INFO: [VRFC 10-311] analyzing module top_control
INFO: [VRFC 10-2263] Analyzing Verilog file "C:/Users/ddddd/OneDrive/Desktop/Semester 4/CA/project_1/project_1/project_1.srcs/sim_1/new/task1_tb.v" into library xil_defaultlib
INFO: [VRFC 10-311] analyzing module task1_tb
INFO: [USF-XSim-69] 'compile' step finished in '2' seconds
INFO: [USF-XSim-3] XSim::Elaborate design
INFO: [USF-XSim-61] Executing 'ELABORATE' step in 'C:/Users/ddddd/OneDrive/Desktop/Semester 4/CA/project_1/project_1/project_1.sim/sim_1/behav/xsim'
"xelab -wto e3a17a71a2f045e1ba9ced6a1a8d75fe --incr --debug typical --relax --mt 2 -L xil_defaultlib -L unisims_ver -L unimacro_ver -L secureip --snapshot task1_tb_behav xil_defaultlib.task1_tb xil_defaultlib.glbl -log elaborate.log"
Vivado Simulator 2020.1
Copyright 1986-1999, 2001-2020 Xilinx, Inc. All Rights Reserved.
Running: C:/Xilinx/Vivado/2020.1/bin/unwrapped/win64.o/xelab.exe -wto e3a17a71a2f045e1ba9ced6a1a8d75fe --incr --debug typical --relax --mt 2 -L xil_defaultlib -L unisims_ver -L unimacro_ver -L secureip --snapshot task1_tb_behav xil_defaultlib.task1_tb xil_defaultlib.glbl -log elaborate.log 
Using 2 slave threads.
Starting static elaboration
Pass Through NonSizing Optimizer
WARNING: [VRFC 10-3091] actual bit length 4 differs from formal bit length 7 for port 'func7' [C:/Users/ddddd/OneDrive/Desktop/Semester 4/CA/project_1/project_1/project_1.srcs/sources_1/new/task1.v:28]
Completed static elaboration
Starting simulation data flow analysis
Completed simulation data flow analysis
Time Resolution for simulation is 1ps
Compiling module xil_defaultlib.Program_Counter
Compiling module xil_defaultlib.adder
Compiling module xil_defaultlib.Instruction_Memory
Compiling module xil_defaultlib.inst_parser
Compiling module xil_defaultlib.Control_Unit
Compiling module xil_defaultlib.ALU_Control
Compiling module xil_defaultlib.top_control
Compiling module xil_defaultlib.imm_dat_gen
Compiling module xil_defaultlib.registerFile
Compiling module xil_defaultlib.mux_2x1
Compiling module xil_defaultlib.ALU_64_bit
Compiling module xil_defaultlib.Data_Memory
Compiling module xil_defaultlib.task1
Compiling module xil_defaultlib.task1_tb
Compiling module xil_defaultlib.glbl
Built simulation snapshot task1_tb_behav
INFO: [USF-XSim-69] 'elaborate' step finished in '2' seconds
INFO: [USF-XSim-4] XSim::Simulate design
INFO: [USF-XSim-61] Executing 'SIMULATE' step in 'C:/Users/ddddd/OneDrive/Desktop/Semester 4/CA/project_1/project_1/project_1.sim/sim_1/behav/xsim'
INFO: [USF-XSim-98] *** Running xsim
   with args "task1_tb_behav -key {Behavioral:sim_1:Functional:task1_tb} -tclbatch {task1_tb.tcl} -view {{C:/Users/ddddd/OneDrive/Desktop/Semester 4/CA/project_1/project_1/task1_tb_behav.wcfg}} -log {simulate.log}"
INFO: [USF-XSim-8] Loading simulator feature
Vivado Simulator 2020.1
Time resolution is 1 ps
open_wave_config {C:/Users/ddddd/OneDrive/Desktop/Semester 4/CA/project_1/project_1/task1_tb_behav.wcfg}
source task1_tb.tcl
# set curr_wave [current_wave_config]
# if { [string length $curr_wave] == 0 } {
#   if { [llength [get_objects]] > 0} {
#     add_wave /
#     set_property needs_save false [current_wave_config]
#   } else {
#      send_msg_id Add_Wave-1 WARNING "No top level signals found. Simulator will start without a wave window. If you want to open a wave window go to 'File->New Waveform Configuration' or type 'create_wave_config' in the TCL console."
#   }
# }
# run 1000ns
INFO: [USF-XSim-96] XSim completed. Design snapshot 'task1_tb_behav' loaded.
INFO: [USF-XSim-97] XSim simulation ran for 1000ns
launch_simulation: Time (s): cpu = 00:00:06 ; elapsed = 00:00:09 . Memory (MB): peak = 1054.098 ; gain = 6.262
close_sim
INFO: [Simtcl 6-16] Simulation closed
launch_simulation
Command: launch_simulation 
INFO: [Vivado 12-5682] Launching behavioral simulation in 'C:/Users/ddddd/OneDrive/Desktop/Semester 4/CA/project_1/project_1/project_1.sim/sim_1/behav/xsim'
INFO: [SIM-utils-51] Simulation object is 'sim_1'
INFO: [SIM-utils-54] Inspecting design source files for 'task1_tb' in fileset 'sim_1'...
INFO: [USF-XSim-97] Finding global include files...
INFO: [USF-XSim-98] Fetching design files from 'sim_1'...
INFO: [USF-XSim-2] XSim::Compile design
INFO: [USF-XSim-61] Executing 'COMPILE and ANALYZE' step in 'C:/Users/ddddd/OneDrive/Desktop/Semester 4/CA/project_1/project_1/project_1.sim/sim_1/behav/xsim'
"xvlog --incr --relax -prj task1_tb_vlog.prj"
INFO: [VRFC 10-2263] Analyzing Verilog file "C:/Users/ddddd/OneDrive/Desktop/Semester 4/CA/project_1/project_1/project_1.srcs/sources_1/new/ALU_64_bit.v" into library xil_defaultlib
INFO: [VRFC 10-311] analyzing module ALU_64_bit
INFO: [VRFC 10-2263] Analyzing Verilog file "C:/Users/ddddd/OneDrive/Desktop/Semester 4/CA/project_1/project_1/project_1.srcs/sources_1/new/ALU_Control.v" into library xil_defaultlib
INFO: [VRFC 10-311] analyzing module ALU_Control
INFO: [VRFC 10-2263] Analyzing Verilog file "C:/Users/ddddd/OneDrive/Desktop/Semester 4/CA/project_1/project_1/project_1.srcs/sources_1/new/Control_Unit.v" into library xil_defaultlib
INFO: [VRFC 10-311] analyzing module Control_Unit
INFO: [VRFC 10-2263] Analyzing Verilog file "C:/Users/ddddd/OneDrive/Desktop/Semester 4/CA/project_1/project_1/project_1.srcs/sources_1/new/Data_Memory.v" into library xil_defaultlib
INFO: [VRFC 10-311] analyzing module Data_Memory
INFO: [VRFC 10-2263] Analyzing Verilog file "C:/Users/ddddd/OneDrive/Desktop/Semester 4/CA/project_1/project_1/project_1.srcs/sources_1/new/Instruction_Memory.v" into library xil_defaultlib
INFO: [VRFC 10-311] analyzing module Instruction_Memory
INFO: [VRFC 10-2263] Analyzing Verilog file "C:/Users/ddddd/OneDrive/Desktop/Semester 4/CA/project_1/project_1/project_1.srcs/sources_1/new/Program_Counter.v" into library xil_defaultlib
INFO: [VRFC 10-311] analyzing module Program_Counter
INFO: [VRFC 10-2263] Analyzing Verilog file "C:/Users/ddddd/OneDrive/Desktop/Semester 4/CA/project_1/project_1/project_1.srcs/sources_1/new/RegisterFile.v" into library xil_defaultlib
INFO: [VRFC 10-311] analyzing module registerFile
INFO: [VRFC 10-2263] Analyzing Verilog file "C:/Users/ddddd/OneDrive/Desktop/Semester 4/CA/project_1/project_1/project_1.srcs/sources_1/new/adder.v" into library xil_defaultlib
INFO: [VRFC 10-311] analyzing module adder
INFO: [VRFC 10-2263] Analyzing Verilog file "C:/Users/ddddd/OneDrive/Desktop/Semester 4/CA/project_1/project_1/project_1.srcs/sources_1/new/imm_data_gen.v" into library xil_defaultlib
INFO: [VRFC 10-311] analyzing module imm_dat_gen
INFO: [VRFC 10-2263] Analyzing Verilog file "C:/Users/ddddd/OneDrive/Desktop/Semester 4/CA/project_1/project_1/project_1.srcs/sources_1/new/inst_parser.v" into library xil_defaultlib
INFO: [VRFC 10-311] analyzing module inst_parser
INFO: [VRFC 10-2263] Analyzing Verilog file "C:/Users/ddddd/OneDrive/Desktop/Semester 4/CA/project_1/project_1/project_1.srcs/sources_1/new/mux_2x1.v" into library xil_defaultlib
INFO: [VRFC 10-311] analyzing module mux_2x1
INFO: [VRFC 10-2263] Analyzing Verilog file "C:/Users/ddddd/OneDrive/Desktop/Semester 4/CA/project_1/project_1/project_1.srcs/sources_1/new/task1.v" into library xil_defaultlib
INFO: [VRFC 10-311] analyzing module task1
INFO: [VRFC 10-2263] Analyzing Verilog file "C:/Users/ddddd/OneDrive/Desktop/Semester 4/CA/project_1/project_1/project_1.srcs/sources_1/new/top_control.v" into library xil_defaultlib
INFO: [VRFC 10-311] analyzing module top_control
INFO: [VRFC 10-2263] Analyzing Verilog file "C:/Users/ddddd/OneDrive/Desktop/Semester 4/CA/project_1/project_1/project_1.srcs/sim_1/new/task1_tb.v" into library xil_defaultlib
INFO: [VRFC 10-311] analyzing module task1_tb
INFO: [USF-XSim-69] 'compile' step finished in '2' seconds
INFO: [USF-XSim-3] XSim::Elaborate design
INFO: [USF-XSim-61] Executing 'ELABORATE' step in 'C:/Users/ddddd/OneDrive/Desktop/Semester 4/CA/project_1/project_1/project_1.sim/sim_1/behav/xsim'
"xelab -wto e3a17a71a2f045e1ba9ced6a1a8d75fe --incr --debug typical --relax --mt 2 -L xil_defaultlib -L unisims_ver -L unimacro_ver -L secureip --snapshot task1_tb_behav xil_defaultlib.task1_tb xil_defaultlib.glbl -log elaborate.log"
Vivado Simulator 2020.1
Copyright 1986-1999, 2001-2020 Xilinx, Inc. All Rights Reserved.
Running: C:/Xilinx/Vivado/2020.1/bin/unwrapped/win64.o/xelab.exe -wto e3a17a71a2f045e1ba9ced6a1a8d75fe --incr --debug typical --relax --mt 2 -L xil_defaultlib -L unisims_ver -L unimacro_ver -L secureip --snapshot task1_tb_behav xil_defaultlib.task1_tb xil_defaultlib.glbl -log elaborate.log 
Using 2 slave threads.
Starting static elaboration
Pass Through NonSizing Optimizer
WARNING: [VRFC 10-3091] actual bit length 4 differs from formal bit length 7 for port 'func7' [C:/Users/ddddd/OneDrive/Desktop/Semester 4/CA/project_1/project_1/project_1.srcs/sources_1/new/task1.v:28]
Completed static elaboration
Starting simulation data flow analysis
Completed simulation data flow analysis
Time Resolution for simulation is 1ps
Compiling module xil_defaultlib.Program_Counter
Compiling module xil_defaultlib.adder
Compiling module xil_defaultlib.Instruction_Memory
Compiling module xil_defaultlib.inst_parser
Compiling module xil_defaultlib.Control_Unit
Compiling module xil_defaultlib.ALU_Control
Compiling module xil_defaultlib.top_control
Compiling module xil_defaultlib.imm_dat_gen
Compiling module xil_defaultlib.registerFile
Compiling module xil_defaultlib.mux_2x1
Compiling module xil_defaultlib.ALU_64_bit
Compiling module xil_defaultlib.Data_Memory
Compiling module xil_defaultlib.task1
Compiling module xil_defaultlib.task1_tb
Compiling module xil_defaultlib.glbl
Built simulation snapshot task1_tb_behav
INFO: [USF-XSim-69] 'elaborate' step finished in '2' seconds
INFO: [USF-XSim-4] XSim::Simulate design
INFO: [USF-XSim-61] Executing 'SIMULATE' step in 'C:/Users/ddddd/OneDrive/Desktop/Semester 4/CA/project_1/project_1/project_1.sim/sim_1/behav/xsim'
INFO: [USF-XSim-98] *** Running xsim
   with args "task1_tb_behav -key {Behavioral:sim_1:Functional:task1_tb} -tclbatch {task1_tb.tcl} -view {{C:/Users/ddddd/OneDrive/Desktop/Semester 4/CA/project_1/project_1/task1_tb_behav.wcfg}} -log {simulate.log}"
INFO: [USF-XSim-8] Loading simulator feature
Vivado Simulator 2020.1
Time resolution is 1 ps
open_wave_config {C:/Users/ddddd/OneDrive/Desktop/Semester 4/CA/project_1/project_1/task1_tb_behav.wcfg}
source task1_tb.tcl
# set curr_wave [current_wave_config]
# if { [string length $curr_wave] == 0 } {
#   if { [llength [get_objects]] > 0} {
#     add_wave /
#     set_property needs_save false [current_wave_config]
#   } else {
#      send_msg_id Add_Wave-1 WARNING "No top level signals found. Simulator will start without a wave window. If you want to open a wave window go to 'File->New Waveform Configuration' or type 'create_wave_config' in the TCL console."
#   }
# }
# run 1000ns
INFO: [USF-XSim-96] XSim completed. Design snapshot 'task1_tb_behav' loaded.
INFO: [USF-XSim-97] XSim simulation ran for 1000ns
launch_simulation: Time (s): cpu = 00:00:04 ; elapsed = 00:00:08 . Memory (MB): peak = 1062.562 ; gain = 7.586
close_sim
INFO: [Simtcl 6-16] Simulation closed
launch_simulation
Command: launch_simulation 
INFO: [Vivado 12-5682] Launching behavioral simulation in 'C:/Users/ddddd/OneDrive/Desktop/Semester 4/CA/project_1/project_1/project_1.sim/sim_1/behav/xsim'
INFO: [SIM-utils-51] Simulation object is 'sim_1'
INFO: [SIM-utils-54] Inspecting design source files for 'task1_tb' in fileset 'sim_1'...
INFO: [USF-XSim-97] Finding global include files...
INFO: [USF-XSim-98] Fetching design files from 'sim_1'...
INFO: [USF-XSim-2] XSim::Compile design
INFO: [USF-XSim-61] Executing 'COMPILE and ANALYZE' step in 'C:/Users/ddddd/OneDrive/Desktop/Semester 4/CA/project_1/project_1/project_1.sim/sim_1/behav/xsim'
"xvlog --incr --relax -prj task1_tb_vlog.prj"
INFO: [VRFC 10-2263] Analyzing Verilog file "C:/Users/ddddd/OneDrive/Desktop/Semester 4/CA/project_1/project_1/project_1.srcs/sources_1/new/ALU_64_bit.v" into library xil_defaultlib
INFO: [VRFC 10-311] analyzing module ALU_64_bit
INFO: [VRFC 10-2263] Analyzing Verilog file "C:/Users/ddddd/OneDrive/Desktop/Semester 4/CA/project_1/project_1/project_1.srcs/sources_1/new/ALU_Control.v" into library xil_defaultlib
INFO: [VRFC 10-311] analyzing module ALU_Control
INFO: [VRFC 10-2263] Analyzing Verilog file "C:/Users/ddddd/OneDrive/Desktop/Semester 4/CA/project_1/project_1/project_1.srcs/sources_1/new/Control_Unit.v" into library xil_defaultlib
INFO: [VRFC 10-311] analyzing module Control_Unit
INFO: [VRFC 10-2263] Analyzing Verilog file "C:/Users/ddddd/OneDrive/Desktop/Semester 4/CA/project_1/project_1/project_1.srcs/sources_1/new/Data_Memory.v" into library xil_defaultlib
INFO: [VRFC 10-311] analyzing module Data_Memory
INFO: [VRFC 10-2263] Analyzing Verilog file "C:/Users/ddddd/OneDrive/Desktop/Semester 4/CA/project_1/project_1/project_1.srcs/sources_1/new/Instruction_Memory.v" into library xil_defaultlib
INFO: [VRFC 10-311] analyzing module Instruction_Memory
INFO: [VRFC 10-2263] Analyzing Verilog file "C:/Users/ddddd/OneDrive/Desktop/Semester 4/CA/project_1/project_1/project_1.srcs/sources_1/new/Program_Counter.v" into library xil_defaultlib
INFO: [VRFC 10-311] analyzing module Program_Counter
INFO: [VRFC 10-2263] Analyzing Verilog file "C:/Users/ddddd/OneDrive/Desktop/Semester 4/CA/project_1/project_1/project_1.srcs/sources_1/new/RegisterFile.v" into library xil_defaultlib
INFO: [VRFC 10-311] analyzing module registerFile
INFO: [VRFC 10-2263] Analyzing Verilog file "C:/Users/ddddd/OneDrive/Desktop/Semester 4/CA/project_1/project_1/project_1.srcs/sources_1/new/adder.v" into library xil_defaultlib
INFO: [VRFC 10-311] analyzing module adder
INFO: [VRFC 10-2263] Analyzing Verilog file "C:/Users/ddddd/OneDrive/Desktop/Semester 4/CA/project_1/project_1/project_1.srcs/sources_1/new/imm_data_gen.v" into library xil_defaultlib
INFO: [VRFC 10-311] analyzing module imm_dat_gen
INFO: [VRFC 10-2263] Analyzing Verilog file "C:/Users/ddddd/OneDrive/Desktop/Semester 4/CA/project_1/project_1/project_1.srcs/sources_1/new/inst_parser.v" into library xil_defaultlib
INFO: [VRFC 10-311] analyzing module inst_parser
INFO: [VRFC 10-2263] Analyzing Verilog file "C:/Users/ddddd/OneDrive/Desktop/Semester 4/CA/project_1/project_1/project_1.srcs/sources_1/new/mux_2x1.v" into library xil_defaultlib
INFO: [VRFC 10-311] analyzing module mux_2x1
INFO: [VRFC 10-2263] Analyzing Verilog file "C:/Users/ddddd/OneDrive/Desktop/Semester 4/CA/project_1/project_1/project_1.srcs/sources_1/new/task1.v" into library xil_defaultlib
INFO: [VRFC 10-311] analyzing module task1
INFO: [VRFC 10-2263] Analyzing Verilog file "C:/Users/ddddd/OneDrive/Desktop/Semester 4/CA/project_1/project_1/project_1.srcs/sources_1/new/top_control.v" into library xil_defaultlib
INFO: [VRFC 10-311] analyzing module top_control
INFO: [VRFC 10-2263] Analyzing Verilog file "C:/Users/ddddd/OneDrive/Desktop/Semester 4/CA/project_1/project_1/project_1.srcs/sim_1/new/task1_tb.v" into library xil_defaultlib
INFO: [VRFC 10-311] analyzing module task1_tb
INFO: [USF-XSim-69] 'compile' step finished in '2' seconds
INFO: [USF-XSim-3] XSim::Elaborate design
INFO: [USF-XSim-61] Executing 'ELABORATE' step in 'C:/Users/ddddd/OneDrive/Desktop/Semester 4/CA/project_1/project_1/project_1.sim/sim_1/behav/xsim'
"xelab -wto e3a17a71a2f045e1ba9ced6a1a8d75fe --incr --debug typical --relax --mt 2 -L xil_defaultlib -L unisims_ver -L unimacro_ver -L secureip --snapshot task1_tb_behav xil_defaultlib.task1_tb xil_defaultlib.glbl -log elaborate.log"
Vivado Simulator 2020.1
Copyright 1986-1999, 2001-2020 Xilinx, Inc. All Rights Reserved.
Running: C:/Xilinx/Vivado/2020.1/bin/unwrapped/win64.o/xelab.exe -wto e3a17a71a2f045e1ba9ced6a1a8d75fe --incr --debug typical --relax --mt 2 -L xil_defaultlib -L unisims_ver -L unimacro_ver -L secureip --snapshot task1_tb_behav xil_defaultlib.task1_tb xil_defaultlib.glbl -log elaborate.log 
Using 2 slave threads.
Starting static elaboration
Pass Through NonSizing Optimizer
WARNING: [VRFC 10-3091] actual bit length 4 differs from formal bit length 7 for port 'func7' [C:/Users/ddddd/OneDrive/Desktop/Semester 4/CA/project_1/project_1/project_1.srcs/sources_1/new/task1.v:32]
Completed static elaboration
Starting simulation data flow analysis
Completed simulation data flow analysis
Time Resolution for simulation is 1ps
Compiling module xil_defaultlib.Program_Counter
Compiling module xil_defaultlib.adder
Compiling module xil_defaultlib.Instruction_Memory
Compiling module xil_defaultlib.inst_parser
Compiling module xil_defaultlib.Control_Unit
Compiling module xil_defaultlib.ALU_Control
Compiling module xil_defaultlib.top_control
Compiling module xil_defaultlib.imm_dat_gen
Compiling module xil_defaultlib.registerFile
Compiling module xil_defaultlib.mux_2x1
Compiling module xil_defaultlib.ALU_64_bit
Compiling module xil_defaultlib.Data_Memory
Compiling module xil_defaultlib.task1
Compiling module xil_defaultlib.task1_tb
Compiling module xil_defaultlib.glbl
Built simulation snapshot task1_tb_behav
INFO: [USF-XSim-69] 'elaborate' step finished in '2' seconds
INFO: [USF-XSim-4] XSim::Simulate design
INFO: [USF-XSim-61] Executing 'SIMULATE' step in 'C:/Users/ddddd/OneDrive/Desktop/Semester 4/CA/project_1/project_1/project_1.sim/sim_1/behav/xsim'
INFO: [USF-XSim-98] *** Running xsim
   with args "task1_tb_behav -key {Behavioral:sim_1:Functional:task1_tb} -tclbatch {task1_tb.tcl} -view {{C:/Users/ddddd/OneDrive/Desktop/Semester 4/CA/project_1/project_1/task1_tb_behav.wcfg}} -log {simulate.log}"
INFO: [USF-XSim-8] Loading simulator feature
Vivado Simulator 2020.1
Time resolution is 1 ps
open_wave_config {C:/Users/ddddd/OneDrive/Desktop/Semester 4/CA/project_1/project_1/task1_tb_behav.wcfg}
source task1_tb.tcl
# set curr_wave [current_wave_config]
# if { [string length $curr_wave] == 0 } {
#   if { [llength [get_objects]] > 0} {
#     add_wave /
#     set_property needs_save false [current_wave_config]
#   } else {
#      send_msg_id Add_Wave-1 WARNING "No top level signals found. Simulator will start without a wave window. If you want to open a wave window go to 'File->New Waveform Configuration' or type 'create_wave_config' in the TCL console."
#   }
# }
# run 1000ns
INFO: [USF-XSim-96] XSim completed. Design snapshot 'task1_tb_behav' loaded.
INFO: [USF-XSim-97] XSim simulation ran for 1000ns
launch_simulation: Time (s): cpu = 00:00:04 ; elapsed = 00:00:09 . Memory (MB): peak = 1076.758 ; gain = 9.281
close_sim
INFO: [Simtcl 6-16] Simulation closed
launch_simulation
Command: launch_simulation 
INFO: [Vivado 12-5682] Launching behavioral simulation in 'C:/Users/ddddd/OneDrive/Desktop/Semester 4/CA/project_1/project_1/project_1.sim/sim_1/behav/xsim'
INFO: [SIM-utils-51] Simulation object is 'sim_1'
INFO: [SIM-utils-54] Inspecting design source files for 'task1_tb' in fileset 'sim_1'...
INFO: [USF-XSim-97] Finding global include files...
INFO: [USF-XSim-98] Fetching design files from 'sim_1'...
INFO: [USF-XSim-2] XSim::Compile design
INFO: [USF-XSim-61] Executing 'COMPILE and ANALYZE' step in 'C:/Users/ddddd/OneDrive/Desktop/Semester 4/CA/project_1/project_1/project_1.sim/sim_1/behav/xsim'
"xvlog --incr --relax -prj task1_tb_vlog.prj"
INFO: [VRFC 10-2263] Analyzing Verilog file "C:/Users/ddddd/OneDrive/Desktop/Semester 4/CA/project_1/project_1/project_1.srcs/sources_1/new/ALU_64_bit.v" into library xil_defaultlib
INFO: [VRFC 10-311] analyzing module ALU_64_bit
INFO: [VRFC 10-2263] Analyzing Verilog file "C:/Users/ddddd/OneDrive/Desktop/Semester 4/CA/project_1/project_1/project_1.srcs/sources_1/new/ALU_Control.v" into library xil_defaultlib
INFO: [VRFC 10-311] analyzing module ALU_Control
INFO: [VRFC 10-2263] Analyzing Verilog file "C:/Users/ddddd/OneDrive/Desktop/Semester 4/CA/project_1/project_1/project_1.srcs/sources_1/new/Control_Unit.v" into library xil_defaultlib
INFO: [VRFC 10-311] analyzing module Control_Unit
INFO: [VRFC 10-2263] Analyzing Verilog file "C:/Users/ddddd/OneDrive/Desktop/Semester 4/CA/project_1/project_1/project_1.srcs/sources_1/new/Data_Memory.v" into library xil_defaultlib
INFO: [VRFC 10-311] analyzing module Data_Memory
INFO: [VRFC 10-2263] Analyzing Verilog file "C:/Users/ddddd/OneDrive/Desktop/Semester 4/CA/project_1/project_1/project_1.srcs/sources_1/new/Instruction_Memory.v" into library xil_defaultlib
INFO: [VRFC 10-311] analyzing module Instruction_Memory
INFO: [VRFC 10-2263] Analyzing Verilog file "C:/Users/ddddd/OneDrive/Desktop/Semester 4/CA/project_1/project_1/project_1.srcs/sources_1/new/Program_Counter.v" into library xil_defaultlib
INFO: [VRFC 10-311] analyzing module Program_Counter
INFO: [VRFC 10-2263] Analyzing Verilog file "C:/Users/ddddd/OneDrive/Desktop/Semester 4/CA/project_1/project_1/project_1.srcs/sources_1/new/RegisterFile.v" into library xil_defaultlib
INFO: [VRFC 10-311] analyzing module registerFile
INFO: [VRFC 10-2263] Analyzing Verilog file "C:/Users/ddddd/OneDrive/Desktop/Semester 4/CA/project_1/project_1/project_1.srcs/sources_1/new/adder.v" into library xil_defaultlib
INFO: [VRFC 10-311] analyzing module adder
INFO: [VRFC 10-2263] Analyzing Verilog file "C:/Users/ddddd/OneDrive/Desktop/Semester 4/CA/project_1/project_1/project_1.srcs/sources_1/new/imm_data_gen.v" into library xil_defaultlib
INFO: [VRFC 10-311] analyzing module imm_dat_gen
INFO: [VRFC 10-2263] Analyzing Verilog file "C:/Users/ddddd/OneDrive/Desktop/Semester 4/CA/project_1/project_1/project_1.srcs/sources_1/new/inst_parser.v" into library xil_defaultlib
INFO: [VRFC 10-311] analyzing module inst_parser
INFO: [VRFC 10-2263] Analyzing Verilog file "C:/Users/ddddd/OneDrive/Desktop/Semester 4/CA/project_1/project_1/project_1.srcs/sources_1/new/mux_2x1.v" into library xil_defaultlib
INFO: [VRFC 10-311] analyzing module mux_2x1
INFO: [VRFC 10-2263] Analyzing Verilog file "C:/Users/ddddd/OneDrive/Desktop/Semester 4/CA/project_1/project_1/project_1.srcs/sources_1/new/task1.v" into library xil_defaultlib
INFO: [VRFC 10-311] analyzing module task1
INFO: [VRFC 10-2263] Analyzing Verilog file "C:/Users/ddddd/OneDrive/Desktop/Semester 4/CA/project_1/project_1/project_1.srcs/sources_1/new/top_control.v" into library xil_defaultlib
INFO: [VRFC 10-311] analyzing module top_control
INFO: [VRFC 10-2263] Analyzing Verilog file "C:/Users/ddddd/OneDrive/Desktop/Semester 4/CA/project_1/project_1/project_1.srcs/sim_1/new/task1_tb.v" into library xil_defaultlib
INFO: [VRFC 10-311] analyzing module task1_tb
INFO: [USF-XSim-69] 'compile' step finished in '2' seconds
INFO: [USF-XSim-3] XSim::Elaborate design
INFO: [USF-XSim-61] Executing 'ELABORATE' step in 'C:/Users/ddddd/OneDrive/Desktop/Semester 4/CA/project_1/project_1/project_1.sim/sim_1/behav/xsim'
"xelab -wto e3a17a71a2f045e1ba9ced6a1a8d75fe --incr --debug typical --relax --mt 2 -L xil_defaultlib -L unisims_ver -L unimacro_ver -L secureip --snapshot task1_tb_behav xil_defaultlib.task1_tb xil_defaultlib.glbl -log elaborate.log"
Vivado Simulator 2020.1
Copyright 1986-1999, 2001-2020 Xilinx, Inc. All Rights Reserved.
Running: C:/Xilinx/Vivado/2020.1/bin/unwrapped/win64.o/xelab.exe -wto e3a17a71a2f045e1ba9ced6a1a8d75fe --incr --debug typical --relax --mt 2 -L xil_defaultlib -L unisims_ver -L unimacro_ver -L secureip --snapshot task1_tb_behav xil_defaultlib.task1_tb xil_defaultlib.glbl -log elaborate.log 
Using 2 slave threads.
Starting static elaboration
Pass Through NonSizing Optimizer
WARNING: [VRFC 10-3091] actual bit length 4 differs from formal bit length 7 for port 'func7' [C:/Users/ddddd/OneDrive/Desktop/Semester 4/CA/project_1/project_1/project_1.srcs/sources_1/new/task1.v:32]
Completed static elaboration
Starting simulation data flow analysis
Completed simulation data flow analysis
Time Resolution for simulation is 1ps
Compiling module xil_defaultlib.Program_Counter
Compiling module xil_defaultlib.adder
Compiling module xil_defaultlib.Instruction_Memory
Compiling module xil_defaultlib.inst_parser
Compiling module xil_defaultlib.Control_Unit
Compiling module xil_defaultlib.ALU_Control
Compiling module xil_defaultlib.top_control
Compiling module xil_defaultlib.imm_dat_gen
Compiling module xil_defaultlib.registerFile
Compiling module xil_defaultlib.mux_2x1
Compiling module xil_defaultlib.ALU_64_bit
Compiling module xil_defaultlib.Data_Memory
Compiling module xil_defaultlib.task1
Compiling module xil_defaultlib.task1_tb
Compiling module xil_defaultlib.glbl
Built simulation snapshot task1_tb_behav
INFO: [USF-XSim-69] 'elaborate' step finished in '2' seconds
INFO: [USF-XSim-4] XSim::Simulate design
INFO: [USF-XSim-61] Executing 'SIMULATE' step in 'C:/Users/ddddd/OneDrive/Desktop/Semester 4/CA/project_1/project_1/project_1.sim/sim_1/behav/xsim'
INFO: [USF-XSim-98] *** Running xsim
   with args "task1_tb_behav -key {Behavioral:sim_1:Functional:task1_tb} -tclbatch {task1_tb.tcl} -view {{C:/Users/ddddd/OneDrive/Desktop/Semester 4/CA/project_1/project_1/task1_tb_behav.wcfg}} -log {simulate.log}"
INFO: [USF-XSim-8] Loading simulator feature
Vivado Simulator 2020.1
Time resolution is 1 ps
open_wave_config {C:/Users/ddddd/OneDrive/Desktop/Semester 4/CA/project_1/project_1/task1_tb_behav.wcfg}
source task1_tb.tcl
# set curr_wave [current_wave_config]
# if { [string length $curr_wave] == 0 } {
#   if { [llength [get_objects]] > 0} {
#     add_wave /
#     set_property needs_save false [current_wave_config]
#   } else {
#      send_msg_id Add_Wave-1 WARNING "No top level signals found. Simulator will start without a wave window. If you want to open a wave window go to 'File->New Waveform Configuration' or type 'create_wave_config' in the TCL console."
#   }
# }
# run 1000ns
INFO: [USF-XSim-96] XSim completed. Design snapshot 'task1_tb_behav' loaded.
INFO: [USF-XSim-97] XSim simulation ran for 1000ns
launch_simulation: Time (s): cpu = 00:00:05 ; elapsed = 00:00:09 . Memory (MB): peak = 1085.289 ; gain = 8.430
close_sim
INFO: [Simtcl 6-16] Simulation closed
launch_simulation
Command: launch_simulation 
INFO: [Vivado 12-5682] Launching behavioral simulation in 'C:/Users/ddddd/OneDrive/Desktop/Semester 4/CA/project_1/project_1/project_1.sim/sim_1/behav/xsim'
INFO: [SIM-utils-51] Simulation object is 'sim_1'
INFO: [SIM-utils-54] Inspecting design source files for 'task1_tb' in fileset 'sim_1'...
INFO: [USF-XSim-97] Finding global include files...
INFO: [USF-XSim-98] Fetching design files from 'sim_1'...
INFO: [USF-XSim-2] XSim::Compile design
INFO: [USF-XSim-61] Executing 'COMPILE and ANALYZE' step in 'C:/Users/ddddd/OneDrive/Desktop/Semester 4/CA/project_1/project_1/project_1.sim/sim_1/behav/xsim'
"xvlog --incr --relax -prj task1_tb_vlog.prj"
INFO: [VRFC 10-2263] Analyzing Verilog file "C:/Users/ddddd/OneDrive/Desktop/Semester 4/CA/project_1/project_1/project_1.srcs/sources_1/new/ALU_64_bit.v" into library xil_defaultlib
INFO: [VRFC 10-311] analyzing module ALU_64_bit
INFO: [VRFC 10-2263] Analyzing Verilog file "C:/Users/ddddd/OneDrive/Desktop/Semester 4/CA/project_1/project_1/project_1.srcs/sources_1/new/ALU_Control.v" into library xil_defaultlib
INFO: [VRFC 10-311] analyzing module ALU_Control
INFO: [VRFC 10-2263] Analyzing Verilog file "C:/Users/ddddd/OneDrive/Desktop/Semester 4/CA/project_1/project_1/project_1.srcs/sources_1/new/Control_Unit.v" into library xil_defaultlib
INFO: [VRFC 10-311] analyzing module Control_Unit
INFO: [VRFC 10-2263] Analyzing Verilog file "C:/Users/ddddd/OneDrive/Desktop/Semester 4/CA/project_1/project_1/project_1.srcs/sources_1/new/Data_Memory.v" into library xil_defaultlib
INFO: [VRFC 10-311] analyzing module Data_Memory
INFO: [VRFC 10-2263] Analyzing Verilog file "C:/Users/ddddd/OneDrive/Desktop/Semester 4/CA/project_1/project_1/project_1.srcs/sources_1/new/Instruction_Memory.v" into library xil_defaultlib
INFO: [VRFC 10-311] analyzing module Instruction_Memory
INFO: [VRFC 10-2263] Analyzing Verilog file "C:/Users/ddddd/OneDrive/Desktop/Semester 4/CA/project_1/project_1/project_1.srcs/sources_1/new/Program_Counter.v" into library xil_defaultlib
INFO: [VRFC 10-311] analyzing module Program_Counter
INFO: [VRFC 10-2263] Analyzing Verilog file "C:/Users/ddddd/OneDrive/Desktop/Semester 4/CA/project_1/project_1/project_1.srcs/sources_1/new/RegisterFile.v" into library xil_defaultlib
INFO: [VRFC 10-311] analyzing module registerFile
INFO: [VRFC 10-2263] Analyzing Verilog file "C:/Users/ddddd/OneDrive/Desktop/Semester 4/CA/project_1/project_1/project_1.srcs/sources_1/new/adder.v" into library xil_defaultlib
INFO: [VRFC 10-311] analyzing module adder
INFO: [VRFC 10-2263] Analyzing Verilog file "C:/Users/ddddd/OneDrive/Desktop/Semester 4/CA/project_1/project_1/project_1.srcs/sources_1/new/imm_data_gen.v" into library xil_defaultlib
INFO: [VRFC 10-311] analyzing module imm_dat_gen
INFO: [VRFC 10-2263] Analyzing Verilog file "C:/Users/ddddd/OneDrive/Desktop/Semester 4/CA/project_1/project_1/project_1.srcs/sources_1/new/inst_parser.v" into library xil_defaultlib
INFO: [VRFC 10-311] analyzing module inst_parser
INFO: [VRFC 10-2263] Analyzing Verilog file "C:/Users/ddddd/OneDrive/Desktop/Semester 4/CA/project_1/project_1/project_1.srcs/sources_1/new/mux_2x1.v" into library xil_defaultlib
INFO: [VRFC 10-311] analyzing module mux_2x1
INFO: [VRFC 10-2263] Analyzing Verilog file "C:/Users/ddddd/OneDrive/Desktop/Semester 4/CA/project_1/project_1/project_1.srcs/sources_1/new/task1.v" into library xil_defaultlib
INFO: [VRFC 10-311] analyzing module task1
INFO: [VRFC 10-2263] Analyzing Verilog file "C:/Users/ddddd/OneDrive/Desktop/Semester 4/CA/project_1/project_1/project_1.srcs/sources_1/new/top_control.v" into library xil_defaultlib
INFO: [VRFC 10-311] analyzing module top_control
INFO: [VRFC 10-2263] Analyzing Verilog file "C:/Users/ddddd/OneDrive/Desktop/Semester 4/CA/project_1/project_1/project_1.srcs/sim_1/new/task1_tb.v" into library xil_defaultlib
INFO: [VRFC 10-311] analyzing module task1_tb
INFO: [USF-XSim-69] 'compile' step finished in '2' seconds
INFO: [USF-XSim-3] XSim::Elaborate design
INFO: [USF-XSim-61] Executing 'ELABORATE' step in 'C:/Users/ddddd/OneDrive/Desktop/Semester 4/CA/project_1/project_1/project_1.sim/sim_1/behav/xsim'
"xelab -wto e3a17a71a2f045e1ba9ced6a1a8d75fe --incr --debug typical --relax --mt 2 -L xil_defaultlib -L unisims_ver -L unimacro_ver -L secureip --snapshot task1_tb_behav xil_defaultlib.task1_tb xil_defaultlib.glbl -log elaborate.log"
Vivado Simulator 2020.1
Copyright 1986-1999, 2001-2020 Xilinx, Inc. All Rights Reserved.
Running: C:/Xilinx/Vivado/2020.1/bin/unwrapped/win64.o/xelab.exe -wto e3a17a71a2f045e1ba9ced6a1a8d75fe --incr --debug typical --relax --mt 2 -L xil_defaultlib -L unisims_ver -L unimacro_ver -L secureip --snapshot task1_tb_behav xil_defaultlib.task1_tb xil_defaultlib.glbl -log elaborate.log 
Using 2 slave threads.
Starting static elaboration
Pass Through NonSizing Optimizer
WARNING: [VRFC 10-3091] actual bit length 4 differs from formal bit length 7 for port 'func7' [C:/Users/ddddd/OneDrive/Desktop/Semester 4/CA/project_1/project_1/project_1.srcs/sources_1/new/task1.v:32]
Completed static elaboration
Starting simulation data flow analysis
Completed simulation data flow analysis
Time Resolution for simulation is 1ps
Compiling module xil_defaultlib.Program_Counter
Compiling module xil_defaultlib.adder
Compiling module xil_defaultlib.Instruction_Memory
Compiling module xil_defaultlib.inst_parser
Compiling module xil_defaultlib.Control_Unit
Compiling module xil_defaultlib.ALU_Control
Compiling module xil_defaultlib.top_control
Compiling module xil_defaultlib.imm_dat_gen
Compiling module xil_defaultlib.registerFile
Compiling module xil_defaultlib.mux_2x1
Compiling module xil_defaultlib.ALU_64_bit
Compiling module xil_defaultlib.Data_Memory
Compiling module xil_defaultlib.task1
Compiling module xil_defaultlib.task1_tb
Compiling module xil_defaultlib.glbl
Built simulation snapshot task1_tb_behav
INFO: [USF-XSim-69] 'elaborate' step finished in '2' seconds
INFO: [USF-XSim-4] XSim::Simulate design
INFO: [USF-XSim-61] Executing 'SIMULATE' step in 'C:/Users/ddddd/OneDrive/Desktop/Semester 4/CA/project_1/project_1/project_1.sim/sim_1/behav/xsim'
INFO: [USF-XSim-98] *** Running xsim
   with args "task1_tb_behav -key {Behavioral:sim_1:Functional:task1_tb} -tclbatch {task1_tb.tcl} -view {{C:/Users/ddddd/OneDrive/Desktop/Semester 4/CA/project_1/project_1/task1_tb_behav.wcfg}} -log {simulate.log}"
INFO: [USF-XSim-8] Loading simulator feature
Vivado Simulator 2020.1
Time resolution is 1 ps
open_wave_config {C:/Users/ddddd/OneDrive/Desktop/Semester 4/CA/project_1/project_1/task1_tb_behav.wcfg}
source task1_tb.tcl
# set curr_wave [current_wave_config]
# if { [string length $curr_wave] == 0 } {
#   if { [llength [get_objects]] > 0} {
#     add_wave /
#     set_property needs_save false [current_wave_config]
#   } else {
#      send_msg_id Add_Wave-1 WARNING "No top level signals found. Simulator will start without a wave window. If you want to open a wave window go to 'File->New Waveform Configuration' or type 'create_wave_config' in the TCL console."
#   }
# }
# run 1000ns
INFO: [USF-XSim-96] XSim completed. Design snapshot 'task1_tb_behav' loaded.
INFO: [USF-XSim-97] XSim simulation ran for 1000ns
launch_simulation: Time (s): cpu = 00:00:05 ; elapsed = 00:00:09 . Memory (MB): peak = 1092.836 ; gain = 7.176
close_sim
INFO: [Simtcl 6-16] Simulation closed
launch_simulation
Command: launch_simulation 
INFO: [Vivado 12-5682] Launching behavioral simulation in 'C:/Users/ddddd/OneDrive/Desktop/Semester 4/CA/project_1/project_1/project_1.sim/sim_1/behav/xsim'
INFO: [SIM-utils-51] Simulation object is 'sim_1'
INFO: [SIM-utils-54] Inspecting design source files for 'task1_tb' in fileset 'sim_1'...
INFO: [USF-XSim-97] Finding global include files...
INFO: [USF-XSim-98] Fetching design files from 'sim_1'...
INFO: [USF-XSim-2] XSim::Compile design
INFO: [USF-XSim-61] Executing 'COMPILE and ANALYZE' step in 'C:/Users/ddddd/OneDrive/Desktop/Semester 4/CA/project_1/project_1/project_1.sim/sim_1/behav/xsim'
"xvlog --incr --relax -prj task1_tb_vlog.prj"
INFO: [VRFC 10-2263] Analyzing Verilog file "C:/Users/ddddd/OneDrive/Desktop/Semester 4/CA/project_1/project_1/project_1.srcs/sources_1/new/ALU_64_bit.v" into library xil_defaultlib
INFO: [VRFC 10-311] analyzing module ALU_64_bit
INFO: [VRFC 10-2263] Analyzing Verilog file "C:/Users/ddddd/OneDrive/Desktop/Semester 4/CA/project_1/project_1/project_1.srcs/sources_1/new/ALU_Control.v" into library xil_defaultlib
INFO: [VRFC 10-311] analyzing module ALU_Control
INFO: [VRFC 10-2263] Analyzing Verilog file "C:/Users/ddddd/OneDrive/Desktop/Semester 4/CA/project_1/project_1/project_1.srcs/sources_1/new/Control_Unit.v" into library xil_defaultlib
INFO: [VRFC 10-311] analyzing module Control_Unit
INFO: [VRFC 10-2263] Analyzing Verilog file "C:/Users/ddddd/OneDrive/Desktop/Semester 4/CA/project_1/project_1/project_1.srcs/sources_1/new/Data_Memory.v" into library xil_defaultlib
INFO: [VRFC 10-311] analyzing module Data_Memory
INFO: [VRFC 10-2263] Analyzing Verilog file "C:/Users/ddddd/OneDrive/Desktop/Semester 4/CA/project_1/project_1/project_1.srcs/sources_1/new/Instruction_Memory.v" into library xil_defaultlib
INFO: [VRFC 10-311] analyzing module Instruction_Memory
INFO: [VRFC 10-2263] Analyzing Verilog file "C:/Users/ddddd/OneDrive/Desktop/Semester 4/CA/project_1/project_1/project_1.srcs/sources_1/new/Program_Counter.v" into library xil_defaultlib
INFO: [VRFC 10-311] analyzing module Program_Counter
INFO: [VRFC 10-2263] Analyzing Verilog file "C:/Users/ddddd/OneDrive/Desktop/Semester 4/CA/project_1/project_1/project_1.srcs/sources_1/new/RegisterFile.v" into library xil_defaultlib
INFO: [VRFC 10-311] analyzing module registerFile
INFO: [VRFC 10-2263] Analyzing Verilog file "C:/Users/ddddd/OneDrive/Desktop/Semester 4/CA/project_1/project_1/project_1.srcs/sources_1/new/adder.v" into library xil_defaultlib
INFO: [VRFC 10-311] analyzing module adder
INFO: [VRFC 10-2263] Analyzing Verilog file "C:/Users/ddddd/OneDrive/Desktop/Semester 4/CA/project_1/project_1/project_1.srcs/sources_1/new/imm_data_gen.v" into library xil_defaultlib
INFO: [VRFC 10-311] analyzing module imm_dat_gen
INFO: [VRFC 10-2263] Analyzing Verilog file "C:/Users/ddddd/OneDrive/Desktop/Semester 4/CA/project_1/project_1/project_1.srcs/sources_1/new/inst_parser.v" into library xil_defaultlib
INFO: [VRFC 10-311] analyzing module inst_parser
INFO: [VRFC 10-2263] Analyzing Verilog file "C:/Users/ddddd/OneDrive/Desktop/Semester 4/CA/project_1/project_1/project_1.srcs/sources_1/new/mux_2x1.v" into library xil_defaultlib
INFO: [VRFC 10-311] analyzing module mux_2x1
INFO: [VRFC 10-2263] Analyzing Verilog file "C:/Users/ddddd/OneDrive/Desktop/Semester 4/CA/project_1/project_1/project_1.srcs/sources_1/new/task1.v" into library xil_defaultlib
INFO: [VRFC 10-311] analyzing module task1
INFO: [VRFC 10-2263] Analyzing Verilog file "C:/Users/ddddd/OneDrive/Desktop/Semester 4/CA/project_1/project_1/project_1.srcs/sources_1/new/top_control.v" into library xil_defaultlib
INFO: [VRFC 10-311] analyzing module top_control
INFO: [VRFC 10-2263] Analyzing Verilog file "C:/Users/ddddd/OneDrive/Desktop/Semester 4/CA/project_1/project_1/project_1.srcs/sim_1/new/task1_tb.v" into library xil_defaultlib
INFO: [VRFC 10-311] analyzing module task1_tb
INFO: [USF-XSim-69] 'compile' step finished in '2' seconds
INFO: [USF-XSim-3] XSim::Elaborate design
INFO: [USF-XSim-61] Executing 'ELABORATE' step in 'C:/Users/ddddd/OneDrive/Desktop/Semester 4/CA/project_1/project_1/project_1.sim/sim_1/behav/xsim'
INFO: [Common 17-41] Interrupt caught. Command should exit soon.
"xelab -wto e3a17a71a2f045e1ba9ced6a1a8d75fe --incr --debug typical --relax --mt 2 -L xil_defaultlib -L unisims_ver -L unimacro_ver -L secureip --snapshot task1_tb_behav xil_defaultlib.task1_tb xil_defaultlib.glbl -log elaborate.log"
Vivado Simulator 2020.1
Copyright 1986-1999, 2001-2020 Xilinx, Inc. All Rights Reserved.
Running: C:/Xilinx/Vivado/2020.1/bin/unwrapped/win64.o/xelab.exe -wto e3a17a71a2f045e1ba9ced6a1a8d75fe --incr --debug typical --relax --mt 2 -L xil_defaultlib -L unisims_ver -L unimacro_ver -L secureip --snapshot task1_tb_behav xil_defaultlib.task1_tb xil_defaultlib.glbl -log elaborate.log 
Using 2 slave threads.
Starting static elaboration
Pass Through NonSizing Optimizer
WARNING: [VRFC 10-3091] actual bit length 4 differs from formal bit length 7 for port 'func7' [C:/Users/ddddd/OneDrive/Desktop/Semester 4/CA/project_1/project_1/project_1.srcs/sources_1/new/task1.v:32]
Completed static elaboration
Starting simulation data flow analysis
Completed simulation data flow analysis
Time Resolution for simulation is 1ps
Compiling module xil_defaultlib.Program_Counter
Compiling module xil_defaultlib.adder
Compiling module xil_defaultlib.Instruction_Memory
Compiling module xil_defaultlib.inst_parser
Compiling module xil_defaultlib.Control_Unit
Compiling module xil_defaultlib.ALU_Control
Compiling module xil_defaultlib.top_control
Compiling module xil_defaultlib.imm_dat_gen
Compiling module xil_defaultlib.registerFile
Compiling module xil_defaultlib.mux_2x1
Compiling module xil_defaultlib.ALU_64_bit
Compiling module xil_defaultlib.Data_Memory
Compiling module xil_defaultlib.task1
Compiling module xil_defaultlib.task1_tb
Compiling module xil_defaultlib.glbl
Built simulation snapshot task1_tb_behav
INFO: [Common 17-344] 'run_program' was cancelled
INFO: [Vivado 12-5357] 'elaborate' step aborted
INFO: [Common 17-344] 'launch_simulation' was cancelled
launch_simulation
Command: launch_simulation 
INFO: [Vivado 12-5682] Launching behavioral simulation in 'C:/Users/ddddd/OneDrive/Desktop/Semester 4/CA/project_1/project_1/project_1.sim/sim_1/behav/xsim'
INFO: [SIM-utils-51] Simulation object is 'sim_1'
INFO: [SIM-utils-54] Inspecting design source files for 'task1_tb' in fileset 'sim_1'...
INFO: [USF-XSim-97] Finding global include files...
INFO: [USF-XSim-98] Fetching design files from 'sim_1'...
INFO: [USF-XSim-2] XSim::Compile design
INFO: [USF-XSim-61] Executing 'COMPILE and ANALYZE' step in 'C:/Users/ddddd/OneDrive/Desktop/Semester 4/CA/project_1/project_1/project_1.sim/sim_1/behav/xsim'
"xvlog --incr --relax -prj task1_tb_vlog.prj"
INFO: [VRFC 10-2263] Analyzing Verilog file "C:/Users/ddddd/OneDrive/Desktop/Semester 4/CA/project_1/project_1/project_1.srcs/sources_1/new/ALU_64_bit.v" into library xil_defaultlib
INFO: [VRFC 10-311] analyzing module ALU_64_bit
INFO: [VRFC 10-2263] Analyzing Verilog file "C:/Users/ddddd/OneDrive/Desktop/Semester 4/CA/project_1/project_1/project_1.srcs/sources_1/new/ALU_Control.v" into library xil_defaultlib
INFO: [VRFC 10-311] analyzing module ALU_Control
INFO: [VRFC 10-2263] Analyzing Verilog file "C:/Users/ddddd/OneDrive/Desktop/Semester 4/CA/project_1/project_1/project_1.srcs/sources_1/new/Control_Unit.v" into library xil_defaultlib
INFO: [VRFC 10-311] analyzing module Control_Unit
INFO: [VRFC 10-2263] Analyzing Verilog file "C:/Users/ddddd/OneDrive/Desktop/Semester 4/CA/project_1/project_1/project_1.srcs/sources_1/new/Data_Memory.v" into library xil_defaultlib
INFO: [VRFC 10-311] analyzing module Data_Memory
INFO: [VRFC 10-2263] Analyzing Verilog file "C:/Users/ddddd/OneDrive/Desktop/Semester 4/CA/project_1/project_1/project_1.srcs/sources_1/new/Instruction_Memory.v" into library xil_defaultlib
INFO: [VRFC 10-311] analyzing module Instruction_Memory
INFO: [VRFC 10-2263] Analyzing Verilog file "C:/Users/ddddd/OneDrive/Desktop/Semester 4/CA/project_1/project_1/project_1.srcs/sources_1/new/Program_Counter.v" into library xil_defaultlib
INFO: [VRFC 10-311] analyzing module Program_Counter
INFO: [VRFC 10-2263] Analyzing Verilog file "C:/Users/ddddd/OneDrive/Desktop/Semester 4/CA/project_1/project_1/project_1.srcs/sources_1/new/RegisterFile.v" into library xil_defaultlib
INFO: [VRFC 10-311] analyzing module registerFile
INFO: [VRFC 10-2263] Analyzing Verilog file "C:/Users/ddddd/OneDrive/Desktop/Semester 4/CA/project_1/project_1/project_1.srcs/sources_1/new/adder.v" into library xil_defaultlib
INFO: [VRFC 10-311] analyzing module adder
INFO: [VRFC 10-2263] Analyzing Verilog file "C:/Users/ddddd/OneDrive/Desktop/Semester 4/CA/project_1/project_1/project_1.srcs/sources_1/new/imm_data_gen.v" into library xil_defaultlib
INFO: [VRFC 10-311] analyzing module imm_dat_gen
INFO: [VRFC 10-2263] Analyzing Verilog file "C:/Users/ddddd/OneDrive/Desktop/Semester 4/CA/project_1/project_1/project_1.srcs/sources_1/new/inst_parser.v" into library xil_defaultlib
INFO: [VRFC 10-311] analyzing module inst_parser
INFO: [VRFC 10-2263] Analyzing Verilog file "C:/Users/ddddd/OneDrive/Desktop/Semester 4/CA/project_1/project_1/project_1.srcs/sources_1/new/mux_2x1.v" into library xil_defaultlib
INFO: [VRFC 10-311] analyzing module mux_2x1
INFO: [VRFC 10-2263] Analyzing Verilog file "C:/Users/ddddd/OneDrive/Desktop/Semester 4/CA/project_1/project_1/project_1.srcs/sources_1/new/task1.v" into library xil_defaultlib
INFO: [VRFC 10-311] analyzing module task1
INFO: [VRFC 10-2263] Analyzing Verilog file "C:/Users/ddddd/OneDrive/Desktop/Semester 4/CA/project_1/project_1/project_1.srcs/sources_1/new/top_control.v" into library xil_defaultlib
INFO: [VRFC 10-311] analyzing module top_control
INFO: [VRFC 10-2263] Analyzing Verilog file "C:/Users/ddddd/OneDrive/Desktop/Semester 4/CA/project_1/project_1/project_1.srcs/sim_1/new/task1_tb.v" into library xil_defaultlib
INFO: [VRFC 10-311] analyzing module task1_tb
INFO: [USF-XSim-69] 'compile' step finished in '2' seconds
INFO: [USF-XSim-3] XSim::Elaborate design
INFO: [USF-XSim-61] Executing 'ELABORATE' step in 'C:/Users/ddddd/OneDrive/Desktop/Semester 4/CA/project_1/project_1/project_1.sim/sim_1/behav/xsim'
"xelab -wto e3a17a71a2f045e1ba9ced6a1a8d75fe --incr --debug typical --relax --mt 2 -L xil_defaultlib -L unisims_ver -L unimacro_ver -L secureip --snapshot task1_tb_behav xil_defaultlib.task1_tb xil_defaultlib.glbl -log elaborate.log"
Vivado Simulator 2020.1
Copyright 1986-1999, 2001-2020 Xilinx, Inc. All Rights Reserved.
Running: C:/Xilinx/Vivado/2020.1/bin/unwrapped/win64.o/xelab.exe -wto e3a17a71a2f045e1ba9ced6a1a8d75fe --incr --debug typical --relax --mt 2 -L xil_defaultlib -L unisims_ver -L unimacro_ver -L secureip --snapshot task1_tb_behav xil_defaultlib.task1_tb xil_defaultlib.glbl -log elaborate.log 
Using 2 slave threads.
Starting static elaboration
Pass Through NonSizing Optimizer
WARNING: [VRFC 10-3091] actual bit length 4 differs from formal bit length 7 for port 'func7' [C:/Users/ddddd/OneDrive/Desktop/Semester 4/CA/project_1/project_1/project_1.srcs/sources_1/new/task1.v:29]
Completed static elaboration
Starting simulation data flow analysis
Completed simulation data flow analysis
Time Resolution for simulation is 1ps
Compiling module xil_defaultlib.Program_Counter
Compiling module xil_defaultlib.adder
Compiling module xil_defaultlib.Instruction_Memory
Compiling module xil_defaultlib.inst_parser
Compiling module xil_defaultlib.Control_Unit
Compiling module xil_defaultlib.ALU_Control
Compiling module xil_defaultlib.top_control
Compiling module xil_defaultlib.imm_dat_gen
Compiling module xil_defaultlib.registerFile
Compiling module xil_defaultlib.mux_2x1
Compiling module xil_defaultlib.ALU_64_bit
Compiling module xil_defaultlib.Data_Memory
Compiling module xil_defaultlib.task1
Compiling module xil_defaultlib.task1_tb
Compiling module xil_defaultlib.glbl
Built simulation snapshot task1_tb_behav
INFO: [USF-XSim-69] 'elaborate' step finished in '2' seconds
INFO: [USF-XSim-4] XSim::Simulate design
INFO: [USF-XSim-61] Executing 'SIMULATE' step in 'C:/Users/ddddd/OneDrive/Desktop/Semester 4/CA/project_1/project_1/project_1.sim/sim_1/behav/xsim'
INFO: [USF-XSim-98] *** Running xsim
   with args "task1_tb_behav -key {Behavioral:sim_1:Functional:task1_tb} -tclbatch {task1_tb.tcl} -view {{C:/Users/ddddd/OneDrive/Desktop/Semester 4/CA/project_1/project_1/task1_tb_behav.wcfg}} -log {simulate.log}"
INFO: [USF-XSim-8] Loading simulator feature
Vivado Simulator 2020.1
Time resolution is 1 ps
open_wave_config {C:/Users/ddddd/OneDrive/Desktop/Semester 4/CA/project_1/project_1/task1_tb_behav.wcfg}
source task1_tb.tcl
# set curr_wave [current_wave_config]
# if { [string length $curr_wave] == 0 } {
#   if { [llength [get_objects]] > 0} {
#     add_wave /
#     set_property needs_save false [current_wave_config]
#   } else {
#      send_msg_id Add_Wave-1 WARNING "No top level signals found. Simulator will start without a wave window. If you want to open a wave window go to 'File->New Waveform Configuration' or type 'create_wave_config' in the TCL console."
#   }
# }
# run 1000ns
INFO: [USF-XSim-96] XSim completed. Design snapshot 'task1_tb_behav' loaded.
INFO: [USF-XSim-97] XSim simulation ran for 1000ns
launch_simulation: Time (s): cpu = 00:00:06 ; elapsed = 00:00:09 . Memory (MB): peak = 1102.727 ; gain = 9.734
close_sim
INFO: [Simtcl 6-16] Simulation closed
launch_simulation
Command: launch_simulation 
INFO: [Vivado 12-5682] Launching behavioral simulation in 'C:/Users/ddddd/OneDrive/Desktop/Semester 4/CA/project_1/project_1/project_1.sim/sim_1/behav/xsim'
INFO: [SIM-utils-51] Simulation object is 'sim_1'
INFO: [SIM-utils-54] Inspecting design source files for 'task1_tb' in fileset 'sim_1'...
INFO: [USF-XSim-97] Finding global include files...
INFO: [USF-XSim-98] Fetching design files from 'sim_1'...
INFO: [USF-XSim-2] XSim::Compile design
INFO: [USF-XSim-61] Executing 'COMPILE and ANALYZE' step in 'C:/Users/ddddd/OneDrive/Desktop/Semester 4/CA/project_1/project_1/project_1.sim/sim_1/behav/xsim'
"xvlog --incr --relax -prj task1_tb_vlog.prj"
INFO: [VRFC 10-2263] Analyzing Verilog file "C:/Users/ddddd/OneDrive/Desktop/Semester 4/CA/project_1/project_1/project_1.srcs/sources_1/new/ALU_64_bit.v" into library xil_defaultlib
INFO: [VRFC 10-311] analyzing module ALU_64_bit
INFO: [VRFC 10-2263] Analyzing Verilog file "C:/Users/ddddd/OneDrive/Desktop/Semester 4/CA/project_1/project_1/project_1.srcs/sources_1/new/ALU_Control.v" into library xil_defaultlib
INFO: [VRFC 10-311] analyzing module ALU_Control
INFO: [VRFC 10-2263] Analyzing Verilog file "C:/Users/ddddd/OneDrive/Desktop/Semester 4/CA/project_1/project_1/project_1.srcs/sources_1/new/Control_Unit.v" into library xil_defaultlib
INFO: [VRFC 10-311] analyzing module Control_Unit
INFO: [VRFC 10-2263] Analyzing Verilog file "C:/Users/ddddd/OneDrive/Desktop/Semester 4/CA/project_1/project_1/project_1.srcs/sources_1/new/Data_Memory.v" into library xil_defaultlib
INFO: [VRFC 10-311] analyzing module Data_Memory
INFO: [VRFC 10-2263] Analyzing Verilog file "C:/Users/ddddd/OneDrive/Desktop/Semester 4/CA/project_1/project_1/project_1.srcs/sources_1/new/Instruction_Memory.v" into library xil_defaultlib
INFO: [VRFC 10-311] analyzing module Instruction_Memory
INFO: [VRFC 10-2263] Analyzing Verilog file "C:/Users/ddddd/OneDrive/Desktop/Semester 4/CA/project_1/project_1/project_1.srcs/sources_1/new/Program_Counter.v" into library xil_defaultlib
INFO: [VRFC 10-311] analyzing module Program_Counter
INFO: [VRFC 10-2263] Analyzing Verilog file "C:/Users/ddddd/OneDrive/Desktop/Semester 4/CA/project_1/project_1/project_1.srcs/sources_1/new/RegisterFile.v" into library xil_defaultlib
INFO: [VRFC 10-311] analyzing module registerFile
INFO: [VRFC 10-2263] Analyzing Verilog file "C:/Users/ddddd/OneDrive/Desktop/Semester 4/CA/project_1/project_1/project_1.srcs/sources_1/new/adder.v" into library xil_defaultlib
INFO: [VRFC 10-311] analyzing module adder
INFO: [VRFC 10-2263] Analyzing Verilog file "C:/Users/ddddd/OneDrive/Desktop/Semester 4/CA/project_1/project_1/project_1.srcs/sources_1/new/imm_data_gen.v" into library xil_defaultlib
INFO: [VRFC 10-311] analyzing module imm_dat_gen
INFO: [VRFC 10-2263] Analyzing Verilog file "C:/Users/ddddd/OneDrive/Desktop/Semester 4/CA/project_1/project_1/project_1.srcs/sources_1/new/inst_parser.v" into library xil_defaultlib
INFO: [VRFC 10-311] analyzing module inst_parser
INFO: [VRFC 10-2263] Analyzing Verilog file "C:/Users/ddddd/OneDrive/Desktop/Semester 4/CA/project_1/project_1/project_1.srcs/sources_1/new/mux_2x1.v" into library xil_defaultlib
INFO: [VRFC 10-311] analyzing module mux_2x1
INFO: [VRFC 10-2263] Analyzing Verilog file "C:/Users/ddddd/OneDrive/Desktop/Semester 4/CA/project_1/project_1/project_1.srcs/sources_1/new/task1.v" into library xil_defaultlib
INFO: [VRFC 10-311] analyzing module task1
INFO: [VRFC 10-2263] Analyzing Verilog file "C:/Users/ddddd/OneDrive/Desktop/Semester 4/CA/project_1/project_1/project_1.srcs/sources_1/new/top_control.v" into library xil_defaultlib
INFO: [VRFC 10-311] analyzing module top_control
INFO: [VRFC 10-2263] Analyzing Verilog file "C:/Users/ddddd/OneDrive/Desktop/Semester 4/CA/project_1/project_1/project_1.srcs/sim_1/new/task1_tb.v" into library xil_defaultlib
INFO: [VRFC 10-311] analyzing module task1_tb
INFO: [USF-XSim-69] 'compile' step finished in '1' seconds
INFO: [USF-XSim-3] XSim::Elaborate design
INFO: [USF-XSim-61] Executing 'ELABORATE' step in 'C:/Users/ddddd/OneDrive/Desktop/Semester 4/CA/project_1/project_1/project_1.sim/sim_1/behav/xsim'
"xelab -wto e3a17a71a2f045e1ba9ced6a1a8d75fe --incr --debug typical --relax --mt 2 -L xil_defaultlib -L unisims_ver -L unimacro_ver -L secureip --snapshot task1_tb_behav xil_defaultlib.task1_tb xil_defaultlib.glbl -log elaborate.log"
Vivado Simulator 2020.1
Copyright 1986-1999, 2001-2020 Xilinx, Inc. All Rights Reserved.
Running: C:/Xilinx/Vivado/2020.1/bin/unwrapped/win64.o/xelab.exe -wto e3a17a71a2f045e1ba9ced6a1a8d75fe --incr --debug typical --relax --mt 2 -L xil_defaultlib -L unisims_ver -L unimacro_ver -L secureip --snapshot task1_tb_behav xil_defaultlib.task1_tb xil_defaultlib.glbl -log elaborate.log 
Using 2 slave threads.
Starting static elaboration
Pass Through NonSizing Optimizer
WARNING: [VRFC 10-3091] actual bit length 4 differs from formal bit length 7 for port 'func7' [C:/Users/ddddd/OneDrive/Desktop/Semester 4/CA/project_1/project_1/project_1.srcs/sources_1/new/task1.v:29]
Completed static elaboration
Starting simulation data flow analysis
Completed simulation data flow analysis
Time Resolution for simulation is 1ps
Compiling module xil_defaultlib.Program_Counter
Compiling module xil_defaultlib.adder
Compiling module xil_defaultlib.Instruction_Memory
Compiling module xil_defaultlib.inst_parser
Compiling module xil_defaultlib.Control_Unit
Compiling module xil_defaultlib.ALU_Control
Compiling module xil_defaultlib.top_control
Compiling module xil_defaultlib.imm_dat_gen
Compiling module xil_defaultlib.registerFile
Compiling module xil_defaultlib.mux_2x1
Compiling module xil_defaultlib.ALU_64_bit
Compiling module xil_defaultlib.Data_Memory
Compiling module xil_defaultlib.task1
Compiling module xil_defaultlib.task1_tb
Compiling module xil_defaultlib.glbl
Built simulation snapshot task1_tb_behav
INFO: [USF-XSim-69] 'elaborate' step finished in '3' seconds
INFO: [USF-XSim-4] XSim::Simulate design
INFO: [USF-XSim-61] Executing 'SIMULATE' step in 'C:/Users/ddddd/OneDrive/Desktop/Semester 4/CA/project_1/project_1/project_1.sim/sim_1/behav/xsim'
INFO: [USF-XSim-98] *** Running xsim
   with args "task1_tb_behav -key {Behavioral:sim_1:Functional:task1_tb} -tclbatch {task1_tb.tcl} -view {{C:/Users/ddddd/OneDrive/Desktop/Semester 4/CA/project_1/project_1/task1_tb_behav.wcfg}} -log {simulate.log}"
INFO: [USF-XSim-8] Loading simulator feature
Vivado Simulator 2020.1
Time resolution is 1 ps
open_wave_config {C:/Users/ddddd/OneDrive/Desktop/Semester 4/CA/project_1/project_1/task1_tb_behav.wcfg}
source task1_tb.tcl
# set curr_wave [current_wave_config]
# if { [string length $curr_wave] == 0 } {
#   if { [llength [get_objects]] > 0} {
#     add_wave /
#     set_property needs_save false [current_wave_config]
#   } else {
#      send_msg_id Add_Wave-1 WARNING "No top level signals found. Simulator will start without a wave window. If you want to open a wave window go to 'File->New Waveform Configuration' or type 'create_wave_config' in the TCL console."
#   }
# }
# run 1000ns
INFO: [USF-XSim-96] XSim completed. Design snapshot 'task1_tb_behav' loaded.
INFO: [USF-XSim-97] XSim simulation ran for 1000ns
launch_simulation: Time (s): cpu = 00:00:05 ; elapsed = 00:00:09 . Memory (MB): peak = 1110.875 ; gain = 8.082
close_sim
INFO: [Simtcl 6-16] Simulation closed
launch_simulation
Command: launch_simulation 
INFO: [Vivado 12-5682] Launching behavioral simulation in 'C:/Users/ddddd/OneDrive/Desktop/Semester 4/CA/project_1/project_1/project_1.sim/sim_1/behav/xsim'
INFO: [SIM-utils-51] Simulation object is 'sim_1'
INFO: [SIM-utils-54] Inspecting design source files for 'task1_tb' in fileset 'sim_1'...
INFO: [USF-XSim-97] Finding global include files...
INFO: [USF-XSim-98] Fetching design files from 'sim_1'...
INFO: [USF-XSim-2] XSim::Compile design
INFO: [USF-XSim-61] Executing 'COMPILE and ANALYZE' step in 'C:/Users/ddddd/OneDrive/Desktop/Semester 4/CA/project_1/project_1/project_1.sim/sim_1/behav/xsim'
"xvlog --incr --relax -prj task1_tb_vlog.prj"
INFO: [VRFC 10-2263] Analyzing Verilog file "C:/Users/ddddd/OneDrive/Desktop/Semester 4/CA/project_1/project_1/project_1.srcs/sources_1/new/ALU_64_bit.v" into library xil_defaultlib
INFO: [VRFC 10-311] analyzing module ALU_64_bit
INFO: [VRFC 10-2263] Analyzing Verilog file "C:/Users/ddddd/OneDrive/Desktop/Semester 4/CA/project_1/project_1/project_1.srcs/sources_1/new/ALU_Control.v" into library xil_defaultlib
INFO: [VRFC 10-311] analyzing module ALU_Control
INFO: [VRFC 10-2263] Analyzing Verilog file "C:/Users/ddddd/OneDrive/Desktop/Semester 4/CA/project_1/project_1/project_1.srcs/sources_1/new/Control_Unit.v" into library xil_defaultlib
INFO: [VRFC 10-311] analyzing module Control_Unit
INFO: [VRFC 10-2263] Analyzing Verilog file "C:/Users/ddddd/OneDrive/Desktop/Semester 4/CA/project_1/project_1/project_1.srcs/sources_1/new/Data_Memory.v" into library xil_defaultlib
INFO: [VRFC 10-311] analyzing module Data_Memory
INFO: [VRFC 10-2263] Analyzing Verilog file "C:/Users/ddddd/OneDrive/Desktop/Semester 4/CA/project_1/project_1/project_1.srcs/sources_1/new/Instruction_Memory.v" into library xil_defaultlib
INFO: [VRFC 10-311] analyzing module Instruction_Memory
INFO: [VRFC 10-2263] Analyzing Verilog file "C:/Users/ddddd/OneDrive/Desktop/Semester 4/CA/project_1/project_1/project_1.srcs/sources_1/new/Program_Counter.v" into library xil_defaultlib
INFO: [VRFC 10-311] analyzing module Program_Counter
INFO: [VRFC 10-2263] Analyzing Verilog file "C:/Users/ddddd/OneDrive/Desktop/Semester 4/CA/project_1/project_1/project_1.srcs/sources_1/new/RegisterFile.v" into library xil_defaultlib
INFO: [VRFC 10-311] analyzing module registerFile
INFO: [VRFC 10-2263] Analyzing Verilog file "C:/Users/ddddd/OneDrive/Desktop/Semester 4/CA/project_1/project_1/project_1.srcs/sources_1/new/adder.v" into library xil_defaultlib
INFO: [VRFC 10-311] analyzing module adder
INFO: [VRFC 10-2263] Analyzing Verilog file "C:/Users/ddddd/OneDrive/Desktop/Semester 4/CA/project_1/project_1/project_1.srcs/sources_1/new/imm_data_gen.v" into library xil_defaultlib
INFO: [VRFC 10-311] analyzing module imm_dat_gen
INFO: [VRFC 10-2263] Analyzing Verilog file "C:/Users/ddddd/OneDrive/Desktop/Semester 4/CA/project_1/project_1/project_1.srcs/sources_1/new/inst_parser.v" into library xil_defaultlib
INFO: [VRFC 10-311] analyzing module inst_parser
INFO: [VRFC 10-2263] Analyzing Verilog file "C:/Users/ddddd/OneDrive/Desktop/Semester 4/CA/project_1/project_1/project_1.srcs/sources_1/new/mux_2x1.v" into library xil_defaultlib
INFO: [VRFC 10-311] analyzing module mux_2x1
INFO: [VRFC 10-2263] Analyzing Verilog file "C:/Users/ddddd/OneDrive/Desktop/Semester 4/CA/project_1/project_1/project_1.srcs/sources_1/new/task1.v" into library xil_defaultlib
INFO: [VRFC 10-311] analyzing module task1
INFO: [VRFC 10-2263] Analyzing Verilog file "C:/Users/ddddd/OneDrive/Desktop/Semester 4/CA/project_1/project_1/project_1.srcs/sources_1/new/top_control.v" into library xil_defaultlib
INFO: [VRFC 10-311] analyzing module top_control
INFO: [VRFC 10-2263] Analyzing Verilog file "C:/Users/ddddd/OneDrive/Desktop/Semester 4/CA/project_1/project_1/project_1.srcs/sim_1/new/task1_tb.v" into library xil_defaultlib
INFO: [VRFC 10-311] analyzing module task1_tb
INFO: [USF-XSim-69] 'compile' step finished in '2' seconds
INFO: [USF-XSim-3] XSim::Elaborate design
INFO: [USF-XSim-61] Executing 'ELABORATE' step in 'C:/Users/ddddd/OneDrive/Desktop/Semester 4/CA/project_1/project_1/project_1.sim/sim_1/behav/xsim'
"xelab -wto e3a17a71a2f045e1ba9ced6a1a8d75fe --incr --debug typical --relax --mt 2 -L xil_defaultlib -L unisims_ver -L unimacro_ver -L secureip --snapshot task1_tb_behav xil_defaultlib.task1_tb xil_defaultlib.glbl -log elaborate.log"
Vivado Simulator 2020.1
Copyright 1986-1999, 2001-2020 Xilinx, Inc. All Rights Reserved.
Running: C:/Xilinx/Vivado/2020.1/bin/unwrapped/win64.o/xelab.exe -wto e3a17a71a2f045e1ba9ced6a1a8d75fe --incr --debug typical --relax --mt 2 -L xil_defaultlib -L unisims_ver -L unimacro_ver -L secureip --snapshot task1_tb_behav xil_defaultlib.task1_tb xil_defaultlib.glbl -log elaborate.log 
Using 2 slave threads.
Starting static elaboration
Pass Through NonSizing Optimizer
WARNING: [VRFC 10-3091] actual bit length 4 differs from formal bit length 7 for port 'func7' [C:/Users/ddddd/OneDrive/Desktop/Semester 4/CA/project_1/project_1/project_1.srcs/sources_1/new/task1.v:29]
Completed static elaboration
Starting simulation data flow analysis
Completed simulation data flow analysis
Time Resolution for simulation is 1ps
Compiling module xil_defaultlib.Program_Counter
Compiling module xil_defaultlib.adder
Compiling module xil_defaultlib.Instruction_Memory
Compiling module xil_defaultlib.inst_parser
Compiling module xil_defaultlib.Control_Unit
Compiling module xil_defaultlib.ALU_Control
Compiling module xil_defaultlib.top_control
Compiling module xil_defaultlib.imm_dat_gen
Compiling module xil_defaultlib.registerFile
Compiling module xil_defaultlib.mux_2x1
Compiling module xil_defaultlib.ALU_64_bit
Compiling module xil_defaultlib.Data_Memory
Compiling module xil_defaultlib.task1
Compiling module xil_defaultlib.task1_tb
Compiling module xil_defaultlib.glbl
Built simulation snapshot task1_tb_behav
INFO: [USF-XSim-69] 'elaborate' step finished in '2' seconds
INFO: [USF-XSim-4] XSim::Simulate design
INFO: [USF-XSim-61] Executing 'SIMULATE' step in 'C:/Users/ddddd/OneDrive/Desktop/Semester 4/CA/project_1/project_1/project_1.sim/sim_1/behav/xsim'
INFO: [USF-XSim-98] *** Running xsim
   with args "task1_tb_behav -key {Behavioral:sim_1:Functional:task1_tb} -tclbatch {task1_tb.tcl} -view {{C:/Users/ddddd/OneDrive/Desktop/Semester 4/CA/project_1/project_1/task1_tb_behav.wcfg}} -log {simulate.log}"
INFO: [USF-XSim-8] Loading simulator feature
Vivado Simulator 2020.1
Time resolution is 1 ps
open_wave_config {C:/Users/ddddd/OneDrive/Desktop/Semester 4/CA/project_1/project_1/task1_tb_behav.wcfg}
source task1_tb.tcl
# set curr_wave [current_wave_config]
# if { [string length $curr_wave] == 0 } {
#   if { [llength [get_objects]] > 0} {
#     add_wave /
#     set_property needs_save false [current_wave_config]
#   } else {
#      send_msg_id Add_Wave-1 WARNING "No top level signals found. Simulator will start without a wave window. If you want to open a wave window go to 'File->New Waveform Configuration' or type 'create_wave_config' in the TCL console."
#   }
# }
# run 1000ns
INFO: [USF-XSim-96] XSim completed. Design snapshot 'task1_tb_behav' loaded.
INFO: [USF-XSim-97] XSim simulation ran for 1000ns
launch_simulation: Time (s): cpu = 00:00:05 ; elapsed = 00:00:09 . Memory (MB): peak = 1120.328 ; gain = 5.051
close_sim
INFO: [Simtcl 6-16] Simulation closed
launch_simulation
Command: launch_simulation 
INFO: [Vivado 12-5682] Launching behavioral simulation in 'C:/Users/ddddd/OneDrive/Desktop/Semester 4/CA/project_1/project_1/project_1.sim/sim_1/behav/xsim'
INFO: [SIM-utils-51] Simulation object is 'sim_1'
INFO: [SIM-utils-54] Inspecting design source files for 'task1_tb' in fileset 'sim_1'...
INFO: [USF-XSim-97] Finding global include files...
INFO: [USF-XSim-98] Fetching design files from 'sim_1'...
INFO: [USF-XSim-2] XSim::Compile design
INFO: [USF-XSim-61] Executing 'COMPILE and ANALYZE' step in 'C:/Users/ddddd/OneDrive/Desktop/Semester 4/CA/project_1/project_1/project_1.sim/sim_1/behav/xsim'
"xvlog --incr --relax -prj task1_tb_vlog.prj"
INFO: [VRFC 10-2263] Analyzing Verilog file "C:/Users/ddddd/OneDrive/Desktop/Semester 4/CA/project_1/project_1/project_1.srcs/sources_1/new/ALU_64_bit.v" into library xil_defaultlib
INFO: [VRFC 10-311] analyzing module ALU_64_bit
INFO: [VRFC 10-2263] Analyzing Verilog file "C:/Users/ddddd/OneDrive/Desktop/Semester 4/CA/project_1/project_1/project_1.srcs/sources_1/new/ALU_Control.v" into library xil_defaultlib
INFO: [VRFC 10-311] analyzing module ALU_Control
INFO: [VRFC 10-2263] Analyzing Verilog file "C:/Users/ddddd/OneDrive/Desktop/Semester 4/CA/project_1/project_1/project_1.srcs/sources_1/new/Control_Unit.v" into library xil_defaultlib
INFO: [VRFC 10-311] analyzing module Control_Unit
INFO: [VRFC 10-2263] Analyzing Verilog file "C:/Users/ddddd/OneDrive/Desktop/Semester 4/CA/project_1/project_1/project_1.srcs/sources_1/new/Data_Memory.v" into library xil_defaultlib
INFO: [VRFC 10-311] analyzing module Data_Memory
INFO: [VRFC 10-2263] Analyzing Verilog file "C:/Users/ddddd/OneDrive/Desktop/Semester 4/CA/project_1/project_1/project_1.srcs/sources_1/new/Instruction_Memory.v" into library xil_defaultlib
INFO: [VRFC 10-311] analyzing module Instruction_Memory
INFO: [VRFC 10-2263] Analyzing Verilog file "C:/Users/ddddd/OneDrive/Desktop/Semester 4/CA/project_1/project_1/project_1.srcs/sources_1/new/Program_Counter.v" into library xil_defaultlib
INFO: [VRFC 10-311] analyzing module Program_Counter
INFO: [VRFC 10-2263] Analyzing Verilog file "C:/Users/ddddd/OneDrive/Desktop/Semester 4/CA/project_1/project_1/project_1.srcs/sources_1/new/RegisterFile.v" into library xil_defaultlib
INFO: [VRFC 10-311] analyzing module registerFile
INFO: [VRFC 10-2263] Analyzing Verilog file "C:/Users/ddddd/OneDrive/Desktop/Semester 4/CA/project_1/project_1/project_1.srcs/sources_1/new/adder.v" into library xil_defaultlib
INFO: [VRFC 10-311] analyzing module adder
INFO: [VRFC 10-2263] Analyzing Verilog file "C:/Users/ddddd/OneDrive/Desktop/Semester 4/CA/project_1/project_1/project_1.srcs/sources_1/new/imm_data_gen.v" into library xil_defaultlib
INFO: [VRFC 10-311] analyzing module imm_dat_gen
INFO: [VRFC 10-2263] Analyzing Verilog file "C:/Users/ddddd/OneDrive/Desktop/Semester 4/CA/project_1/project_1/project_1.srcs/sources_1/new/inst_parser.v" into library xil_defaultlib
INFO: [VRFC 10-311] analyzing module inst_parser
INFO: [VRFC 10-2263] Analyzing Verilog file "C:/Users/ddddd/OneDrive/Desktop/Semester 4/CA/project_1/project_1/project_1.srcs/sources_1/new/mux_2x1.v" into library xil_defaultlib
INFO: [VRFC 10-311] analyzing module mux_2x1
INFO: [VRFC 10-2263] Analyzing Verilog file "C:/Users/ddddd/OneDrive/Desktop/Semester 4/CA/project_1/project_1/project_1.srcs/sources_1/new/task1.v" into library xil_defaultlib
INFO: [VRFC 10-311] analyzing module task1
INFO: [VRFC 10-2263] Analyzing Verilog file "C:/Users/ddddd/OneDrive/Desktop/Semester 4/CA/project_1/project_1/project_1.srcs/sources_1/new/top_control.v" into library xil_defaultlib
INFO: [VRFC 10-311] analyzing module top_control
INFO: [VRFC 10-2263] Analyzing Verilog file "C:/Users/ddddd/OneDrive/Desktop/Semester 4/CA/project_1/project_1/project_1.srcs/sim_1/new/task1_tb.v" into library xil_defaultlib
INFO: [VRFC 10-311] analyzing module task1_tb
INFO: [USF-XSim-69] 'compile' step finished in '2' seconds
INFO: [USF-XSim-3] XSim::Elaborate design
INFO: [USF-XSim-61] Executing 'ELABORATE' step in 'C:/Users/ddddd/OneDrive/Desktop/Semester 4/CA/project_1/project_1/project_1.sim/sim_1/behav/xsim'
"xelab -wto e3a17a71a2f045e1ba9ced6a1a8d75fe --incr --debug typical --relax --mt 2 -L xil_defaultlib -L unisims_ver -L unimacro_ver -L secureip --snapshot task1_tb_behav xil_defaultlib.task1_tb xil_defaultlib.glbl -log elaborate.log"
Vivado Simulator 2020.1
Copyright 1986-1999, 2001-2020 Xilinx, Inc. All Rights Reserved.
Running: C:/Xilinx/Vivado/2020.1/bin/unwrapped/win64.o/xelab.exe -wto e3a17a71a2f045e1ba9ced6a1a8d75fe --incr --debug typical --relax --mt 2 -L xil_defaultlib -L unisims_ver -L unimacro_ver -L secureip --snapshot task1_tb_behav xil_defaultlib.task1_tb xil_defaultlib.glbl -log elaborate.log 
Using 2 slave threads.
Starting static elaboration
Pass Through NonSizing Optimizer
WARNING: [VRFC 10-3091] actual bit length 4 differs from formal bit length 7 for port 'func7' [C:/Users/ddddd/OneDrive/Desktop/Semester 4/CA/project_1/project_1/project_1.srcs/sources_1/new/task1.v:29]
Completed static elaboration
Starting simulation data flow analysis
Completed simulation data flow analysis
Time Resolution for simulation is 1ps
Compiling module xil_defaultlib.Program_Counter
Compiling module xil_defaultlib.adder
Compiling module xil_defaultlib.Instruction_Memory
Compiling module xil_defaultlib.inst_parser
Compiling module xil_defaultlib.Control_Unit
Compiling module xil_defaultlib.ALU_Control
Compiling module xil_defaultlib.top_control
Compiling module xil_defaultlib.imm_dat_gen
Compiling module xil_defaultlib.registerFile
Compiling module xil_defaultlib.mux_2x1
Compiling module xil_defaultlib.ALU_64_bit
Compiling module xil_defaultlib.Data_Memory
Compiling module xil_defaultlib.task1
Compiling module xil_defaultlib.task1_tb
Compiling module xil_defaultlib.glbl
Built simulation snapshot task1_tb_behav
INFO: [USF-XSim-69] 'elaborate' step finished in '2' seconds
INFO: [USF-XSim-4] XSim::Simulate design
INFO: [USF-XSim-61] Executing 'SIMULATE' step in 'C:/Users/ddddd/OneDrive/Desktop/Semester 4/CA/project_1/project_1/project_1.sim/sim_1/behav/xsim'
INFO: [USF-XSim-98] *** Running xsim
   with args "task1_tb_behav -key {Behavioral:sim_1:Functional:task1_tb} -tclbatch {task1_tb.tcl} -view {{C:/Users/ddddd/OneDrive/Desktop/Semester 4/CA/project_1/project_1/task1_tb_behav.wcfg}} -log {simulate.log}"
INFO: [USF-XSim-8] Loading simulator feature
Vivado Simulator 2020.1
Time resolution is 1 ps
open_wave_config {C:/Users/ddddd/OneDrive/Desktop/Semester 4/CA/project_1/project_1/task1_tb_behav.wcfg}
source task1_tb.tcl
# set curr_wave [current_wave_config]
# if { [string length $curr_wave] == 0 } {
#   if { [llength [get_objects]] > 0} {
#     add_wave /
#     set_property needs_save false [current_wave_config]
#   } else {
#      send_msg_id Add_Wave-1 WARNING "No top level signals found. Simulator will start without a wave window. If you want to open a wave window go to 'File->New Waveform Configuration' or type 'create_wave_config' in the TCL console."
#   }
# }
# run 1000ns
INFO: [USF-XSim-96] XSim completed. Design snapshot 'task1_tb_behav' loaded.
INFO: [USF-XSim-97] XSim simulation ran for 1000ns
launch_simulation: Time (s): cpu = 00:00:05 ; elapsed = 00:00:09 . Memory (MB): peak = 1132.184 ; gain = 0.000
close_sim
INFO: [Simtcl 6-16] Simulation closed
exit
INFO: [Common 17-206] Exiting Vivado at Tue Apr  8 01:28:34 2025...
