Copyright 1986-2020 Xilinx, Inc. All Rights Reserved.
--------------------------------------------------------------------------------------------------------------------------------------------------------------------------------------
| Tool Version : Vivado v.2020.1 (win64) Build 2902540 Wed May 27 19:54:49 MDT 2020
| Date         : Mon Apr 21 11:23:31 2025
| Host         : Taha running 64-bit major release  (build 9200)
| Command      : report_timing_summary -max_paths 10 -file task1_timing_summary_routed.rpt -pb task1_timing_summary_routed.pb -rpx task1_timing_summary_routed.rpx -warn_on_violation
| Design       : task1
| Device       : 7k70t-fbv676
| Speed File   : -1  PRODUCTION 1.12 2017-02-17
--------------------------------------------------------------------------------------------------------------------------------------------------------------------------------------

Timing Summary Report

------------------------------------------------------------------------------------------------
| Timer Settings
| --------------
------------------------------------------------------------------------------------------------

  Enable Multi Corner Analysis               :  Yes
  Enable Pessimism Removal                   :  Yes
  Pessimism Removal Resolution               :  Nearest Common Node
  Enable Input Delay Default Clock           :  No
  Enable Preset / Clear Arcs                 :  No
  Disable Flight Delays                      :  No
  Ignore I/O Paths                           :  No
  Timing Early Launch at Borrowing Latches   :  No
  Borrow Time for Max Delay Exceptions       :  Yes
  Merge Timing Exceptions                    :  Yes

  Corner  Analyze    Analyze    
  Name    Max Paths  Min Paths  
  ------  ---------  ---------  
  Slow    Yes        Yes        
  Fast    Yes        Yes        



check_timing report

Table of Contents
-----------------
1. checking no_clock (0)
2. checking constant_clock (0)
3. checking pulse_width_clock (0)
4. checking unconstrained_internal_endpoints (0)
5. checking no_input_delay (1)
6. checking no_output_delay (7)
7. checking multiple_clock (0)
8. checking generated_clocks (0)
9. checking loops (0)
10. checking partial_input_delay (0)
11. checking partial_output_delay (0)
12. checking latch_loops (0)

1. checking no_clock (0)
------------------------
 There are 0 register/latch pins with no clock.


2. checking constant_clock (0)
------------------------------
 There are 0 register/latch pins with constant_clock.


3. checking pulse_width_clock (0)
---------------------------------
 There are 0 register/latch pins which need pulse_width check


4. checking unconstrained_internal_endpoints (0)
------------------------------------------------
 There are 0 pins that are not constrained for maximum delay.

 There are 0 pins that are not constrained for maximum delay due to constant clock.


5. checking no_input_delay (1)
------------------------------
 There is 1 input port with no input delay specified. (HIGH)

 There are 0 input ports with no input delay but user has a false path constraint.


6. checking no_output_delay (7)
-------------------------------
 There are 7 ports with no output delay specified. (HIGH)

 There are 0 ports with no output delay but user has a false path constraint

 There are 0 ports with no output delay but with a timing clock defined on it or propagating through it


7. checking multiple_clock (0)
------------------------------
 There are 0 register/latch pins with multiple clocks.


8. checking generated_clocks (0)
--------------------------------
 There are 0 generated clocks that are not connected to a clock source.


9. checking loops (0)
---------------------
 There are 0 combinational loops in the design.


10. checking partial_input_delay (0)
------------------------------------
 There are 0 input ports with partial input delay specified.


11. checking partial_output_delay (0)
-------------------------------------
 There are 0 ports with partial output delay specified.


12. checking latch_loops (0)
----------------------------
 There are 0 combinational latch loops in the design through latch input



------------------------------------------------------------------------------------------------
| Design Timing Summary
| ---------------------
------------------------------------------------------------------------------------------------

    WNS(ns)      TNS(ns)  TNS Failing Endpoints  TNS Total Endpoints      WHS(ns)      THS(ns)  THS Failing Endpoints  THS Total Endpoints     WPWS(ns)     TPWS(ns)  TPWS Failing Endpoints  TPWS Total Endpoints  
    -------      -------  ---------------------  -------------------      -------      -------  ---------------------  -------------------     --------     --------  ----------------------  --------------------  
      6.822        0.000                      0                   12        0.483        0.000                      0                   12        4.090        0.000                       0                    17  


All user specified timing constraints are met.


------------------------------------------------------------------------------------------------
| Clock Summary
| -------------
------------------------------------------------------------------------------------------------

Clock  Waveform(ns)       Period(ns)      Frequency(MHz)
-----  ------------       ----------      --------------
clk    {0.000 5.000}      10.000          100.000         


------------------------------------------------------------------------------------------------
| Intra Clock Table
| -----------------
------------------------------------------------------------------------------------------------

Clock             WNS(ns)      TNS(ns)  TNS Failing Endpoints  TNS Total Endpoints      WHS(ns)      THS(ns)  THS Failing Endpoints  THS Total Endpoints     WPWS(ns)     TPWS(ns)  TPWS Failing Endpoints  TPWS Total Endpoints  
-----             -------      -------  ---------------------  -------------------      -------      -------  ---------------------  -------------------     --------     --------  ----------------------  --------------------  
clk                 6.822        0.000                      0                   12        0.483        0.000                      0                   12        4.090        0.000                       0                    17  


------------------------------------------------------------------------------------------------
| Inter Clock Table
| -----------------
------------------------------------------------------------------------------------------------

From Clock    To Clock          WNS(ns)      TNS(ns)  TNS Failing Endpoints  TNS Total Endpoints      WHS(ns)      THS(ns)  THS Failing Endpoints  THS Total Endpoints  
----------    --------          -------      -------  ---------------------  -------------------      -------      -------  ---------------------  -------------------  


------------------------------------------------------------------------------------------------
| Other Path Groups Table
| -----------------------
------------------------------------------------------------------------------------------------

Path Group    From Clock    To Clock          WNS(ns)      TNS(ns)  TNS Failing Endpoints  TNS Total Endpoints      WHS(ns)      THS(ns)  THS Failing Endpoints  THS Total Endpoints  
----------    ----------    --------          -------      -------  ---------------------  -------------------      -------      -------  ---------------------  -------------------  


------------------------------------------------------------------------------------------------
| Timing Details
| --------------
------------------------------------------------------------------------------------------------


---------------------------------------------------------------------------------------------------
From Clock:  clk
  To Clock:  clk

Setup :            0  Failing Endpoints,  Worst Slack        6.822ns,  Total Violation        0.000ns
Hold  :            0  Failing Endpoints,  Worst Slack        0.483ns,  Total Violation        0.000ns
PW    :            0  Failing Endpoints,  Worst Slack        4.090ns,  Total Violation        0.000ns
---------------------------------------------------------------------------------------------------


Max Delay Paths
--------------------------------------------------------------------------------------
Slack (MET) :             6.822ns  (required time - arrival time)
  Source:                 h1/Registers_reg_r2_0_31_0_5/RAMA/CLK
                            (rising edge-triggered cell RAMD32 clocked by clk  {rise@0.000ns fall@5.000ns period=10.000ns})
  Destination:            h1/Registers_reg_r2_0_31_0_5/RAMC_D1/I
                            (rising edge-triggered cell RAMD32 clocked by clk  {rise@0.000ns fall@5.000ns period=10.000ns})
  Path Group:             clk
  Path Type:              Setup (Max at Slow Process Corner)
  Requirement:            10.000ns  (clk rise@10.000ns - clk rise@0.000ns)
  Data Path Delay:        2.870ns  (logic 1.586ns (55.260%)  route 1.284ns (44.740%))
  Logic Levels:           3  (CARRY4=2 LUT2=1)
  Clock Path Skew:        0.000ns (DCD - SCD + CPR)
    Destination Clock Delay (DCD):    4.466ns = ( 14.466 - 10.000 ) 
    Source Clock Delay      (SCD):    4.761ns
    Clock Pessimism Removal (CPR):    0.295ns
  Clock Uncertainty:      0.035ns  ((TSJ^2 + TIJ^2)^1/2 + DJ) / 2 + PE
    Total System Jitter     (TSJ):    0.071ns
    Total Input Jitter      (TIJ):    0.000ns
    Discrete Jitter          (DJ):    0.000ns
    Phase Error              (PE):    0.000ns

    Location             Delay type                Incr(ns)  Path(ns)    Netlist Resource(s)
  -------------------------------------------------------------------    -------------------
                         (clock clk rise edge)        0.000     0.000 r  
    P23                                               0.000     0.000 r  clk (IN)
                         net (fo=0)                   0.000     0.000    clk
    P23                  IBUF (Prop_ibuf_I_O)         0.845     0.845 r  clk_IBUF_inst/O
                         net (fo=1, routed)           2.140     2.985    clk_IBUF
    BUFGCTRL_X0Y0        BUFG (Prop_bufg_I_O)         0.120     3.105 r  clk_IBUF_BUFG_inst/O
                         net (fo=16, routed)          1.656     4.761    h1/Registers_reg_r2_0_31_0_5/WCLK
    SLICE_X2Y4           RAMD32                                       r  h1/Registers_reg_r2_0_31_0_5/RAMA/CLK
  -------------------------------------------------------------------    -------------------
    SLICE_X2Y4           RAMD32 (Prop_ramd32_CLK_O)
                                                      0.859     5.620 r  h1/Registers_reg_r2_0_31_0_5/RAMA/O
                         net (fo=1, routed)           0.252     5.872    h1/ReadData20_1[0]
    SLICE_X4Y3           LUT2 (Prop_lut2_I0_O)        0.168     6.040 r  h1/debug_write_OBUF[3]_inst_i_2/O
                         net (fo=1, routed)           0.375     6.415    j1/b[0]
    SLICE_X3Y3           CARRY4 (Prop_carry4_CYINIT_CO[3])
                                                      0.346     6.761 r  j1/debug_write_OBUF[3]_inst_i_1/CO[3]
                         net (fo=1, routed)           0.000     6.761    j1/debug_write_OBUF[3]_inst_i_1_n_0
    SLICE_X3Y4           CARRY4 (Prop_carry4_CI_O[1])
                                                      0.213     6.974 r  j1/debug_write_OBUF[6]_inst_i_1/O[1]
                         net (fo=3, routed)           0.657     7.631    h1/Registers_reg_r2_0_31_0_5/DIC1
    SLICE_X2Y4           RAMD32                                       r  h1/Registers_reg_r2_0_31_0_5/RAMC_D1/I
  -------------------------------------------------------------------    -------------------

                         (clock clk rise edge)       10.000    10.000 r  
    P23                                               0.000    10.000 r  clk (IN)
                         net (fo=0)                   0.000    10.000    clk
    P23                  IBUF (Prop_ibuf_I_O)         0.769    10.769 r  clk_IBUF_inst/O
                         net (fo=1, routed)           2.040    12.809    clk_IBUF
    BUFGCTRL_X0Y0        BUFG (Prop_bufg_I_O)         0.113    12.922 r  clk_IBUF_BUFG_inst/O
                         net (fo=16, routed)          1.544    14.466    h1/Registers_reg_r2_0_31_0_5/WCLK
    SLICE_X2Y4           RAMD32                                       r  h1/Registers_reg_r2_0_31_0_5/RAMC_D1/CLK
                         clock pessimism              0.295    14.761    
                         clock uncertainty           -0.035    14.726    
    SLICE_X2Y4           RAMD32 (Setup_ramd32_CLK_I)
                                                     -0.273    14.453    h1/Registers_reg_r2_0_31_0_5/RAMC_D1
  -------------------------------------------------------------------
                         required time                         14.453    
                         arrival time                          -7.631    
  -------------------------------------------------------------------
                         slack                                  6.822    

Slack (MET) :             7.059ns  (required time - arrival time)
  Source:                 h1/Registers_reg_r2_0_31_0_5/RAMA/CLK
                            (rising edge-triggered cell RAMD32 clocked by clk  {rise@0.000ns fall@5.000ns period=10.000ns})
  Destination:            h1/Registers_reg_r1_0_31_0_5/RAMC_D1/I
                            (rising edge-triggered cell RAMD32 clocked by clk  {rise@0.000ns fall@5.000ns period=10.000ns})
  Path Group:             clk
  Path Type:              Setup (Max at Slow Process Corner)
  Requirement:            10.000ns  (clk rise@10.000ns - clk rise@0.000ns)
  Data Path Delay:        2.610ns  (logic 1.586ns (60.756%)  route 1.024ns (39.244%))
  Logic Levels:           3  (CARRY4=2 LUT2=1)
  Clock Path Skew:        -0.022ns (DCD - SCD + CPR)
    Destination Clock Delay (DCD):    4.466ns = ( 14.466 - 10.000 ) 
    Source Clock Delay      (SCD):    4.761ns
    Clock Pessimism Removal (CPR):    0.273ns
  Clock Uncertainty:      0.035ns  ((TSJ^2 + TIJ^2)^1/2 + DJ) / 2 + PE
    Total System Jitter     (TSJ):    0.071ns
    Total Input Jitter      (TIJ):    0.000ns
    Discrete Jitter          (DJ):    0.000ns
    Phase Error              (PE):    0.000ns

    Location             Delay type                Incr(ns)  Path(ns)    Netlist Resource(s)
  -------------------------------------------------------------------    -------------------
                         (clock clk rise edge)        0.000     0.000 r  
    P23                                               0.000     0.000 r  clk (IN)
                         net (fo=0)                   0.000     0.000    clk
    P23                  IBUF (Prop_ibuf_I_O)         0.845     0.845 r  clk_IBUF_inst/O
                         net (fo=1, routed)           2.140     2.985    clk_IBUF
    BUFGCTRL_X0Y0        BUFG (Prop_bufg_I_O)         0.120     3.105 r  clk_IBUF_BUFG_inst/O
                         net (fo=16, routed)          1.656     4.761    h1/Registers_reg_r2_0_31_0_5/WCLK
    SLICE_X2Y4           RAMD32                                       r  h1/Registers_reg_r2_0_31_0_5/RAMA/CLK
  -------------------------------------------------------------------    -------------------
    SLICE_X2Y4           RAMD32 (Prop_ramd32_CLK_O)
                                                      0.859     5.620 r  h1/Registers_reg_r2_0_31_0_5/RAMA/O
                         net (fo=1, routed)           0.252     5.872    h1/ReadData20_1[0]
    SLICE_X4Y3           LUT2 (Prop_lut2_I0_O)        0.168     6.040 r  h1/debug_write_OBUF[3]_inst_i_2/O
                         net (fo=1, routed)           0.375     6.415    j1/b[0]
    SLICE_X3Y3           CARRY4 (Prop_carry4_CYINIT_CO[3])
                                                      0.346     6.761 r  j1/debug_write_OBUF[3]_inst_i_1/CO[3]
                         net (fo=1, routed)           0.000     6.761    j1/debug_write_OBUF[3]_inst_i_1_n_0
    SLICE_X3Y4           CARRY4 (Prop_carry4_CI_O[1])
                                                      0.213     6.974 r  j1/debug_write_OBUF[6]_inst_i_1/O[1]
                         net (fo=3, routed)           0.398     7.371    h1/Registers_reg_r1_0_31_0_5/DIC1
    SLICE_X2Y3           RAMD32                                       r  h1/Registers_reg_r1_0_31_0_5/RAMC_D1/I
  -------------------------------------------------------------------    -------------------

                         (clock clk rise edge)       10.000    10.000 r  
    P23                                               0.000    10.000 r  clk (IN)
                         net (fo=0)                   0.000    10.000    clk
    P23                  IBUF (Prop_ibuf_I_O)         0.769    10.769 r  clk_IBUF_inst/O
                         net (fo=1, routed)           2.040    12.809    clk_IBUF
    BUFGCTRL_X0Y0        BUFG (Prop_bufg_I_O)         0.113    12.922 r  clk_IBUF_BUFG_inst/O
                         net (fo=16, routed)          1.544    14.466    h1/Registers_reg_r1_0_31_0_5/WCLK
    SLICE_X2Y3           RAMD32                                       r  h1/Registers_reg_r1_0_31_0_5/RAMC_D1/CLK
                         clock pessimism              0.273    14.739    
                         clock uncertainty           -0.035    14.704    
    SLICE_X2Y3           RAMD32 (Setup_ramd32_CLK_I)
                                                     -0.273    14.431    h1/Registers_reg_r1_0_31_0_5/RAMC_D1
  -------------------------------------------------------------------
                         required time                         14.431    
                         arrival time                          -7.371    
  -------------------------------------------------------------------
                         slack                                  7.059    

Slack (MET) :             7.218ns  (required time - arrival time)
  Source:                 h1/Registers_reg_r2_0_31_0_5/RAMA/CLK
                            (rising edge-triggered cell RAMD32 clocked by clk  {rise@0.000ns fall@5.000ns period=10.000ns})
  Destination:            h1/Registers_reg_r1_0_31_0_5/RAMB/I
                            (rising edge-triggered cell RAMD32 clocked by clk  {rise@0.000ns fall@5.000ns period=10.000ns})
  Path Group:             clk
  Path Type:              Setup (Max at Slow Process Corner)
  Requirement:            10.000ns  (clk rise@10.000ns - clk rise@0.000ns)
  Data Path Delay:        2.497ns  (logic 1.380ns (55.265%)  route 1.117ns (44.735%))
  Logic Levels:           2  (CARRY4=1 LUT2=1)
  Clock Path Skew:        -0.022ns (DCD - SCD + CPR)
    Destination Clock Delay (DCD):    4.466ns = ( 14.466 - 10.000 ) 
    Source Clock Delay      (SCD):    4.761ns
    Clock Pessimism Removal (CPR):    0.273ns
  Clock Uncertainty:      0.035ns  ((TSJ^2 + TIJ^2)^1/2 + DJ) / 2 + PE
    Total System Jitter     (TSJ):    0.071ns
    Total Input Jitter      (TIJ):    0.000ns
    Discrete Jitter          (DJ):    0.000ns
    Phase Error              (PE):    0.000ns

    Location             Delay type                Incr(ns)  Path(ns)    Netlist Resource(s)
  -------------------------------------------------------------------    -------------------
                         (clock clk rise edge)        0.000     0.000 r  
    P23                                               0.000     0.000 r  clk (IN)
                         net (fo=0)                   0.000     0.000    clk
    P23                  IBUF (Prop_ibuf_I_O)         0.845     0.845 r  clk_IBUF_inst/O
                         net (fo=1, routed)           2.140     2.985    clk_IBUF
    BUFGCTRL_X0Y0        BUFG (Prop_bufg_I_O)         0.120     3.105 r  clk_IBUF_BUFG_inst/O
                         net (fo=16, routed)          1.656     4.761    h1/Registers_reg_r2_0_31_0_5/WCLK
    SLICE_X2Y4           RAMD32                                       r  h1/Registers_reg_r2_0_31_0_5/RAMA/CLK
  -------------------------------------------------------------------    -------------------
    SLICE_X2Y4           RAMD32 (Prop_ramd32_CLK_O)
                                                      0.859     5.620 r  h1/Registers_reg_r2_0_31_0_5/RAMA/O
                         net (fo=1, routed)           0.252     5.872    h1/ReadData20_1[0]
    SLICE_X4Y3           LUT2 (Prop_lut2_I0_O)        0.168     6.040 r  h1/debug_write_OBUF[3]_inst_i_2/O
                         net (fo=1, routed)           0.375     6.415    j1/b[0]
    SLICE_X3Y3           CARRY4 (Prop_carry4_CYINIT_O[2])
                                                      0.353     6.768 r  j1/debug_write_OBUF[3]_inst_i_1/O[2]
                         net (fo=3, routed)           0.490     7.258    h1/Registers_reg_r1_0_31_0_5/DIB0
    SLICE_X2Y3           RAMD32                                       r  h1/Registers_reg_r1_0_31_0_5/RAMB/I
  -------------------------------------------------------------------    -------------------

                         (clock clk rise edge)       10.000    10.000 r  
    P23                                               0.000    10.000 r  clk (IN)
                         net (fo=0)                   0.000    10.000    clk
    P23                  IBUF (Prop_ibuf_I_O)         0.769    10.769 r  clk_IBUF_inst/O
                         net (fo=1, routed)           2.040    12.809    clk_IBUF
    BUFGCTRL_X0Y0        BUFG (Prop_bufg_I_O)         0.113    12.922 r  clk_IBUF_BUFG_inst/O
                         net (fo=16, routed)          1.544    14.466    h1/Registers_reg_r1_0_31_0_5/WCLK
    SLICE_X2Y3           RAMD32                                       r  h1/Registers_reg_r1_0_31_0_5/RAMB/CLK
                         clock pessimism              0.273    14.739    
                         clock uncertainty           -0.035    14.704    
    SLICE_X2Y3           RAMD32 (Setup_ramd32_CLK_I)
                                                     -0.228    14.476    h1/Registers_reg_r1_0_31_0_5/RAMB
  -------------------------------------------------------------------
                         required time                         14.476    
                         arrival time                          -7.258    
  -------------------------------------------------------------------
                         slack                                  7.218    

Slack (MET) :             7.245ns  (required time - arrival time)
  Source:                 h1/Registers_reg_r2_0_31_0_5/RAMA/CLK
                            (rising edge-triggered cell RAMD32 clocked by clk  {rise@0.000ns fall@5.000ns period=10.000ns})
  Destination:            h1/Registers_reg_r2_0_31_0_5/RAMA_D1/I
                            (rising edge-triggered cell RAMD32 clocked by clk  {rise@0.000ns fall@5.000ns period=10.000ns})
  Path Group:             clk
  Path Type:              Setup (Max at Slow Process Corner)
  Requirement:            10.000ns  (clk rise@10.000ns - clk rise@0.000ns)
  Data Path Delay:        2.454ns  (logic 1.417ns (57.732%)  route 1.037ns (42.268%))
  Logic Levels:           2  (CARRY4=1 LUT2=1)
  Clock Path Skew:        0.000ns (DCD - SCD + CPR)
    Destination Clock Delay (DCD):    4.466ns = ( 14.466 - 10.000 ) 
    Source Clock Delay      (SCD):    4.761ns
    Clock Pessimism Removal (CPR):    0.295ns
  Clock Uncertainty:      0.035ns  ((TSJ^2 + TIJ^2)^1/2 + DJ) / 2 + PE
    Total System Jitter     (TSJ):    0.071ns
    Total Input Jitter      (TIJ):    0.000ns
    Discrete Jitter          (DJ):    0.000ns
    Phase Error              (PE):    0.000ns

    Location             Delay type                Incr(ns)  Path(ns)    Netlist Resource(s)
  -------------------------------------------------------------------    -------------------
                         (clock clk rise edge)        0.000     0.000 r  
    P23                                               0.000     0.000 r  clk (IN)
                         net (fo=0)                   0.000     0.000    clk
    P23                  IBUF (Prop_ibuf_I_O)         0.845     0.845 r  clk_IBUF_inst/O
                         net (fo=1, routed)           2.140     2.985    clk_IBUF
    BUFGCTRL_X0Y0        BUFG (Prop_bufg_I_O)         0.120     3.105 r  clk_IBUF_BUFG_inst/O
                         net (fo=16, routed)          1.656     4.761    h1/Registers_reg_r2_0_31_0_5/WCLK
    SLICE_X2Y4           RAMD32                                       r  h1/Registers_reg_r2_0_31_0_5/RAMA/CLK
  -------------------------------------------------------------------    -------------------
    SLICE_X2Y4           RAMD32 (Prop_ramd32_CLK_O)
                                                      0.859     5.620 r  h1/Registers_reg_r2_0_31_0_5/RAMA/O
                         net (fo=1, routed)           0.252     5.872    h1/ReadData20_1[0]
    SLICE_X4Y3           LUT2 (Prop_lut2_I0_O)        0.168     6.040 r  h1/debug_write_OBUF[3]_inst_i_2/O
                         net (fo=1, routed)           0.375     6.415    j1/b[0]
    SLICE_X3Y3           CARRY4 (Prop_carry4_CYINIT_O[1])
                                                      0.390     6.805 r  j1/debug_write_OBUF[3]_inst_i_1/O[1]
                         net (fo=3, routed)           0.411     7.215    h1/Registers_reg_r2_0_31_0_5/DIA1
    SLICE_X2Y4           RAMD32                                       r  h1/Registers_reg_r2_0_31_0_5/RAMA_D1/I
  -------------------------------------------------------------------    -------------------

                         (clock clk rise edge)       10.000    10.000 r  
    P23                                               0.000    10.000 r  clk (IN)
                         net (fo=0)                   0.000    10.000    clk
    P23                  IBUF (Prop_ibuf_I_O)         0.769    10.769 r  clk_IBUF_inst/O
                         net (fo=1, routed)           2.040    12.809    clk_IBUF
    BUFGCTRL_X0Y0        BUFG (Prop_bufg_I_O)         0.113    12.922 r  clk_IBUF_BUFG_inst/O
                         net (fo=16, routed)          1.544    14.466    h1/Registers_reg_r2_0_31_0_5/WCLK
    SLICE_X2Y4           RAMD32                                       r  h1/Registers_reg_r2_0_31_0_5/RAMA_D1/CLK
                         clock pessimism              0.295    14.761    
                         clock uncertainty           -0.035    14.726    
    SLICE_X2Y4           RAMD32 (Setup_ramd32_CLK_I)
                                                     -0.265    14.461    h1/Registers_reg_r2_0_31_0_5/RAMA_D1
  -------------------------------------------------------------------
                         required time                         14.461    
                         arrival time                          -7.215    
  -------------------------------------------------------------------
                         slack                                  7.245    

Slack (MET) :             7.306ns  (required time - arrival time)
  Source:                 h1/Registers_reg_r2_0_31_0_5/RAMA/CLK
                            (rising edge-triggered cell RAMD32 clocked by clk  {rise@0.000ns fall@5.000ns period=10.000ns})
  Destination:            h1/Registers_reg_r1_0_31_0_5/RAMC/I
                            (rising edge-triggered cell RAMD32 clocked by clk  {rise@0.000ns fall@5.000ns period=10.000ns})
  Path Group:             clk
  Path Type:              Setup (Max at Slow Process Corner)
  Requirement:            10.000ns  (clk rise@10.000ns - clk rise@0.000ns)
  Data Path Delay:        2.403ns  (logic 1.512ns (62.930%)  route 0.891ns (37.070%))
  Logic Levels:           3  (CARRY4=2 LUT2=1)
  Clock Path Skew:        -0.022ns (DCD - SCD + CPR)
    Destination Clock Delay (DCD):    4.466ns = ( 14.466 - 10.000 ) 
    Source Clock Delay      (SCD):    4.761ns
    Clock Pessimism Removal (CPR):    0.273ns
  Clock Uncertainty:      0.035ns  ((TSJ^2 + TIJ^2)^1/2 + DJ) / 2 + PE
    Total System Jitter     (TSJ):    0.071ns
    Total Input Jitter      (TIJ):    0.000ns
    Discrete Jitter          (DJ):    0.000ns
    Phase Error              (PE):    0.000ns

    Location             Delay type                Incr(ns)  Path(ns)    Netlist Resource(s)
  -------------------------------------------------------------------    -------------------
                         (clock clk rise edge)        0.000     0.000 r  
    P23                                               0.000     0.000 r  clk (IN)
                         net (fo=0)                   0.000     0.000    clk
    P23                  IBUF (Prop_ibuf_I_O)         0.845     0.845 r  clk_IBUF_inst/O
                         net (fo=1, routed)           2.140     2.985    clk_IBUF
    BUFGCTRL_X0Y0        BUFG (Prop_bufg_I_O)         0.120     3.105 r  clk_IBUF_BUFG_inst/O
                         net (fo=16, routed)          1.656     4.761    h1/Registers_reg_r2_0_31_0_5/WCLK
    SLICE_X2Y4           RAMD32                                       r  h1/Registers_reg_r2_0_31_0_5/RAMA/CLK
  -------------------------------------------------------------------    -------------------
    SLICE_X2Y4           RAMD32 (Prop_ramd32_CLK_O)
                                                      0.859     5.620 r  h1/Registers_reg_r2_0_31_0_5/RAMA/O
                         net (fo=1, routed)           0.252     5.872    h1/ReadData20_1[0]
    SLICE_X4Y3           LUT2 (Prop_lut2_I0_O)        0.168     6.040 r  h1/debug_write_OBUF[3]_inst_i_2/O
                         net (fo=1, routed)           0.375     6.415    j1/b[0]
    SLICE_X3Y3           CARRY4 (Prop_carry4_CYINIT_CO[3])
                                                      0.346     6.761 r  j1/debug_write_OBUF[3]_inst_i_1/CO[3]
                         net (fo=1, routed)           0.000     6.761    j1/debug_write_OBUF[3]_inst_i_1_n_0
    SLICE_X3Y4           CARRY4 (Prop_carry4_CI_O[0])
                                                      0.139     6.900 r  j1/debug_write_OBUF[6]_inst_i_1/O[0]
                         net (fo=3, routed)           0.264     7.164    h1/Registers_reg_r1_0_31_0_5/DIC0
    SLICE_X2Y3           RAMD32                                       r  h1/Registers_reg_r1_0_31_0_5/RAMC/I
  -------------------------------------------------------------------    -------------------

                         (clock clk rise edge)       10.000    10.000 r  
    P23                                               0.000    10.000 r  clk (IN)
                         net (fo=0)                   0.000    10.000    clk
    P23                  IBUF (Prop_ibuf_I_O)         0.769    10.769 r  clk_IBUF_inst/O
                         net (fo=1, routed)           2.040    12.809    clk_IBUF
    BUFGCTRL_X0Y0        BUFG (Prop_bufg_I_O)         0.113    12.922 r  clk_IBUF_BUFG_inst/O
                         net (fo=16, routed)          1.544    14.466    h1/Registers_reg_r1_0_31_0_5/WCLK
    SLICE_X2Y3           RAMD32                                       r  h1/Registers_reg_r1_0_31_0_5/RAMC/CLK
                         clock pessimism              0.273    14.739    
                         clock uncertainty           -0.035    14.704    
    SLICE_X2Y3           RAMD32 (Setup_ramd32_CLK_I)
                                                     -0.234    14.470    h1/Registers_reg_r1_0_31_0_5/RAMC
  -------------------------------------------------------------------
                         required time                         14.470    
                         arrival time                          -7.164    
  -------------------------------------------------------------------
                         slack                                  7.306    

Slack (MET) :             7.325ns  (required time - arrival time)
  Source:                 h1/Registers_reg_r2_0_31_0_5/RAMA/CLK
                            (rising edge-triggered cell RAMD32 clocked by clk  {rise@0.000ns fall@5.000ns period=10.000ns})
  Destination:            h1/Registers_reg_r2_0_31_0_5/RAMA/I
                            (rising edge-triggered cell RAMD32 clocked by clk  {rise@0.000ns fall@5.000ns period=10.000ns})
  Path Group:             clk
  Path Type:              Setup (Max at Slow Process Corner)
  Requirement:            10.000ns  (clk rise@10.000ns - clk rise@0.000ns)
  Data Path Delay:        2.424ns  (logic 1.335ns (55.067%)  route 1.089ns (44.933%))
  Logic Levels:           2  (CARRY4=1 LUT2=1)
  Clock Path Skew:        0.000ns (DCD - SCD + CPR)
    Destination Clock Delay (DCD):    4.466ns = ( 14.466 - 10.000 ) 
    Source Clock Delay      (SCD):    4.761ns
    Clock Pessimism Removal (CPR):    0.295ns
  Clock Uncertainty:      0.035ns  ((TSJ^2 + TIJ^2)^1/2 + DJ) / 2 + PE
    Total System Jitter     (TSJ):    0.071ns
    Total Input Jitter      (TIJ):    0.000ns
    Discrete Jitter          (DJ):    0.000ns
    Phase Error              (PE):    0.000ns

    Location             Delay type                Incr(ns)  Path(ns)    Netlist Resource(s)
  -------------------------------------------------------------------    -------------------
                         (clock clk rise edge)        0.000     0.000 r  
    P23                                               0.000     0.000 r  clk (IN)
                         net (fo=0)                   0.000     0.000    clk
    P23                  IBUF (Prop_ibuf_I_O)         0.845     0.845 r  clk_IBUF_inst/O
                         net (fo=1, routed)           2.140     2.985    clk_IBUF
    BUFGCTRL_X0Y0        BUFG (Prop_bufg_I_O)         0.120     3.105 r  clk_IBUF_BUFG_inst/O
                         net (fo=16, routed)          1.656     4.761    h1/Registers_reg_r2_0_31_0_5/WCLK
    SLICE_X2Y4           RAMD32                                       r  h1/Registers_reg_r2_0_31_0_5/RAMA/CLK
  -------------------------------------------------------------------    -------------------
    SLICE_X2Y4           RAMD32 (Prop_ramd32_CLK_O)
                                                      0.859     5.620 r  h1/Registers_reg_r2_0_31_0_5/RAMA/O
                         net (fo=1, routed)           0.252     5.872    h1/ReadData20_1[0]
    SLICE_X4Y3           LUT2 (Prop_lut2_I0_O)        0.168     6.040 r  h1/debug_write_OBUF[3]_inst_i_2/O
                         net (fo=1, routed)           0.375     6.415    j1/b[0]
    SLICE_X3Y3           CARRY4 (Prop_carry4_CYINIT_O[0])
                                                      0.308     6.723 r  j1/debug_write_OBUF[3]_inst_i_1/O[0]
                         net (fo=3, routed)           0.463     7.185    h1/Registers_reg_r2_0_31_0_5/DIA0
    SLICE_X2Y4           RAMD32                                       r  h1/Registers_reg_r2_0_31_0_5/RAMA/I
  -------------------------------------------------------------------    -------------------

                         (clock clk rise edge)       10.000    10.000 r  
    P23                                               0.000    10.000 r  clk (IN)
                         net (fo=0)                   0.000    10.000    clk
    P23                  IBUF (Prop_ibuf_I_O)         0.769    10.769 r  clk_IBUF_inst/O
                         net (fo=1, routed)           2.040    12.809    clk_IBUF
    BUFGCTRL_X0Y0        BUFG (Prop_bufg_I_O)         0.113    12.922 r  clk_IBUF_BUFG_inst/O
                         net (fo=16, routed)          1.544    14.466    h1/Registers_reg_r2_0_31_0_5/WCLK
    SLICE_X2Y4           RAMD32                                       r  h1/Registers_reg_r2_0_31_0_5/RAMA/CLK
                         clock pessimism              0.295    14.761    
                         clock uncertainty           -0.035    14.726    
    SLICE_X2Y4           RAMD32 (Setup_ramd32_CLK_I)
                                                     -0.215    14.511    h1/Registers_reg_r2_0_31_0_5/RAMA
  -------------------------------------------------------------------
                         required time                         14.511    
                         arrival time                          -7.185    
  -------------------------------------------------------------------
                         slack                                  7.325    

Slack (MET) :             7.333ns  (required time - arrival time)
  Source:                 h1/Registers_reg_r2_0_31_0_5/RAMA/CLK
                            (rising edge-triggered cell RAMD32 clocked by clk  {rise@0.000ns fall@5.000ns period=10.000ns})
  Destination:            h1/Registers_reg_r2_0_31_0_5/RAMB/I
                            (rising edge-triggered cell RAMD32 clocked by clk  {rise@0.000ns fall@5.000ns period=10.000ns})
  Path Group:             clk
  Path Type:              Setup (Max at Slow Process Corner)
  Requirement:            10.000ns  (clk rise@10.000ns - clk rise@0.000ns)
  Data Path Delay:        2.403ns  (logic 1.380ns (57.418%)  route 1.023ns (42.582%))
  Logic Levels:           2  (CARRY4=1 LUT2=1)
  Clock Path Skew:        0.000ns (DCD - SCD + CPR)
    Destination Clock Delay (DCD):    4.466ns = ( 14.466 - 10.000 ) 
    Source Clock Delay      (SCD):    4.761ns
    Clock Pessimism Removal (CPR):    0.295ns
  Clock Uncertainty:      0.035ns  ((TSJ^2 + TIJ^2)^1/2 + DJ) / 2 + PE
    Total System Jitter     (TSJ):    0.071ns
    Total Input Jitter      (TIJ):    0.000ns
    Discrete Jitter          (DJ):    0.000ns
    Phase Error              (PE):    0.000ns

    Location             Delay type                Incr(ns)  Path(ns)    Netlist Resource(s)
  -------------------------------------------------------------------    -------------------
                         (clock clk rise edge)        0.000     0.000 r  
    P23                                               0.000     0.000 r  clk (IN)
                         net (fo=0)                   0.000     0.000    clk
    P23                  IBUF (Prop_ibuf_I_O)         0.845     0.845 r  clk_IBUF_inst/O
                         net (fo=1, routed)           2.140     2.985    clk_IBUF
    BUFGCTRL_X0Y0        BUFG (Prop_bufg_I_O)         0.120     3.105 r  clk_IBUF_BUFG_inst/O
                         net (fo=16, routed)          1.656     4.761    h1/Registers_reg_r2_0_31_0_5/WCLK
    SLICE_X2Y4           RAMD32                                       r  h1/Registers_reg_r2_0_31_0_5/RAMA/CLK
  -------------------------------------------------------------------    -------------------
    SLICE_X2Y4           RAMD32 (Prop_ramd32_CLK_O)
                                                      0.859     5.620 r  h1/Registers_reg_r2_0_31_0_5/RAMA/O
                         net (fo=1, routed)           0.252     5.872    h1/ReadData20_1[0]
    SLICE_X4Y3           LUT2 (Prop_lut2_I0_O)        0.168     6.040 r  h1/debug_write_OBUF[3]_inst_i_2/O
                         net (fo=1, routed)           0.375     6.415    j1/b[0]
    SLICE_X3Y3           CARRY4 (Prop_carry4_CYINIT_O[2])
                                                      0.353     6.768 r  j1/debug_write_OBUF[3]_inst_i_1/O[2]
                         net (fo=3, routed)           0.397     7.164    h1/Registers_reg_r2_0_31_0_5/DIB0
    SLICE_X2Y4           RAMD32                                       r  h1/Registers_reg_r2_0_31_0_5/RAMB/I
  -------------------------------------------------------------------    -------------------

                         (clock clk rise edge)       10.000    10.000 r  
    P23                                               0.000    10.000 r  clk (IN)
                         net (fo=0)                   0.000    10.000    clk
    P23                  IBUF (Prop_ibuf_I_O)         0.769    10.769 r  clk_IBUF_inst/O
                         net (fo=1, routed)           2.040    12.809    clk_IBUF
    BUFGCTRL_X0Y0        BUFG (Prop_bufg_I_O)         0.113    12.922 r  clk_IBUF_BUFG_inst/O
                         net (fo=16, routed)          1.544    14.466    h1/Registers_reg_r2_0_31_0_5/WCLK
    SLICE_X2Y4           RAMD32                                       r  h1/Registers_reg_r2_0_31_0_5/RAMB/CLK
                         clock pessimism              0.295    14.761    
                         clock uncertainty           -0.035    14.726    
    SLICE_X2Y4           RAMD32 (Setup_ramd32_CLK_I)
                                                     -0.228    14.498    h1/Registers_reg_r2_0_31_0_5/RAMB
  -------------------------------------------------------------------
                         required time                         14.498    
                         arrival time                          -7.164    
  -------------------------------------------------------------------
                         slack                                  7.333    

Slack (MET) :             7.364ns  (required time - arrival time)
  Source:                 h1/Registers_reg_r2_0_31_0_5/RAMA/CLK
                            (rising edge-triggered cell RAMD32 clocked by clk  {rise@0.000ns fall@5.000ns period=10.000ns})
  Destination:            h1/Registers_reg_r1_0_31_0_5/RAMA_D1/I
                            (rising edge-triggered cell RAMD32 clocked by clk  {rise@0.000ns fall@5.000ns period=10.000ns})
  Path Group:             clk
  Path Type:              Setup (Max at Slow Process Corner)
  Requirement:            10.000ns  (clk rise@10.000ns - clk rise@0.000ns)
  Data Path Delay:        2.314ns  (logic 1.417ns (61.242%)  route 0.897ns (38.758%))
  Logic Levels:           2  (CARRY4=1 LUT2=1)
  Clock Path Skew:        -0.022ns (DCD - SCD + CPR)
    Destination Clock Delay (DCD):    4.466ns = ( 14.466 - 10.000 ) 
    Source Clock Delay      (SCD):    4.761ns
    Clock Pessimism Removal (CPR):    0.273ns
  Clock Uncertainty:      0.035ns  ((TSJ^2 + TIJ^2)^1/2 + DJ) / 2 + PE
    Total System Jitter     (TSJ):    0.071ns
    Total Input Jitter      (TIJ):    0.000ns
    Discrete Jitter          (DJ):    0.000ns
    Phase Error              (PE):    0.000ns

    Location             Delay type                Incr(ns)  Path(ns)    Netlist Resource(s)
  -------------------------------------------------------------------    -------------------
                         (clock clk rise edge)        0.000     0.000 r  
    P23                                               0.000     0.000 r  clk (IN)
                         net (fo=0)                   0.000     0.000    clk
    P23                  IBUF (Prop_ibuf_I_O)         0.845     0.845 r  clk_IBUF_inst/O
                         net (fo=1, routed)           2.140     2.985    clk_IBUF
    BUFGCTRL_X0Y0        BUFG (Prop_bufg_I_O)         0.120     3.105 r  clk_IBUF_BUFG_inst/O
                         net (fo=16, routed)          1.656     4.761    h1/Registers_reg_r2_0_31_0_5/WCLK
    SLICE_X2Y4           RAMD32                                       r  h1/Registers_reg_r2_0_31_0_5/RAMA/CLK
  -------------------------------------------------------------------    -------------------
    SLICE_X2Y4           RAMD32 (Prop_ramd32_CLK_O)
                                                      0.859     5.620 r  h1/Registers_reg_r2_0_31_0_5/RAMA/O
                         net (fo=1, routed)           0.252     5.872    h1/ReadData20_1[0]
    SLICE_X4Y3           LUT2 (Prop_lut2_I0_O)        0.168     6.040 r  h1/debug_write_OBUF[3]_inst_i_2/O
                         net (fo=1, routed)           0.375     6.415    j1/b[0]
    SLICE_X3Y3           CARRY4 (Prop_carry4_CYINIT_O[1])
                                                      0.390     6.805 r  j1/debug_write_OBUF[3]_inst_i_1/O[1]
                         net (fo=3, routed)           0.270     7.075    h1/Registers_reg_r1_0_31_0_5/DIA1
    SLICE_X2Y3           RAMD32                                       r  h1/Registers_reg_r1_0_31_0_5/RAMA_D1/I
  -------------------------------------------------------------------    -------------------

                         (clock clk rise edge)       10.000    10.000 r  
    P23                                               0.000    10.000 r  clk (IN)
                         net (fo=0)                   0.000    10.000    clk
    P23                  IBUF (Prop_ibuf_I_O)         0.769    10.769 r  clk_IBUF_inst/O
                         net (fo=1, routed)           2.040    12.809    clk_IBUF
    BUFGCTRL_X0Y0        BUFG (Prop_bufg_I_O)         0.113    12.922 r  clk_IBUF_BUFG_inst/O
                         net (fo=16, routed)          1.544    14.466    h1/Registers_reg_r1_0_31_0_5/WCLK
    SLICE_X2Y3           RAMD32                                       r  h1/Registers_reg_r1_0_31_0_5/RAMA_D1/CLK
                         clock pessimism              0.273    14.739    
                         clock uncertainty           -0.035    14.704    
    SLICE_X2Y3           RAMD32 (Setup_ramd32_CLK_I)
                                                     -0.265    14.439    h1/Registers_reg_r1_0_31_0_5/RAMA_D1
  -------------------------------------------------------------------
                         required time                         14.439    
                         arrival time                          -7.075    
  -------------------------------------------------------------------
                         slack                                  7.364    

Slack (MET) :             7.403ns  (required time - arrival time)
  Source:                 h1/Registers_reg_r2_0_31_0_5/RAMA/CLK
                            (rising edge-triggered cell RAMD32 clocked by clk  {rise@0.000ns fall@5.000ns period=10.000ns})
  Destination:            h1/Registers_reg_r2_0_31_0_5/RAMB_D1/I
                            (rising edge-triggered cell RAMD32 clocked by clk  {rise@0.000ns fall@5.000ns period=10.000ns})
  Path Group:             clk
  Path Type:              Setup (Max at Slow Process Corner)
  Requirement:            10.000ns  (clk rise@10.000ns - clk rise@0.000ns)
  Data Path Delay:        2.314ns  (logic 1.421ns (61.411%)  route 0.893ns (38.589%))
  Logic Levels:           2  (CARRY4=1 LUT2=1)
  Clock Path Skew:        0.000ns (DCD - SCD + CPR)
    Destination Clock Delay (DCD):    4.466ns = ( 14.466 - 10.000 ) 
    Source Clock Delay      (SCD):    4.761ns
    Clock Pessimism Removal (CPR):    0.295ns
  Clock Uncertainty:      0.035ns  ((TSJ^2 + TIJ^2)^1/2 + DJ) / 2 + PE
    Total System Jitter     (TSJ):    0.071ns
    Total Input Jitter      (TIJ):    0.000ns
    Discrete Jitter          (DJ):    0.000ns
    Phase Error              (PE):    0.000ns

    Location             Delay type                Incr(ns)  Path(ns)    Netlist Resource(s)
  -------------------------------------------------------------------    -------------------
                         (clock clk rise edge)        0.000     0.000 r  
    P23                                               0.000     0.000 r  clk (IN)
                         net (fo=0)                   0.000     0.000    clk
    P23                  IBUF (Prop_ibuf_I_O)         0.845     0.845 r  clk_IBUF_inst/O
                         net (fo=1, routed)           2.140     2.985    clk_IBUF
    BUFGCTRL_X0Y0        BUFG (Prop_bufg_I_O)         0.120     3.105 r  clk_IBUF_BUFG_inst/O
                         net (fo=16, routed)          1.656     4.761    h1/Registers_reg_r2_0_31_0_5/WCLK
    SLICE_X2Y4           RAMD32                                       r  h1/Registers_reg_r2_0_31_0_5/RAMA/CLK
  -------------------------------------------------------------------    -------------------
    SLICE_X2Y4           RAMD32 (Prop_ramd32_CLK_O)
                                                      0.859     5.620 r  h1/Registers_reg_r2_0_31_0_5/RAMA/O
                         net (fo=1, routed)           0.252     5.872    h1/ReadData20_1[0]
    SLICE_X4Y3           LUT2 (Prop_lut2_I0_O)        0.168     6.040 r  h1/debug_write_OBUF[3]_inst_i_2/O
                         net (fo=1, routed)           0.375     6.415    j1/b[0]
    SLICE_X3Y3           CARRY4 (Prop_carry4_CYINIT_O[3])
                                                      0.394     6.809 r  j1/debug_write_OBUF[3]_inst_i_1/O[3]
                         net (fo=3, routed)           0.266     7.075    h1/Registers_reg_r2_0_31_0_5/DIB1
    SLICE_X2Y4           RAMD32                                       r  h1/Registers_reg_r2_0_31_0_5/RAMB_D1/I
  -------------------------------------------------------------------    -------------------

                         (clock clk rise edge)       10.000    10.000 r  
    P23                                               0.000    10.000 r  clk (IN)
                         net (fo=0)                   0.000    10.000    clk
    P23                  IBUF (Prop_ibuf_I_O)         0.769    10.769 r  clk_IBUF_inst/O
                         net (fo=1, routed)           2.040    12.809    clk_IBUF
    BUFGCTRL_X0Y0        BUFG (Prop_bufg_I_O)         0.113    12.922 r  clk_IBUF_BUFG_inst/O
                         net (fo=16, routed)          1.544    14.466    h1/Registers_reg_r2_0_31_0_5/WCLK
    SLICE_X2Y4           RAMD32                                       r  h1/Registers_reg_r2_0_31_0_5/RAMB_D1/CLK
                         clock pessimism              0.295    14.761    
                         clock uncertainty           -0.035    14.726    
    SLICE_X2Y4           RAMD32 (Setup_ramd32_CLK_I)
                                                     -0.248    14.478    h1/Registers_reg_r2_0_31_0_5/RAMB_D1
  -------------------------------------------------------------------
                         required time                         14.478    
                         arrival time                          -7.075    
  -------------------------------------------------------------------
                         slack                                  7.403    

Slack (MET) :             7.427ns  (required time - arrival time)
  Source:                 h1/Registers_reg_r2_0_31_0_5/RAMA/CLK
                            (rising edge-triggered cell RAMD32 clocked by clk  {rise@0.000ns fall@5.000ns period=10.000ns})
  Destination:            h1/Registers_reg_r2_0_31_0_5/RAMC/I
                            (rising edge-triggered cell RAMD32 clocked by clk  {rise@0.000ns fall@5.000ns period=10.000ns})
  Path Group:             clk
  Path Type:              Setup (Max at Slow Process Corner)
  Requirement:            10.000ns  (clk rise@10.000ns - clk rise@0.000ns)
  Data Path Delay:        2.303ns  (logic 1.512ns (65.642%)  route 0.791ns (34.358%))
  Logic Levels:           3  (CARRY4=2 LUT2=1)
  Clock Path Skew:        0.000ns (DCD - SCD + CPR)
    Destination Clock Delay (DCD):    4.466ns = ( 14.466 - 10.000 ) 
    Source Clock Delay      (SCD):    4.761ns
    Clock Pessimism Removal (CPR):    0.295ns
  Clock Uncertainty:      0.035ns  ((TSJ^2 + TIJ^2)^1/2 + DJ) / 2 + PE
    Total System Jitter     (TSJ):    0.071ns
    Total Input Jitter      (TIJ):    0.000ns
    Discrete Jitter          (DJ):    0.000ns
    Phase Error              (PE):    0.000ns

    Location             Delay type                Incr(ns)  Path(ns)    Netlist Resource(s)
  -------------------------------------------------------------------    -------------------
                         (clock clk rise edge)        0.000     0.000 r  
    P23                                               0.000     0.000 r  clk (IN)
                         net (fo=0)                   0.000     0.000    clk
    P23                  IBUF (Prop_ibuf_I_O)         0.845     0.845 r  clk_IBUF_inst/O
                         net (fo=1, routed)           2.140     2.985    clk_IBUF
    BUFGCTRL_X0Y0        BUFG (Prop_bufg_I_O)         0.120     3.105 r  clk_IBUF_BUFG_inst/O
                         net (fo=16, routed)          1.656     4.761    h1/Registers_reg_r2_0_31_0_5/WCLK
    SLICE_X2Y4           RAMD32                                       r  h1/Registers_reg_r2_0_31_0_5/RAMA/CLK
  -------------------------------------------------------------------    -------------------
    SLICE_X2Y4           RAMD32 (Prop_ramd32_CLK_O)
                                                      0.859     5.620 r  h1/Registers_reg_r2_0_31_0_5/RAMA/O
                         net (fo=1, routed)           0.252     5.872    h1/ReadData20_1[0]
    SLICE_X4Y3           LUT2 (Prop_lut2_I0_O)        0.168     6.040 r  h1/debug_write_OBUF[3]_inst_i_2/O
                         net (fo=1, routed)           0.375     6.415    j1/b[0]
    SLICE_X3Y3           CARRY4 (Prop_carry4_CYINIT_CO[3])
                                                      0.346     6.761 r  j1/debug_write_OBUF[3]_inst_i_1/CO[3]
                         net (fo=1, routed)           0.000     6.761    j1/debug_write_OBUF[3]_inst_i_1_n_0
    SLICE_X3Y4           CARRY4 (Prop_carry4_CI_O[0])
                                                      0.139     6.900 r  j1/debug_write_OBUF[6]_inst_i_1/O[0]
                         net (fo=3, routed)           0.165     7.064    h1/Registers_reg_r2_0_31_0_5/DIC0
    SLICE_X2Y4           RAMD32                                       r  h1/Registers_reg_r2_0_31_0_5/RAMC/I
  -------------------------------------------------------------------    -------------------

                         (clock clk rise edge)       10.000    10.000 r  
    P23                                               0.000    10.000 r  clk (IN)
                         net (fo=0)                   0.000    10.000    clk
    P23                  IBUF (Prop_ibuf_I_O)         0.769    10.769 r  clk_IBUF_inst/O
                         net (fo=1, routed)           2.040    12.809    clk_IBUF
    BUFGCTRL_X0Y0        BUFG (Prop_bufg_I_O)         0.113    12.922 r  clk_IBUF_BUFG_inst/O
                         net (fo=16, routed)          1.544    14.466    h1/Registers_reg_r2_0_31_0_5/WCLK
    SLICE_X2Y4           RAMD32                                       r  h1/Registers_reg_r2_0_31_0_5/RAMC/CLK
                         clock pessimism              0.295    14.761    
                         clock uncertainty           -0.035    14.726    
    SLICE_X2Y4           RAMD32 (Setup_ramd32_CLK_I)
                                                     -0.234    14.492    h1/Registers_reg_r2_0_31_0_5/RAMC
  -------------------------------------------------------------------
                         required time                         14.492    
                         arrival time                          -7.064    
  -------------------------------------------------------------------
                         slack                                  7.427    





Min Delay Paths
--------------------------------------------------------------------------------------
Slack (MET) :             0.483ns  (arrival time - required time)
  Source:                 h1/Registers_reg_r2_0_31_0_5/RAMB_D1/CLK
                            (rising edge-triggered cell RAMD32 clocked by clk  {rise@0.000ns fall@5.000ns period=10.000ns})
  Destination:            h1/Registers_reg_r1_0_31_0_5/RAMB_D1/I
                            (rising edge-triggered cell RAMD32 clocked by clk  {rise@0.000ns fall@5.000ns period=10.000ns})
  Path Group:             clk
  Path Type:              Hold (Min at Fast Process Corner)
  Requirement:            0.000ns  (clk rise@0.000ns - clk rise@0.000ns)
  Data Path Delay:        0.572ns  (logic 0.374ns (65.438%)  route 0.198ns (34.562%))
  Logic Levels:           2  (CARRY4=1 LUT3=1)
  Clock Path Skew:        0.014ns (DCD - SCD - CPR)
    Destination Clock Delay (DCD):    2.170ns
    Source Clock Delay      (SCD):    1.632ns
    Clock Pessimism Removal (CPR):    0.524ns

    Location             Delay type                Incr(ns)  Path(ns)    Netlist Resource(s)
  -------------------------------------------------------------------    -------------------
                         (clock clk rise edge)        0.000     0.000 r  
    P23                                               0.000     0.000 r  clk (IN)
                         net (fo=0)                   0.000     0.000    clk
    P23                  IBUF (Prop_ibuf_I_O)         0.109     0.109 r  clk_IBUF_inst/O
                         net (fo=1, routed)           0.863     0.972    clk_IBUF
    BUFGCTRL_X0Y0        BUFG (Prop_bufg_I_O)         0.026     0.998 r  clk_IBUF_BUFG_inst/O
                         net (fo=16, routed)          0.634     1.632    h1/Registers_reg_r2_0_31_0_5/WCLK
    SLICE_X2Y4           RAMD32                                       r  h1/Registers_reg_r2_0_31_0_5/RAMB_D1/CLK
  -------------------------------------------------------------------    -------------------
    SLICE_X2Y4           RAMD32 (Prop_ramd32_CLK_O)
                                                      0.297     1.929 r  h1/Registers_reg_r2_0_31_0_5/RAMB_D1/O
                         net (fo=1, routed)           0.123     2.052    j1/ReadData20[2]
    SLICE_X3Y3           LUT3 (Prop_lut3_I2_O)        0.028     2.080 r  j1/debug_write_OBUF[3]_inst_i_7/O
                         net (fo=1, routed)           0.000     2.080    j1/debug_write_OBUF[3]_inst_i_7_n_0
    SLICE_X3Y3           CARRY4 (Prop_carry4_S[3]_O[3])
                                                      0.049     2.129 r  j1/debug_write_OBUF[3]_inst_i_1/O[3]
                         net (fo=3, routed)           0.075     2.203    h1/Registers_reg_r1_0_31_0_5/DIB1
    SLICE_X2Y3           RAMD32                                       r  h1/Registers_reg_r1_0_31_0_5/RAMB_D1/I
  -------------------------------------------------------------------    -------------------

                         (clock clk rise edge)        0.000     0.000 r  
    P23                                               0.000     0.000 r  clk (IN)
                         net (fo=0)                   0.000     0.000    clk
    P23                  IBUF (Prop_ibuf_I_O)         0.357     0.357 r  clk_IBUF_inst/O
                         net (fo=1, routed)           0.928     1.285    clk_IBUF
    BUFGCTRL_X0Y0        BUFG (Prop_bufg_I_O)         0.030     1.315 r  clk_IBUF_BUFG_inst/O
                         net (fo=16, routed)          0.855     2.170    h1/Registers_reg_r1_0_31_0_5/WCLK
    SLICE_X2Y3           RAMD32                                       r  h1/Registers_reg_r1_0_31_0_5/RAMB_D1/CLK
                         clock pessimism             -0.524     1.646    
    SLICE_X2Y3           RAMD32 (Hold_ramd32_CLK_I)
                                                      0.075     1.721    h1/Registers_reg_r1_0_31_0_5/RAMB_D1
  -------------------------------------------------------------------
                         required time                         -1.721    
                         arrival time                           2.203    
  -------------------------------------------------------------------
                         slack                                  0.483    

Slack (MET) :             0.512ns  (arrival time - required time)
  Source:                 h1/Registers_reg_r1_0_31_0_5/RAMC/CLK
                            (rising edge-triggered cell RAMD32 clocked by clk  {rise@0.000ns fall@5.000ns period=10.000ns})
  Destination:            h1/Registers_reg_r2_0_31_0_5/RAMC/I
                            (rising edge-triggered cell RAMD32 clocked by clk  {rise@0.000ns fall@5.000ns period=10.000ns})
  Path Group:             clk
  Path Type:              Hold (Min at Fast Process Corner)
  Requirement:            0.000ns  (clk rise@0.000ns - clk rise@0.000ns)
  Data Path Delay:        0.617ns  (logic 0.419ns (67.883%)  route 0.198ns (32.117%))
  Logic Levels:           2  (CARRY4=1 LUT3=1)
  Clock Path Skew:        0.014ns (DCD - SCD - CPR)
    Destination Clock Delay (DCD):    2.170ns
    Source Clock Delay      (SCD):    1.632ns
    Clock Pessimism Removal (CPR):    0.524ns

    Location             Delay type                Incr(ns)  Path(ns)    Netlist Resource(s)
  -------------------------------------------------------------------    -------------------
                         (clock clk rise edge)        0.000     0.000 r  
    P23                                               0.000     0.000 r  clk (IN)
                         net (fo=0)                   0.000     0.000    clk
    P23                  IBUF (Prop_ibuf_I_O)         0.109     0.109 r  clk_IBUF_inst/O
                         net (fo=1, routed)           0.863     0.972    clk_IBUF
    BUFGCTRL_X0Y0        BUFG (Prop_bufg_I_O)         0.026     0.998 r  clk_IBUF_BUFG_inst/O
                         net (fo=16, routed)          0.634     1.632    h1/Registers_reg_r1_0_31_0_5/WCLK
    SLICE_X2Y3           RAMD32                                       r  h1/Registers_reg_r1_0_31_0_5/RAMC/CLK
  -------------------------------------------------------------------    -------------------
    SLICE_X2Y3           RAMD32 (Prop_ramd32_CLK_O)
                                                      0.296     1.928 r  h1/Registers_reg_r1_0_31_0_5/RAMC/O
                         net (fo=2, routed)           0.122     2.049    j1/ReadData10[3]
    SLICE_X3Y4           LUT3 (Prop_lut3_I0_O)        0.068     2.117 r  j1/debug_write_OBUF[6]_inst_i_5/O
                         net (fo=1, routed)           0.000     2.117    j1/debug_write_OBUF[6]_inst_i_5_n_0
    SLICE_X3Y4           CARRY4 (Prop_carry4_S[0]_O[0])
                                                      0.055     2.172 r  j1/debug_write_OBUF[6]_inst_i_1/O[0]
                         net (fo=3, routed)           0.077     2.249    h1/Registers_reg_r2_0_31_0_5/DIC0
    SLICE_X2Y4           RAMD32                                       r  h1/Registers_reg_r2_0_31_0_5/RAMC/I
  -------------------------------------------------------------------    -------------------

                         (clock clk rise edge)        0.000     0.000 r  
    P23                                               0.000     0.000 r  clk (IN)
                         net (fo=0)                   0.000     0.000    clk
    P23                  IBUF (Prop_ibuf_I_O)         0.357     0.357 r  clk_IBUF_inst/O
                         net (fo=1, routed)           0.928     1.285    clk_IBUF
    BUFGCTRL_X0Y0        BUFG (Prop_bufg_I_O)         0.030     1.315 r  clk_IBUF_BUFG_inst/O
                         net (fo=16, routed)          0.855     2.170    h1/Registers_reg_r2_0_31_0_5/WCLK
    SLICE_X2Y4           RAMD32                                       r  h1/Registers_reg_r2_0_31_0_5/RAMC/CLK
                         clock pessimism             -0.524     1.646    
    SLICE_X2Y4           RAMD32 (Hold_ramd32_CLK_I)
                                                      0.091     1.737    h1/Registers_reg_r2_0_31_0_5/RAMC
  -------------------------------------------------------------------
                         required time                         -1.737    
                         arrival time                           2.249    
  -------------------------------------------------------------------
                         slack                                  0.512    

Slack (MET) :             0.541ns  (arrival time - required time)
  Source:                 h1/Registers_reg_r2_0_31_0_5/RAMB_D1/CLK
                            (rising edge-triggered cell RAMD32 clocked by clk  {rise@0.000ns fall@5.000ns period=10.000ns})
  Destination:            h1/Registers_reg_r2_0_31_0_5/RAMB_D1/I
                            (rising edge-triggered cell RAMD32 clocked by clk  {rise@0.000ns fall@5.000ns period=10.000ns})
  Path Group:             clk
  Path Type:              Hold (Min at Fast Process Corner)
  Requirement:            0.000ns  (clk rise@0.000ns - clk rise@0.000ns)
  Data Path Delay:        0.616ns  (logic 0.374ns (60.732%)  route 0.242ns (39.268%))
  Logic Levels:           2  (CARRY4=1 LUT3=1)
  Clock Path Skew:        0.000ns (DCD - SCD - CPR)
    Destination Clock Delay (DCD):    2.170ns
    Source Clock Delay      (SCD):    1.632ns
    Clock Pessimism Removal (CPR):    0.538ns

    Location             Delay type                Incr(ns)  Path(ns)    Netlist Resource(s)
  -------------------------------------------------------------------    -------------------
                         (clock clk rise edge)        0.000     0.000 r  
    P23                                               0.000     0.000 r  clk (IN)
                         net (fo=0)                   0.000     0.000    clk
    P23                  IBUF (Prop_ibuf_I_O)         0.109     0.109 r  clk_IBUF_inst/O
                         net (fo=1, routed)           0.863     0.972    clk_IBUF
    BUFGCTRL_X0Y0        BUFG (Prop_bufg_I_O)         0.026     0.998 r  clk_IBUF_BUFG_inst/O
                         net (fo=16, routed)          0.634     1.632    h1/Registers_reg_r2_0_31_0_5/WCLK
    SLICE_X2Y4           RAMD32                                       r  h1/Registers_reg_r2_0_31_0_5/RAMB_D1/CLK
  -------------------------------------------------------------------    -------------------
    SLICE_X2Y4           RAMD32 (Prop_ramd32_CLK_O)
                                                      0.297     1.929 r  h1/Registers_reg_r2_0_31_0_5/RAMB_D1/O
                         net (fo=1, routed)           0.123     2.052    j1/ReadData20[2]
    SLICE_X3Y3           LUT3 (Prop_lut3_I2_O)        0.028     2.080 r  j1/debug_write_OBUF[3]_inst_i_7/O
                         net (fo=1, routed)           0.000     2.080    j1/debug_write_OBUF[3]_inst_i_7_n_0
    SLICE_X3Y3           CARRY4 (Prop_carry4_S[3]_O[3])
                                                      0.049     2.129 r  j1/debug_write_OBUF[3]_inst_i_1/O[3]
                         net (fo=3, routed)           0.119     2.248    h1/Registers_reg_r2_0_31_0_5/DIB1
    SLICE_X2Y4           RAMD32                                       r  h1/Registers_reg_r2_0_31_0_5/RAMB_D1/I
  -------------------------------------------------------------------    -------------------

                         (clock clk rise edge)        0.000     0.000 r  
    P23                                               0.000     0.000 r  clk (IN)
                         net (fo=0)                   0.000     0.000    clk
    P23                  IBUF (Prop_ibuf_I_O)         0.357     0.357 r  clk_IBUF_inst/O
                         net (fo=1, routed)           0.928     1.285    clk_IBUF
    BUFGCTRL_X0Y0        BUFG (Prop_bufg_I_O)         0.030     1.315 r  clk_IBUF_BUFG_inst/O
                         net (fo=16, routed)          0.855     2.170    h1/Registers_reg_r2_0_31_0_5/WCLK
    SLICE_X2Y4           RAMD32                                       r  h1/Registers_reg_r2_0_31_0_5/RAMB_D1/CLK
                         clock pessimism             -0.538     1.632    
    SLICE_X2Y4           RAMD32 (Hold_ramd32_CLK_I)
                                                      0.075     1.707    h1/Registers_reg_r2_0_31_0_5/RAMB_D1
  -------------------------------------------------------------------
                         required time                         -1.707    
                         arrival time                           2.248    
  -------------------------------------------------------------------
                         slack                                  0.541    

Slack (MET) :             0.562ns  (arrival time - required time)
  Source:                 h1/Registers_reg_r2_0_31_0_5/RAMC/CLK
                            (rising edge-triggered cell RAMD32 clocked by clk  {rise@0.000ns fall@5.000ns period=10.000ns})
  Destination:            h1/Registers_reg_r1_0_31_0_5/RAMC/I
                            (rising edge-triggered cell RAMD32 clocked by clk  {rise@0.000ns fall@5.000ns period=10.000ns})
  Path Group:             clk
  Path Type:              Hold (Min at Fast Process Corner)
  Requirement:            0.000ns  (clk rise@0.000ns - clk rise@0.000ns)
  Data Path Delay:        0.667ns  (logic 0.419ns (62.808%)  route 0.248ns (37.192%))
  Logic Levels:           2  (CARRY4=1 LUT3=1)
  Clock Path Skew:        0.014ns (DCD - SCD - CPR)
    Destination Clock Delay (DCD):    2.170ns
    Source Clock Delay      (SCD):    1.632ns
    Clock Pessimism Removal (CPR):    0.524ns

    Location             Delay type                Incr(ns)  Path(ns)    Netlist Resource(s)
  -------------------------------------------------------------------    -------------------
                         (clock clk rise edge)        0.000     0.000 r  
    P23                                               0.000     0.000 r  clk (IN)
                         net (fo=0)                   0.000     0.000    clk
    P23                  IBUF (Prop_ibuf_I_O)         0.109     0.109 r  clk_IBUF_inst/O
                         net (fo=1, routed)           0.863     0.972    clk_IBUF
    BUFGCTRL_X0Y0        BUFG (Prop_bufg_I_O)         0.026     0.998 r  clk_IBUF_BUFG_inst/O
                         net (fo=16, routed)          0.634     1.632    h1/Registers_reg_r2_0_31_0_5/WCLK
    SLICE_X2Y4           RAMD32                                       r  h1/Registers_reg_r2_0_31_0_5/RAMC/CLK
  -------------------------------------------------------------------    -------------------
    SLICE_X2Y4           RAMD32 (Prop_ramd32_CLK_O)
                                                      0.296     1.928 r  h1/Registers_reg_r2_0_31_0_5/RAMC/O
                         net (fo=1, routed)           0.128     2.056    j1/ReadData20[3]
    SLICE_X3Y4           LUT3 (Prop_lut3_I2_O)        0.068     2.124 r  j1/debug_write_OBUF[6]_inst_i_5/O
                         net (fo=1, routed)           0.000     2.124    j1/debug_write_OBUF[6]_inst_i_5_n_0
    SLICE_X3Y4           CARRY4 (Prop_carry4_S[0]_O[0])
                                                      0.055     2.179 r  j1/debug_write_OBUF[6]_inst_i_1/O[0]
                         net (fo=3, routed)           0.120     2.299    h1/Registers_reg_r1_0_31_0_5/DIC0
    SLICE_X2Y3           RAMD32                                       r  h1/Registers_reg_r1_0_31_0_5/RAMC/I
  -------------------------------------------------------------------    -------------------

                         (clock clk rise edge)        0.000     0.000 r  
    P23                                               0.000     0.000 r  clk (IN)
                         net (fo=0)                   0.000     0.000    clk
    P23                  IBUF (Prop_ibuf_I_O)         0.357     0.357 r  clk_IBUF_inst/O
                         net (fo=1, routed)           0.928     1.285    clk_IBUF
    BUFGCTRL_X0Y0        BUFG (Prop_bufg_I_O)         0.030     1.315 r  clk_IBUF_BUFG_inst/O
                         net (fo=16, routed)          0.855     2.170    h1/Registers_reg_r1_0_31_0_5/WCLK
    SLICE_X2Y3           RAMD32                                       r  h1/Registers_reg_r1_0_31_0_5/RAMC/CLK
                         clock pessimism             -0.524     1.646    
    SLICE_X2Y3           RAMD32 (Hold_ramd32_CLK_I)
                                                      0.091     1.737    h1/Registers_reg_r1_0_31_0_5/RAMC
  -------------------------------------------------------------------
                         required time                         -1.737    
                         arrival time                           2.299    
  -------------------------------------------------------------------
                         slack                                  0.562    

Slack (MET) :             0.586ns  (arrival time - required time)
  Source:                 h1/Registers_reg_r1_0_31_0_5/RAMC_D1/CLK
                            (rising edge-triggered cell RAMD32 clocked by clk  {rise@0.000ns fall@5.000ns period=10.000ns})
  Destination:            h1/Registers_reg_r1_0_31_0_5/RAMC_D1/I
                            (rising edge-triggered cell RAMD32 clocked by clk  {rise@0.000ns fall@5.000ns period=10.000ns})
  Path Group:             clk
  Path Type:              Hold (Min at Fast Process Corner)
  Requirement:            0.000ns  (clk rise@0.000ns - clk rise@0.000ns)
  Data Path Delay:        0.654ns  (logic 0.371ns (56.702%)  route 0.283ns (43.298%))
  Logic Levels:           2  (CARRY4=1 LUT3=1)
  Clock Path Skew:        0.000ns (DCD - SCD - CPR)
    Destination Clock Delay (DCD):    2.170ns
    Source Clock Delay      (SCD):    1.632ns
    Clock Pessimism Removal (CPR):    0.538ns

    Location             Delay type                Incr(ns)  Path(ns)    Netlist Resource(s)
  -------------------------------------------------------------------    -------------------
                         (clock clk rise edge)        0.000     0.000 r  
    P23                                               0.000     0.000 r  clk (IN)
                         net (fo=0)                   0.000     0.000    clk
    P23                  IBUF (Prop_ibuf_I_O)         0.109     0.109 r  clk_IBUF_inst/O
                         net (fo=1, routed)           0.863     0.972    clk_IBUF
    BUFGCTRL_X0Y0        BUFG (Prop_bufg_I_O)         0.026     0.998 r  clk_IBUF_BUFG_inst/O
                         net (fo=16, routed)          0.634     1.632    h1/Registers_reg_r1_0_31_0_5/WCLK
    SLICE_X2Y3           RAMD32                                       r  h1/Registers_reg_r1_0_31_0_5/RAMC_D1/CLK
  -------------------------------------------------------------------    -------------------
    SLICE_X2Y3           RAMD32 (Prop_ramd32_CLK_O)
                                                      0.294     1.926 r  h1/Registers_reg_r1_0_31_0_5/RAMC_D1/O
                         net (fo=2, routed)           0.123     2.048    j1/ReadData10[4]
    SLICE_X3Y4           LUT3 (Prop_lut3_I0_O)        0.028     2.076 r  j1/debug_write_OBUF[6]_inst_i_4/O
                         net (fo=1, routed)           0.000     2.076    j1/debug_write_OBUF[6]_inst_i_4_n_0
    SLICE_X3Y4           CARRY4 (Prop_carry4_S[1]_O[1])
                                                      0.049     2.125 r  j1/debug_write_OBUF[6]_inst_i_1/O[1]
                         net (fo=3, routed)           0.161     2.286    h1/Registers_reg_r1_0_31_0_5/DIC1
    SLICE_X2Y3           RAMD32                                       r  h1/Registers_reg_r1_0_31_0_5/RAMC_D1/I
  -------------------------------------------------------------------    -------------------

                         (clock clk rise edge)        0.000     0.000 r  
    P23                                               0.000     0.000 r  clk (IN)
                         net (fo=0)                   0.000     0.000    clk
    P23                  IBUF (Prop_ibuf_I_O)         0.357     0.357 r  clk_IBUF_inst/O
                         net (fo=1, routed)           0.928     1.285    clk_IBUF
    BUFGCTRL_X0Y0        BUFG (Prop_bufg_I_O)         0.030     1.315 r  clk_IBUF_BUFG_inst/O
                         net (fo=16, routed)          0.855     2.170    h1/Registers_reg_r1_0_31_0_5/WCLK
    SLICE_X2Y3           RAMD32                                       r  h1/Registers_reg_r1_0_31_0_5/RAMC_D1/CLK
                         clock pessimism             -0.538     1.632    
    SLICE_X2Y3           RAMD32 (Hold_ramd32_CLK_I)
                                                      0.068     1.700    h1/Registers_reg_r1_0_31_0_5/RAMC_D1
  -------------------------------------------------------------------
                         required time                         -1.700    
                         arrival time                           2.286    
  -------------------------------------------------------------------
                         slack                                  0.586    

Slack (MET) :             0.613ns  (arrival time - required time)
  Source:                 h1/Registers_reg_r2_0_31_0_5/RAMA_D1/CLK
                            (rising edge-triggered cell RAMD32 clocked by clk  {rise@0.000ns fall@5.000ns period=10.000ns})
  Destination:            h1/Registers_reg_r1_0_31_0_5/RAMA_D1/I
                            (rising edge-triggered cell RAMD32 clocked by clk  {rise@0.000ns fall@5.000ns period=10.000ns})
  Path Group:             clk
  Path Type:              Hold (Min at Fast Process Corner)
  Requirement:            0.000ns  (clk rise@0.000ns - clk rise@0.000ns)
  Data Path Delay:        0.697ns  (logic 0.451ns (64.751%)  route 0.246ns (35.249%))
  Logic Levels:           2  (CARRY4=1 LUT3=1)
  Clock Path Skew:        0.014ns (DCD - SCD - CPR)
    Destination Clock Delay (DCD):    2.170ns
    Source Clock Delay      (SCD):    1.632ns
    Clock Pessimism Removal (CPR):    0.524ns

    Location             Delay type                Incr(ns)  Path(ns)    Netlist Resource(s)
  -------------------------------------------------------------------    -------------------
                         (clock clk rise edge)        0.000     0.000 r  
    P23                                               0.000     0.000 r  clk (IN)
                         net (fo=0)                   0.000     0.000    clk
    P23                  IBUF (Prop_ibuf_I_O)         0.109     0.109 r  clk_IBUF_inst/O
                         net (fo=1, routed)           0.863     0.972    clk_IBUF
    BUFGCTRL_X0Y0        BUFG (Prop_bufg_I_O)         0.026     0.998 r  clk_IBUF_BUFG_inst/O
                         net (fo=16, routed)          0.634     1.632    h1/Registers_reg_r2_0_31_0_5/WCLK
    SLICE_X2Y4           RAMD32                                       r  h1/Registers_reg_r2_0_31_0_5/RAMA_D1/CLK
  -------------------------------------------------------------------    -------------------
    SLICE_X2Y4           RAMD32 (Prop_ramd32_CLK_O)
                                                      0.374     2.006 r  h1/Registers_reg_r2_0_31_0_5/RAMA_D1/O
                         net (fo=1, routed)           0.122     2.128    j1/ReadData20[0]
    SLICE_X3Y3           LUT3 (Prop_lut3_I2_O)        0.028     2.156 r  j1/debug_write_OBUF[3]_inst_i_9/O
                         net (fo=1, routed)           0.000     2.156    j1/debug_write_OBUF[3]_inst_i_9_n_0
    SLICE_X3Y3           CARRY4 (Prop_carry4_S[1]_O[1])
                                                      0.049     2.205 r  j1/debug_write_OBUF[3]_inst_i_1/O[1]
                         net (fo=3, routed)           0.123     2.328    h1/Registers_reg_r1_0_31_0_5/DIA1
    SLICE_X2Y3           RAMD32                                       r  h1/Registers_reg_r1_0_31_0_5/RAMA_D1/I
  -------------------------------------------------------------------    -------------------

                         (clock clk rise edge)        0.000     0.000 r  
    P23                                               0.000     0.000 r  clk (IN)
                         net (fo=0)                   0.000     0.000    clk
    P23                  IBUF (Prop_ibuf_I_O)         0.357     0.357 r  clk_IBUF_inst/O
                         net (fo=1, routed)           0.928     1.285    clk_IBUF
    BUFGCTRL_X0Y0        BUFG (Prop_bufg_I_O)         0.030     1.315 r  clk_IBUF_BUFG_inst/O
                         net (fo=16, routed)          0.855     2.170    h1/Registers_reg_r1_0_31_0_5/WCLK
    SLICE_X2Y3           RAMD32                                       r  h1/Registers_reg_r1_0_31_0_5/RAMA_D1/CLK
                         clock pessimism             -0.524     1.646    
    SLICE_X2Y3           RAMD32 (Hold_ramd32_CLK_I)
                                                      0.070     1.716    h1/Registers_reg_r1_0_31_0_5/RAMA_D1
  -------------------------------------------------------------------
                         required time                         -1.716    
                         arrival time                           2.328    
  -------------------------------------------------------------------
                         slack                                  0.613    

Slack (MET) :             0.616ns  (arrival time - required time)
  Source:                 h1/Registers_reg_r1_0_31_0_5/RAMB/CLK
                            (rising edge-triggered cell RAMD32 clocked by clk  {rise@0.000ns fall@5.000ns period=10.000ns})
  Destination:            h1/Registers_reg_r2_0_31_0_5/RAMB/I
                            (rising edge-triggered cell RAMD32 clocked by clk  {rise@0.000ns fall@5.000ns period=10.000ns})
  Path Group:             clk
  Path Type:              Hold (Min at Fast Process Corner)
  Requirement:            0.000ns  (clk rise@0.000ns - clk rise@0.000ns)
  Data Path Delay:        0.723ns  (logic 0.423ns (58.493%)  route 0.300ns (41.507%))
  Logic Levels:           2  (CARRY4=1 LUT3=1)
  Clock Path Skew:        0.014ns (DCD - SCD - CPR)
    Destination Clock Delay (DCD):    2.170ns
    Source Clock Delay      (SCD):    1.632ns
    Clock Pessimism Removal (CPR):    0.524ns

    Location             Delay type                Incr(ns)  Path(ns)    Netlist Resource(s)
  -------------------------------------------------------------------    -------------------
                         (clock clk rise edge)        0.000     0.000 r  
    P23                                               0.000     0.000 r  clk (IN)
                         net (fo=0)                   0.000     0.000    clk
    P23                  IBUF (Prop_ibuf_I_O)         0.109     0.109 r  clk_IBUF_inst/O
                         net (fo=1, routed)           0.863     0.972    clk_IBUF
    BUFGCTRL_X0Y0        BUFG (Prop_bufg_I_O)         0.026     0.998 r  clk_IBUF_BUFG_inst/O
                         net (fo=16, routed)          0.634     1.632    h1/Registers_reg_r1_0_31_0_5/WCLK
    SLICE_X2Y3           RAMD32                                       r  h1/Registers_reg_r1_0_31_0_5/RAMB/CLK
  -------------------------------------------------------------------    -------------------
    SLICE_X2Y3           RAMD32 (Prop_ramd32_CLK_O)
                                                      0.301     1.933 r  h1/Registers_reg_r1_0_31_0_5/RAMB/O
                         net (fo=2, routed)           0.131     2.064    j1/ReadData10[1]
    SLICE_X3Y3           LUT3 (Prop_lut3_I0_O)        0.071     2.135 r  j1/debug_write_OBUF[3]_inst_i_8/O
                         net (fo=1, routed)           0.000     2.135    j1/debug_write_OBUF[3]_inst_i_8_n_0
    SLICE_X3Y3           CARRY4 (Prop_carry4_S[2]_O[2])
                                                      0.051     2.186 r  j1/debug_write_OBUF[3]_inst_i_1/O[2]
                         net (fo=3, routed)           0.169     2.355    h1/Registers_reg_r2_0_31_0_5/DIB0
    SLICE_X2Y4           RAMD32                                       r  h1/Registers_reg_r2_0_31_0_5/RAMB/I
  -------------------------------------------------------------------    -------------------

                         (clock clk rise edge)        0.000     0.000 r  
    P23                                               0.000     0.000 r  clk (IN)
                         net (fo=0)                   0.000     0.000    clk
    P23                  IBUF (Prop_ibuf_I_O)         0.357     0.357 r  clk_IBUF_inst/O
                         net (fo=1, routed)           0.928     1.285    clk_IBUF
    BUFGCTRL_X0Y0        BUFG (Prop_bufg_I_O)         0.030     1.315 r  clk_IBUF_BUFG_inst/O
                         net (fo=16, routed)          0.855     2.170    h1/Registers_reg_r2_0_31_0_5/WCLK
    SLICE_X2Y4           RAMD32                                       r  h1/Registers_reg_r2_0_31_0_5/RAMB/CLK
                         clock pessimism             -0.524     1.646    
    SLICE_X2Y4           RAMD32 (Hold_ramd32_CLK_I)
                                                      0.093     1.739    h1/Registers_reg_r2_0_31_0_5/RAMB
  -------------------------------------------------------------------
                         required time                         -1.739    
                         arrival time                           2.355    
  -------------------------------------------------------------------
                         slack                                  0.616    

Slack (MET) :             0.642ns  (arrival time - required time)
  Source:                 h1/Registers_reg_r2_0_31_0_5/RAMB/CLK
                            (rising edge-triggered cell RAMD32 clocked by clk  {rise@0.000ns fall@5.000ns period=10.000ns})
  Destination:            h1/Registers_reg_r1_0_31_0_5/RAMB/I
                            (rising edge-triggered cell RAMD32 clocked by clk  {rise@0.000ns fall@5.000ns period=10.000ns})
  Path Group:             clk
  Path Type:              Hold (Min at Fast Process Corner)
  Requirement:            0.000ns  (clk rise@0.000ns - clk rise@0.000ns)
  Data Path Delay:        0.749ns  (logic 0.423ns (56.449%)  route 0.326ns (43.551%))
  Logic Levels:           2  (CARRY4=1 LUT3=1)
  Clock Path Skew:        0.014ns (DCD - SCD - CPR)
    Destination Clock Delay (DCD):    2.170ns
    Source Clock Delay      (SCD):    1.632ns
    Clock Pessimism Removal (CPR):    0.524ns

    Location             Delay type                Incr(ns)  Path(ns)    Netlist Resource(s)
  -------------------------------------------------------------------    -------------------
                         (clock clk rise edge)        0.000     0.000 r  
    P23                                               0.000     0.000 r  clk (IN)
                         net (fo=0)                   0.000     0.000    clk
    P23                  IBUF (Prop_ibuf_I_O)         0.109     0.109 r  clk_IBUF_inst/O
                         net (fo=1, routed)           0.863     0.972    clk_IBUF
    BUFGCTRL_X0Y0        BUFG (Prop_bufg_I_O)         0.026     0.998 r  clk_IBUF_BUFG_inst/O
                         net (fo=16, routed)          0.634     1.632    h1/Registers_reg_r2_0_31_0_5/WCLK
    SLICE_X2Y4           RAMD32                                       r  h1/Registers_reg_r2_0_31_0_5/RAMB/CLK
  -------------------------------------------------------------------    -------------------
    SLICE_X2Y4           RAMD32 (Prop_ramd32_CLK_O)
                                                      0.301     1.933 r  h1/Registers_reg_r2_0_31_0_5/RAMB/O
                         net (fo=1, routed)           0.122     2.055    j1/ReadData20[1]
    SLICE_X3Y3           LUT3 (Prop_lut3_I2_O)        0.071     2.126 r  j1/debug_write_OBUF[3]_inst_i_8/O
                         net (fo=1, routed)           0.000     2.126    j1/debug_write_OBUF[3]_inst_i_8_n_0
    SLICE_X3Y3           CARRY4 (Prop_carry4_S[2]_O[2])
                                                      0.051     2.177 r  j1/debug_write_OBUF[3]_inst_i_1/O[2]
                         net (fo=3, routed)           0.204     2.381    h1/Registers_reg_r1_0_31_0_5/DIB0
    SLICE_X2Y3           RAMD32                                       r  h1/Registers_reg_r1_0_31_0_5/RAMB/I
  -------------------------------------------------------------------    -------------------

                         (clock clk rise edge)        0.000     0.000 r  
    P23                                               0.000     0.000 r  clk (IN)
                         net (fo=0)                   0.000     0.000    clk
    P23                  IBUF (Prop_ibuf_I_O)         0.357     0.357 r  clk_IBUF_inst/O
                         net (fo=1, routed)           0.928     1.285    clk_IBUF
    BUFGCTRL_X0Y0        BUFG (Prop_bufg_I_O)         0.030     1.315 r  clk_IBUF_BUFG_inst/O
                         net (fo=16, routed)          0.855     2.170    h1/Registers_reg_r1_0_31_0_5/WCLK
    SLICE_X2Y3           RAMD32                                       r  h1/Registers_reg_r1_0_31_0_5/RAMB/CLK
                         clock pessimism             -0.524     1.646    
    SLICE_X2Y3           RAMD32 (Hold_ramd32_CLK_I)
                                                      0.093     1.739    h1/Registers_reg_r1_0_31_0_5/RAMB
  -------------------------------------------------------------------
                         required time                         -1.739    
                         arrival time                           2.381    
  -------------------------------------------------------------------
                         slack                                  0.642    

Slack (MET) :             0.675ns  (arrival time - required time)
  Source:                 h1/Registers_reg_r1_0_31_0_5/RAMA_D1/CLK
                            (rising edge-triggered cell RAMD32 clocked by clk  {rise@0.000ns fall@5.000ns period=10.000ns})
  Destination:            h1/Registers_reg_r2_0_31_0_5/RAMA_D1/I
                            (rising edge-triggered cell RAMD32 clocked by clk  {rise@0.000ns fall@5.000ns period=10.000ns})
  Path Group:             clk
  Path Type:              Hold (Min at Fast Process Corner)
  Requirement:            0.000ns  (clk rise@0.000ns - clk rise@0.000ns)
  Data Path Delay:        0.759ns  (logic 0.451ns (59.447%)  route 0.308ns (40.553%))
  Logic Levels:           2  (CARRY4=1 LUT3=1)
  Clock Path Skew:        0.014ns (DCD - SCD - CPR)
    Destination Clock Delay (DCD):    2.170ns
    Source Clock Delay      (SCD):    1.632ns
    Clock Pessimism Removal (CPR):    0.524ns

    Location             Delay type                Incr(ns)  Path(ns)    Netlist Resource(s)
  -------------------------------------------------------------------    -------------------
                         (clock clk rise edge)        0.000     0.000 r  
    P23                                               0.000     0.000 r  clk (IN)
                         net (fo=0)                   0.000     0.000    clk
    P23                  IBUF (Prop_ibuf_I_O)         0.109     0.109 r  clk_IBUF_inst/O
                         net (fo=1, routed)           0.863     0.972    clk_IBUF
    BUFGCTRL_X0Y0        BUFG (Prop_bufg_I_O)         0.026     0.998 r  clk_IBUF_BUFG_inst/O
                         net (fo=16, routed)          0.634     1.632    h1/Registers_reg_r1_0_31_0_5/WCLK
    SLICE_X2Y3           RAMD32                                       r  h1/Registers_reg_r1_0_31_0_5/RAMA_D1/CLK
  -------------------------------------------------------------------    -------------------
    SLICE_X2Y3           RAMD32 (Prop_ramd32_CLK_O)
                                                      0.374     2.006 r  h1/Registers_reg_r1_0_31_0_5/RAMA_D1/O
                         net (fo=2, routed)           0.131     2.137    j1/ReadData10[0]
    SLICE_X3Y3           LUT3 (Prop_lut3_I0_O)        0.028     2.165 r  j1/debug_write_OBUF[3]_inst_i_9/O
                         net (fo=1, routed)           0.000     2.165    j1/debug_write_OBUF[3]_inst_i_9_n_0
    SLICE_X3Y3           CARRY4 (Prop_carry4_S[1]_O[1])
                                                      0.049     2.214 r  j1/debug_write_OBUF[3]_inst_i_1/O[1]
                         net (fo=3, routed)           0.177     2.391    h1/Registers_reg_r2_0_31_0_5/DIA1
    SLICE_X2Y4           RAMD32                                       r  h1/Registers_reg_r2_0_31_0_5/RAMA_D1/I
  -------------------------------------------------------------------    -------------------

                         (clock clk rise edge)        0.000     0.000 r  
    P23                                               0.000     0.000 r  clk (IN)
                         net (fo=0)                   0.000     0.000    clk
    P23                  IBUF (Prop_ibuf_I_O)         0.357     0.357 r  clk_IBUF_inst/O
                         net (fo=1, routed)           0.928     1.285    clk_IBUF
    BUFGCTRL_X0Y0        BUFG (Prop_bufg_I_O)         0.030     1.315 r  clk_IBUF_BUFG_inst/O
                         net (fo=16, routed)          0.855     2.170    h1/Registers_reg_r2_0_31_0_5/WCLK
    SLICE_X2Y4           RAMD32                                       r  h1/Registers_reg_r2_0_31_0_5/RAMA_D1/CLK
                         clock pessimism             -0.524     1.646    
    SLICE_X2Y4           RAMD32 (Hold_ramd32_CLK_I)
                                                      0.070     1.716    h1/Registers_reg_r2_0_31_0_5/RAMA_D1
  -------------------------------------------------------------------
                         required time                         -1.716    
                         arrival time                           2.391    
  -------------------------------------------------------------------
                         slack                                  0.675    

Slack (MET) :             0.741ns  (arrival time - required time)
  Source:                 h1/Registers_reg_r1_0_31_0_5/RAMC_D1/CLK
                            (rising edge-triggered cell RAMD32 clocked by clk  {rise@0.000ns fall@5.000ns period=10.000ns})
  Destination:            h1/Registers_reg_r2_0_31_0_5/RAMC_D1/I
                            (rising edge-triggered cell RAMD32 clocked by clk  {rise@0.000ns fall@5.000ns period=10.000ns})
  Path Group:             clk
  Path Type:              Hold (Min at Fast Process Corner)
  Requirement:            0.000ns  (clk rise@0.000ns - clk rise@0.000ns)
  Data Path Delay:        0.823ns  (logic 0.371ns (45.083%)  route 0.452ns (54.917%))
  Logic Levels:           2  (CARRY4=1 LUT3=1)
  Clock Path Skew:        0.014ns (DCD - SCD - CPR)
    Destination Clock Delay (DCD):    2.170ns
    Source Clock Delay      (SCD):    1.632ns
    Clock Pessimism Removal (CPR):    0.524ns

    Location             Delay type                Incr(ns)  Path(ns)    Netlist Resource(s)
  -------------------------------------------------------------------    -------------------
                         (clock clk rise edge)        0.000     0.000 r  
    P23                                               0.000     0.000 r  clk (IN)
                         net (fo=0)                   0.000     0.000    clk
    P23                  IBUF (Prop_ibuf_I_O)         0.109     0.109 r  clk_IBUF_inst/O
                         net (fo=1, routed)           0.863     0.972    clk_IBUF
    BUFGCTRL_X0Y0        BUFG (Prop_bufg_I_O)         0.026     0.998 r  clk_IBUF_BUFG_inst/O
                         net (fo=16, routed)          0.634     1.632    h1/Registers_reg_r1_0_31_0_5/WCLK
    SLICE_X2Y3           RAMD32                                       r  h1/Registers_reg_r1_0_31_0_5/RAMC_D1/CLK
  -------------------------------------------------------------------    -------------------
    SLICE_X2Y3           RAMD32 (Prop_ramd32_CLK_O)
                                                      0.294     1.926 r  h1/Registers_reg_r1_0_31_0_5/RAMC_D1/O
                         net (fo=2, routed)           0.123     2.048    j1/ReadData10[4]
    SLICE_X3Y4           LUT3 (Prop_lut3_I0_O)        0.028     2.076 r  j1/debug_write_OBUF[6]_inst_i_4/O
                         net (fo=1, routed)           0.000     2.076    j1/debug_write_OBUF[6]_inst_i_4_n_0
    SLICE_X3Y4           CARRY4 (Prop_carry4_S[1]_O[1])
                                                      0.049     2.125 r  j1/debug_write_OBUF[6]_inst_i_1/O[1]
                         net (fo=3, routed)           0.329     2.455    h1/Registers_reg_r2_0_31_0_5/DIC1
    SLICE_X2Y4           RAMD32                                       r  h1/Registers_reg_r2_0_31_0_5/RAMC_D1/I
  -------------------------------------------------------------------    -------------------

                         (clock clk rise edge)        0.000     0.000 r  
    P23                                               0.000     0.000 r  clk (IN)
                         net (fo=0)                   0.000     0.000    clk
    P23                  IBUF (Prop_ibuf_I_O)         0.357     0.357 r  clk_IBUF_inst/O
                         net (fo=1, routed)           0.928     1.285    clk_IBUF
    BUFGCTRL_X0Y0        BUFG (Prop_bufg_I_O)         0.030     1.315 r  clk_IBUF_BUFG_inst/O
                         net (fo=16, routed)          0.855     2.170    h1/Registers_reg_r2_0_31_0_5/WCLK
    SLICE_X2Y4           RAMD32                                       r  h1/Registers_reg_r2_0_31_0_5/RAMC_D1/CLK
                         clock pessimism             -0.524     1.646    
    SLICE_X2Y4           RAMD32 (Hold_ramd32_CLK_I)
                                                      0.068     1.714    h1/Registers_reg_r2_0_31_0_5/RAMC_D1
  -------------------------------------------------------------------
                         required time                         -1.714    
                         arrival time                           2.455    
  -------------------------------------------------------------------
                         slack                                  0.741    





Pulse Width Checks
--------------------------------------------------------------------------------------
Clock Name:         clk
Waveform(ns):       { 0.000 5.000 }
Period(ns):         10.000
Sources:            { clk }

Check Type        Corner  Lib Pin     Reference Pin  Required(ns)  Actual(ns)  Slack(ns)  Location       Pin
Min Period        n/a     BUFG/I      n/a            1.600         10.000      8.400      BUFGCTRL_X0Y0  clk_IBUF_BUFG_inst/I
Low Pulse Width   Fast    RAMD32/CLK  n/a            0.910         5.000       4.090      SLICE_X2Y3     h1/Registers_reg_r1_0_31_0_5/RAMA/CLK
Low Pulse Width   Fast    RAMD32/CLK  n/a            0.910         5.000       4.090      SLICE_X2Y3     h1/Registers_reg_r1_0_31_0_5/RAMA_D1/CLK
Low Pulse Width   Fast    RAMD32/CLK  n/a            0.910         5.000       4.090      SLICE_X2Y3     h1/Registers_reg_r1_0_31_0_5/RAMB/CLK
Low Pulse Width   Fast    RAMD32/CLK  n/a            0.910         5.000       4.090      SLICE_X2Y3     h1/Registers_reg_r1_0_31_0_5/RAMB_D1/CLK
Low Pulse Width   Fast    RAMD32/CLK  n/a            0.910         5.000       4.090      SLICE_X2Y3     h1/Registers_reg_r1_0_31_0_5/RAMC/CLK
Low Pulse Width   Fast    RAMD32/CLK  n/a            0.910         5.000       4.090      SLICE_X2Y3     h1/Registers_reg_r1_0_31_0_5/RAMC_D1/CLK
Low Pulse Width   Fast    RAMS32/CLK  n/a            0.910         5.000       4.090      SLICE_X2Y3     h1/Registers_reg_r1_0_31_0_5/RAMD/CLK
Low Pulse Width   Fast    RAMS32/CLK  n/a            0.910         5.000       4.090      SLICE_X2Y3     h1/Registers_reg_r1_0_31_0_5/RAMD_D1/CLK
Low Pulse Width   Fast    RAMD32/CLK  n/a            0.910         5.000       4.090      SLICE_X2Y4     h1/Registers_reg_r2_0_31_0_5/RAMA/CLK
Low Pulse Width   Fast    RAMD32/CLK  n/a            0.910         5.000       4.090      SLICE_X2Y4     h1/Registers_reg_r2_0_31_0_5/RAMA_D1/CLK
High Pulse Width  Slow    RAMD32/CLK  n/a            0.910         5.000       4.090      SLICE_X2Y3     h1/Registers_reg_r1_0_31_0_5/RAMA/CLK
High Pulse Width  Slow    RAMD32/CLK  n/a            0.910         5.000       4.090      SLICE_X2Y3     h1/Registers_reg_r1_0_31_0_5/RAMA_D1/CLK
High Pulse Width  Slow    RAMD32/CLK  n/a            0.910         5.000       4.090      SLICE_X2Y3     h1/Registers_reg_r1_0_31_0_5/RAMB/CLK
High Pulse Width  Slow    RAMD32/CLK  n/a            0.910         5.000       4.090      SLICE_X2Y3     h1/Registers_reg_r1_0_31_0_5/RAMB_D1/CLK
High Pulse Width  Slow    RAMD32/CLK  n/a            0.910         5.000       4.090      SLICE_X2Y3     h1/Registers_reg_r1_0_31_0_5/RAMC/CLK
High Pulse Width  Slow    RAMD32/CLK  n/a            0.910         5.000       4.090      SLICE_X2Y3     h1/Registers_reg_r1_0_31_0_5/RAMC_D1/CLK
High Pulse Width  Slow    RAMS32/CLK  n/a            0.910         5.000       4.090      SLICE_X2Y3     h1/Registers_reg_r1_0_31_0_5/RAMD/CLK
High Pulse Width  Slow    RAMS32/CLK  n/a            0.910         5.000       4.090      SLICE_X2Y3     h1/Registers_reg_r1_0_31_0_5/RAMD_D1/CLK
High Pulse Width  Slow    RAMD32/CLK  n/a            0.910         5.000       4.090      SLICE_X2Y4     h1/Registers_reg_r2_0_31_0_5/RAMA/CLK
High Pulse Width  Slow    RAMD32/CLK  n/a            0.910         5.000       4.090      SLICE_X2Y4     h1/Registers_reg_r2_0_31_0_5/RAMA_D1/CLK



